{"type":"FeatureCollection","features":[{"type":"Feature","properties":{"id":"0016lac","name":"Schieferstraße","kind":"minor","district":"kornelimuenster-walheim","level":"kornelimuenster-walheim-6","importance":1215,"center":[6.15271,50.721432],"length":429},"geometry":{"type":"MultiLineString","coordinates":[[[6.150395,50.721975],[6.153387,50.721273],[6.154206,50.721129],[6.154527,50.721112],[6.154789,50.721145],[6.155081,50.721202],[6.155482,50.72134]],[[6.151039,50.722249],[6.151104,50.721807]]]},"id":1},{"type":"Feature","properties":{"id":"003v40i","name":"Goethestraße","kind":"minor","district":"aachen-mitte","level":"aachen-mitte-21","importance":1275,"center":[6.077691,50.762774],"length":550},"geometry":{"type":"MultiLineString","coordinates":[[[6.075857,50.762395],[6.078457,50.762929],[6.078717,50.763014]],[[6.078717,50.763014],[6.078822,50.763082],[6.07997,50.764281],[6.079981,50.764408]],[[6.079981,50.764408],[6.079954,50.764511]],[[6.073913,50.76198],[6.075857,50.762395]]]},"id":2},{"type":"Feature","properties":{"id":"006ke4v","name":"Kleinkölnstraße","kind":"minor","district":"aachen-mitte","level":"aachen-mitte-9","importance":1060,"center":[6.085742,50.776778],"length":119},"geometry":{"type":"LineString","coordinates":[[6.085104,50.776392],[6.085293,50.776528],[6.085572,50.776664],[6.086282,50.777161]]},"id":3},{"type":"Feature","properties":{"id":"0077jfy","name":"Am Branderhof","kind":"minor","district":"aachen-mitte","level":"aachen-mitte-31","importance":1256,"center":[6.108533,50.76105],"length":511},"geometry":{"type":"MultiLineString","coordinates":[[[6.10753,50.760282],[6.108825,50.761282],[6.109223,50.761545],[6.109464,50.761657],[6.110038,50.761792],[6.110662,50.761887],[6.111344,50.762053]],[[6.10753,50.760282],[6.107186,50.760021],[6.106927,50.759871],[6.106679,50.759776],[6.10605,50.75961],[6.105561,50.759546]]]},"id":4},{"type":"Feature","properties":{"id":"0077wcy","name":"Grüneck","kind":"minor","district":"aachen-mitte","level":"aachen-mitte-21","importance":1074,"center":[6.068251,50.767819],"length":147},"geometry":{"type":"LineString","coordinates":[[6.067377,50.768209],[6.06821,50.767815],[6.068293,50.767824],[6.068855,50.768323]]},"id":5},{"type":"Feature","properties":{"id":"007taah","name":"Fringsgraben","kind":"minor","district":"aachen-mitte","level":"aachen-mitte-37","importance":1290,"center":[6.142552,50.774296],"length":580},"geometry":{"type":"LineString","coordinates":[[6.141043,50.776887],[6.14168,50.776142],[6.143081,50.774829],[6.142038,50.773793],[6.14178,50.773619],[6.140169,50.772785]]},"id":6},{"type":"Feature","properties":{"id":"00ban6j","name":"Thiensweg","kind":"minor","district":"aachen-mitte","level":"aachen-mitte-31","importance":1059,"center":[6.122745,50.764671],"length":117},"geometry":{"type":"MultiLineString","coordinates":[[[6.122779,50.764634],[6.122319,50.765121]],[[6.12319,50.76422],[6.122779,50.764634]]]},"id":7},{"type":"Feature","properties":{"id":"00ceeqz","name":"Spaakallee","kind":"minor","district":"aachen-mitte","level":"aachen-mitte-30","importance":1095,"center":[6.097853,50.754428],"length":191},"geometry":{"type":"LineString","coordinates":[[6.096694,50.754006],[6.099034,50.754876]]},"id":8},{"type":"Feature","properties":{"id":"00cfnw9","name":"Karlsburgweg","kind":"minor","district":"aachen-mitte","level":"aachen-mitte-17","importance":1077,"center":[6.099863,50.782129],"length":155},"geometry":{"type":"LineString","coordinates":[[6.100679,50.782714],[6.099886,50.78214],[6.09978,50.782107],[6.099669,50.782126],[6.09907,50.782418]]},"id":9},{"type":"Feature","properties":{"id":"00jwdn0","name":"Marita-Loersch-Weg","kind":"minor","district":"aachen-mitte","level":"aachen-mitte-10","importance":1038,"center":[6.078809,50.772887],"length":76},"geometry":{"type":"MultiLineString","coordinates":[[[6.079356,50.772976],[6.079194,50.772948],[6.079048,50.772876],[6.078554,50.772911]],[[6.078479,50.772975],[6.078416,50.77302]],[[6.078554,50.772911],[6.078479,50.772975]]]},"id":10},{"type":"Feature","properties":{"id":"00k4q89","name":"Schumacherstraße","kind":"minor","district":"aachen-mitte","level":"aachen-mitte-11","importance":1064,"center":[6.091926,50.777027],"length":128},"geometry":{"type":"LineString","coordinates":[[6.09139,50.777468],[6.091776,50.777173],[6.092437,50.776534]]},"id":11},{"type":"Feature","properties":{"id":"00ktsqk","name":"Madrider Ring","kind":"major","district":"aachen-mitte","level":"aachen-mitte-7","importance":4000,"center":[6.136536,50.770229],"length":4277},"geometry":{"type":"MultiLineString","coordinates":[[[6.141918,50.77722],[6.143367,50.776157],[6.143665,50.775866],[6.143857,50.775617],[6.144023,50.775299],[6.144126,50.774872],[6.144104,50.774448],[6.144036,50.774204],[6.143806,50.773779],[6.143666,50.773595],[6.143236,50.773207],[6.142652,50.772854],[6.140663,50.771872]],[[6.137561,50.77045],[6.137636,50.770341]],[[6.129624,50.768192],[6.129001,50.767891],[6.128396,50.76753],[6.127824,50.767135]],[[6.127249,50.766492],[6.127647,50.766853],[6.128318,50.767359],[6.129401,50.768004]],[[6.129624,50.768192],[6.129401,50.768004]],[[6.126962,50.766051],[6.127624,50.76671],[6.128046,50.767047]],[[6.129401,50.768004],[6.129896,50.768187]],[[6.131667,50.769117],[6.132507,50.769537],[6.132884,50.76968],[6.133554,50.769855],[6.134688,50.769991],[6.135922,50.770052]],[[6.138765,50.770788],[6.140012,50.771404]],[[6.140012,50.771404],[6.142796,50.772779],[6.143406,50.773154],[6.14381,50.773521],[6.144104,50.773933],[6.144212,50.774181],[6.144311,50.774641],[6.144279,50.775061],[6.144197,50.775332],[6.144063,50.775605],[6.143825,50.775926]],[[6.139868,50.771479],[6.139229,50.771163]],[[6.138644,50.770873],[6.137983,50.770599]],[[6.137561,50.77045],[6.136988,50.770303],[6.136333,50.770202],[6.134315,50.770057],[6.133585,50.769963],[6.132886,50.769798],[6.132422,50.769629]],[[6.137636,50.770341],[6.138229,50.77055],[6.138765,50.770788]],[[6.126872,50.766113],[6.127249,50.766492]],[[6.140663,50.771872],[6.139868,50.771479]],[[6.131537,50.769206],[6.131025,50.76893]],[[6.137007,50.770191],[6.137636,50.770341]],[[6.137983,50.770599],[6.137561,50.77045]],[[6.135922,50.770052],[6.136358,50.770089],[6.137007,50.770191]],[[6.139229,50.771163],[6.138644,50.770873]],[[6.127489,50.766865],[6.126758,50.766138]],[[6.132422,50.769629],[6.131537,50.769206]],[[6.143578,50.776175],[6.142199,50.777178]],[[6.143825,50.775926],[6.143578,50.776175]],[[6.131025,50.76893],[6.129624,50.768192]],[[6.129896,50.768187],[6.130567,50.768542]],[[6.130567,50.768542],[6.131126,50.768837]],[[6.127824,50.767135],[6.127489,50.766865]],[[6.128046,50.767047],[6.128785,50.767542],[6.129896,50.768187]],[[6.142199,50.777178],[6.142046,50.777285]],[[6.131126,50.768837],[6.131667,50.769117]]]},"id":12},{"type":"Feature","properties":{"id":"00lmgzw","name":"In den Kronprinzengärten","kind":"minor","district":"aachen-mitte","level":"aachen-mitte-26","importance":1093,"center":[6.113281,50.770311],"length":185},"geometry":{"type":"LineString","coordinates":[[6.112763,50.769586],[6.112558,50.770223],[6.114131,50.770418]]},"id":13},{"type":"Feature","properties":{"id":"00pgc2y","name":"Weißenburger Straße","kind":"minor","district":"aachen-mitte","level":"aachen-mitte-26","importance":1108,"center":[6.116926,50.771815],"length":216},"geometry":{"type":"LineString","coordinates":[[6.115584,50.771052],[6.117866,50.772349]]},"id":14},{"type":"Feature","properties":{"id":"00qrz5h","name":"Friedrich-Ebert-Allee","kind":"major","district":"aachen-mitte","level":"aachen-mitte-5","importance":3223,"center":[6.098658,50.764215],"length":445},"geometry":{"type":"MultiLineString","coordinates":[[[6.098691,50.765795],[6.098744,50.765872],[6.098736,50.766248]],[[6.097052,50.762777],[6.097585,50.763238]],[[6.09927,50.7649],[6.099222,50.765168]],[[6.099222,50.765168],[6.09885,50.765673],[6.098691,50.765795]],[[6.097712,50.763356],[6.098549,50.764118]],[[6.098549,50.764118],[6.098932,50.764466]],[[6.098932,50.764466],[6.099213,50.764761]],[[6.097585,50.763238],[6.097712,50.763356]],[[6.099213,50.764761],[6.09927,50.7649]]]},"id":15},{"type":"Feature","properties":{"id":"00so2rj","name":"Nizzaallee","kind":"minor","district":"aachen-mitte","level":"aachen-mitte-15","importance":1492,"center":[6.077276,50.785355],"length":985},"geometry":{"type":"MultiLineString","coordinates":[[[6.081076,50.783575],[6.079445,50.784239],[6.079416,50.784308],[6.07945,50.784401]],[[6.071954,50.788093],[6.07215,50.788143],[6.072288,50.788085],[6.074438,50.7869],[6.076004,50.786133],[6.077629,50.785147],[6.078821,50.784525],[6.078979,50.784466],[6.079565,50.784381],[6.080575,50.784131],[6.081372,50.783844]]]},"id":16},{"type":"Feature","properties":{"id":"00tz1yh","name":"Brunnenweg","kind":"minor","district":"laurensberg","level":"laurensberg-3","importance":1065,"center":[6.054644,50.798359],"length":130},"geometry":{"type":"LineString","coordinates":[[6.054915,50.798913],[6.054569,50.798255],[6.054131,50.798026],[6.053957,50.798012]]},"id":17},{"type":"Feature","properties":{"id":"00v19ug","name":"Talbotstraße","kind":"minor","district":"aachen-mitte","level":"aachen-mitte-26","importance":1331,"center":[6.115189,50.78473],"length":662},"geometry":{"type":"MultiLineString","coordinates":[[[6.115217,50.785321],[6.1154,50.785233]],[[6.112388,50.78642],[6.114916,50.785503],[6.115217,50.785321]],[[6.115447,50.785212],[6.115612,50.785137]],[[6.115612,50.785137],[6.115635,50.785126]],[[6.114748,50.784114],[6.115593,50.783845]],[[6.115635,50.785126],[6.114666,50.784266],[6.114647,50.784183],[6.114748,50.784114]],[[6.1154,50.785233],[6.115447,50.785212]],[[6.115593,50.783845],[6.116598,50.783512]],[[6.115764,50.783786],[6.115646,50.783951],[6.115685,50.784063],[6.115757,50.784138],[6.115919,50.784204],[6.116364,50.784569]]]},"id":18},{"type":"Feature","properties":{"id":"00xjbky","name":"Hörnstieg","kind":"minor","district":"aachen-mitte","level":"aachen-mitte-19","importance":1107,"center":[6.057432,50.783324],"length":215},"geometry":{"type":"LineString","coordinates":[[6.058216,50.784059],[6.05758,50.783623],[6.05748,50.783465],[6.057118,50.78232]]},"id":19},{"type":"Feature","properties":{"id":"00yfem9","name":"Westend","kind":"minor","district":"aachen-mitte","level":"aachen-mitte-18","importance":1119,"center":[6.066703,50.768618],"length":239},"geometry":{"type":"MultiLineString","coordinates":[[[6.067377,50.768209],[6.066846,50.768499],[6.066522,50.768773],[6.066531,50.768816],[6.066833,50.769058]],[[6.066522,50.768773],[6.066405,50.768744],[6.06612,50.768539],[6.066121,50.768489],[6.066397,50.768303],[6.066445,50.768302],[6.066846,50.768499]]]},"id":20},{"type":"Feature","properties":{"id":"00zi7cx","name":"Weingartshof","kind":"minor","district":"aachen-mitte","level":"aachen-mitte-25","importance":1036,"center":[6.098809,50.762927],"length":72},"geometry":{"type":"MultiLineString","coordinates":[[[6.098521,50.76284],[6.098415,50.762807]],[[6.098863,50.763],[6.098762,50.762866]],[[6.098762,50.762866],[6.099028,50.762881],[6.099171,50.762828]],[[6.098762,50.762866],[6.098521,50.76284]]]},"id":21},{"type":"Feature","properties":{"id":"011ewrq","name":"Peterstraße","kind":"major","district":"aachen-mitte","level":"aachen-mitte-2","importance":3346,"center":[6.09096,50.777231],"length":692},"geometry":{"type":"MultiLineString","coordinates":[[[6.087885,50.774834],[6.088244,50.775301]],[[6.09411,50.778236],[6.093891,50.778263],[6.093431,50.778152],[6.093157,50.778042]],[[6.089763,50.776465],[6.090122,50.776703]],[[6.09139,50.777468],[6.091803,50.777622]],[[6.090122,50.776703],[6.090289,50.776806]],[[6.08906,50.776013],[6.089763,50.776465]],[[6.088244,50.775301],[6.088534,50.775596]],[[6.091161,50.777358],[6.09139,50.777468]],[[6.090869,50.777171],[6.091161,50.777358]],[[6.092756,50.777878],[6.092941,50.777921]],[[6.093346,50.777987],[6.093965,50.778131],[6.09411,50.778236]],[[6.090528,50.776954],[6.090869,50.777171]],[[6.092403,50.777797],[6.092756,50.777878]],[[6.093169,50.777943],[6.093346,50.777987]],[[6.092941,50.777921],[6.093169,50.777943]],[[6.093157,50.778042],[6.092941,50.777921]],[[6.092154,50.777735],[6.092403,50.777797]],[[6.091803,50.777622],[6.092154,50.777735]],[[6.088534,50.775596],[6.08906,50.776013]],[[6.090289,50.776806],[6.090528,50.776954]]]},"id":22},{"type":"Feature","properties":{"id":"01513de","name":"Rolandstraße","kind":"major","district":"aachen-mitte","level":"aachen-mitte-4","importance":3389,"center":[6.092127,50.784606],"length":778},"geometry":{"type":"MultiLineString","coordinates":[[[6.092593,50.784764],[6.093093,50.785249]],[[6.095314,50.787536],[6.095063,50.787219]],[[6.095063,50.787219],[6.09547,50.787399]],[[6.089971,50.783282],[6.090171,50.783349],[6.09071,50.783741]],[[6.088558,50.782175],[6.088763,50.78226],[6.089713,50.783013],[6.089971,50.783282]],[[6.093181,50.785337],[6.093093,50.785249]],[[6.093181,50.785337],[6.094694,50.786814],[6.095063,50.787219]],[[6.090976,50.783916],[6.091273,50.784176],[6.091764,50.784524],[6.092193,50.784613]],[[6.09071,50.783741],[6.090976,50.783916]]]},"id":23},{"type":"Feature","properties":{"id":"015ewu1","name":"Hubertusplatz","kind":"minor","district":"aachen-mitte","level":"aachen-mitte-14","importance":1089,"center":[6.077933,50.768815],"length":179},"geometry":{"type":"MultiLineString","coordinates":[[[6.077869,50.769064],[6.078006,50.768526],[6.077976,50.768461]],[[6.078223,50.76903],[6.078197,50.769295]],[[6.078334,50.768513],[6.078223,50.76903]],[[6.077817,50.769264],[6.077869,50.769064]]]},"id":24},{"type":"Feature","properties":{"id":"015hn0g","name":"Sonnenscheinweg","kind":"path","district":"aachen-mitte","level":"aachen-mitte-38","importance":123,"center":[6.067378,50.766665],"length":245},"geometry":{"type":"MultiLineString","coordinates":[[[6.06832,50.767009],[6.067517,50.766583]],[[6.067517,50.766583],[6.066952,50.766962]],[[6.06724,50.766746],[6.066065,50.766044]]]},"id":25},{"type":"Feature","properties":{"id":"0169gs5","name":"Pauwelsstraße","kind":"minor","district":"laurensberg","level":"laurensberg-4","importance":1485,"center":[6.044892,50.775645],"length":971},"geometry":{"type":"MultiLineString","coordinates":[[[6.04695,50.775868],[6.046464,50.775866]],[[6.045977,50.775866],[6.045611,50.775843],[6.045413,50.775798]],[[6.045226,50.775688],[6.044996,50.775645]],[[6.04697,50.775868],[6.04695,50.775868]],[[6.042732,50.77561],[6.042723,50.775903],[6.042689,50.775938]],[[6.047589,50.774592],[6.047523,50.774672],[6.047823,50.775391],[6.047775,50.7756],[6.047669,50.775705],[6.04751,50.775785],[6.047282,50.775847],[6.04697,50.775868]],[[6.042689,50.775938],[6.04253,50.775958],[6.038323,50.775952]],[[6.049488,50.775854],[6.049246,50.775896],[6.048197,50.775894]],[[6.046464,50.775866],[6.045977,50.775866]],[[6.043073,50.77561],[6.042732,50.77561]],[[6.043642,50.77561],[6.043339,50.775612]],[[6.043772,50.775607],[6.043642,50.77561]],[[6.043339,50.775612],[6.043073,50.77561]],[[6.044202,50.775606],[6.043936,50.775604]],[[6.043936,50.775604],[6.043772,50.775607]],[[6.044996,50.775645],[6.044789,50.775644]],[[6.045413,50.775798],[6.045226,50.775688]],[[6.048197,50.775894],[6.04697,50.775868]]]},"id":26},{"type":"Feature","properties":{"id":"017pvml","name":"Achterstraße","kind":"minor","district":"aachen-mitte","level":"aachen-mitte-15","importance":1117,"center":[6.086869,50.781413],"length":233},"geometry":{"type":"LineString","coordinates":[[6.08806,50.781755],[6.086493,50.781305],[6.085016,50.780926]]},"id":27},{"type":"Feature","properties":{"id":"017yhc7","name":"Mörgensstraße","kind":"minor","district":"aachen-mitte","level":"aachen-mitte-10","importance":1116,"center":[6.081093,50.771666],"length":232},"geometry":{"type":"MultiLineString","coordinates":[[[6.081295,50.770779],[6.081281,50.771158],[6.081167,50.771584],[6.081019,50.771749],[6.080442,50.772197]],[[6.081295,50.770779],[6.08128,50.770541]],[[6.080442,50.772197],[6.080461,50.772466]]]},"id":28},{"type":"Feature","properties":{"id":"018gp0j","name":"Steinrötsch","kind":"minor","district":"eilendorf","level":"eilendorf-5","importance":1053,"center":[6.163311,50.774555],"length":107},"geometry":{"type":"LineString","coordinates":[[6.162659,50.774793],[6.162834,50.774685],[6.163192,50.774572],[6.16365,50.774528],[6.164048,50.774571]]},"id":29},{"type":"Feature","properties":{"id":"01arasw","name":"Heimstraße","kind":"minor","district":"haaren","level":"haaren-4","importance":1077,"center":[6.120922,50.799285],"length":155},"geometry":{"type":"MultiLineString","coordinates":[[[6.120429,50.798741],[6.120572,50.799004]],[[6.120572,50.799004],[6.120703,50.79915],[6.120893,50.79927],[6.121839,50.799761]]]},"id":30},{"type":"Feature","properties":{"id":"01dfg3v","name":"Brühlstraße","kind":"minor","district":"eilendorf","level":"eilendorf-3","importance":1277,"center":[6.147661,50.780432],"length":553},"geometry":{"type":"LineString","coordinates":[[6.144993,50.782097],[6.148576,50.779857],[6.15089,50.779016],[6.150969,50.77893]]},"id":31},{"type":"Feature","properties":{"id":"01dq38q","name":"Am Lütterbüschgen","kind":"minor","district":"richterich","level":"richterich-2","importance":1143,"center":[6.04879,50.817688],"length":285},"geometry":{"type":"MultiLineString","coordinates":[[[6.049085,50.818373],[6.048987,50.818299],[6.048759,50.81822],[6.048671,50.818076],[6.048683,50.817955],[6.048907,50.817376]],[[6.048683,50.817955],[6.048088,50.817857],[6.048046,50.817968]],[[6.048869,50.817469],[6.048367,50.817389]],[[6.048822,50.817601],[6.049288,50.817676],[6.049748,50.817623]]]},"id":32},{"type":"Feature","properties":{"id":"01ec43s","name":"Frankensteg","kind":"minor","district":"kornelimuenster-walheim","level":"kornelimuenster-walheim-8","importance":1134,"center":[6.18409,50.731378],"length":268},"geometry":{"type":"MultiLineString","coordinates":[[[6.183797,50.730369],[6.183651,50.730661],[6.184282,50.731719]],[[6.1829,50.731279],[6.18312,50.731315]],[[6.183962,50.731939],[6.18312,50.731315]]]},"id":33},{"type":"Feature","properties":{"id":"01g2iqq","name":"Kuckelkornweg","kind":"minor","district":"eilendorf","level":"eilendorf-5","importance":1142,"center":[6.153176,50.786287],"length":285},"geometry":{"type":"MultiLineString","coordinates":[[[6.153204,50.785725],[6.153148,50.785952],[6.15305,50.786022]],[[6.153247,50.7865],[6.153698,50.786584]],[[6.153247,50.7865],[6.153177,50.786647],[6.15289,50.786648]],[[6.152102,50.786052],[6.15282,50.78607],[6.15305,50.786022]],[[6.153669,50.786027],[6.153148,50.785952]],[[6.15305,50.786022],[6.153105,50.786073],[6.153247,50.7865]],[[6.15281,50.786641],[6.152856,50.786619],[6.15289,50.786648],[6.152844,50.78667],[6.15281,50.786641]]]},"id":34},{"type":"Feature","properties":{"id":"01glicc","name":"Fischmarkt","kind":"square","district":"aachen-mitte","level":"aachen-mitte-1","importance":3000,"center":[6.082669,50.77461],"length":0},"geometry":{"type":"Polygon","coordinates":[[[6.082696,50.774461],[6.082643,50.774486],[6.082522,50.774509],[6.082492,50.774539],[6.082422,50.77469],[6.082441,50.774775],[6.082801,50.774796],[6.082826,50.77462],[6.082904,50.774623],[6.0829,50.774584],[6.082865,50.774559],[6.082832,50.774399],[6.082696,50.774461]]]},"id":35},{"type":"Feature","properties":{"id":"01gruph","name":"Jägerstraße","kind":"minor","district":"aachen-mitte","level":"aachen-mitte-16","importance":1200,"center":[6.093744,50.766055],"length":400},"geometry":{"type":"MultiLineString","coordinates":[[[6.094907,50.767185],[6.094781,50.767183],[6.09414,50.766509]],[[6.091807,50.765085],[6.093722,50.76603],[6.093938,50.766274]],[[6.09414,50.766509],[6.093133,50.766368]],[[6.09414,50.766509],[6.093938,50.766274]]]},"id":36},{"type":"Feature","properties":{"id":"01m08tx","name":"Bismarckstraße","kind":"major","district":"aachen-mitte","level":"aachen-mitte-6","importance":3604,"center":[6.106595,50.768954],"length":1208},"geometry":{"type":"MultiLineString","coordinates":[[[6.098564,50.767677],[6.100662,50.76809]],[[6.102224,50.768437],[6.102384,50.76841],[6.104243,50.768651]],[[6.108331,50.769184],[6.110037,50.769406],[6.110197,50.76946]],[[6.111737,50.770869],[6.112164,50.771248]],[[6.105854,50.768855],[6.106648,50.768961]],[[6.106648,50.768961],[6.108079,50.769153]],[[6.104243,50.768651],[6.105854,50.768855]],[[6.100662,50.76809],[6.102143,50.768375],[6.102224,50.768437]],[[6.110197,50.76946],[6.111737,50.770869]],[[6.112675,50.771723],[6.113117,50.772135]],[[6.112164,50.771248],[6.112675,50.771723]],[[6.108079,50.769153],[6.108331,50.769184]]]},"id":37},{"type":"Feature","properties":{"id":"01mdqt7","name":"Mühlenstraße","kind":"minor","district":"haaren","level":"haaren-3","importance":1072,"center":[6.128825,50.792997],"length":145},"geometry":{"type":"MultiLineString","coordinates":[[[6.129648,50.793598],[6.129369,50.793284],[6.129176,50.793161]],[[6.129176,50.793161],[6.128474,50.792834],[6.128238,50.792679]]]},"id":38},{"type":"Feature","properties":{"id":"01o62ul","name":"An der Rast","kind":"minor","district":"laurensberg","level":"laurensberg-6","importance":1400,"center":[6.059991,50.800725],"length":800},"geometry":{"type":"MultiLineString","coordinates":[[[6.062613,50.799534],[6.062485,50.79951],[6.061751,50.799506],[6.061581,50.799532],[6.061057,50.799693],[6.060796,50.799857]],[[6.061581,50.799532],[6.061429,50.799305],[6.06143,50.799196],[6.061527,50.79913],[6.061911,50.799125]],[[6.060796,50.799857],[6.060351,50.800188]],[[6.058907,50.801327],[6.05986,50.800432],[6.060351,50.800188]],[[6.059085,50.801672],[6.058955,50.801449]],[[6.060351,50.800188],[6.060404,50.800246],[6.060385,50.800373],[6.059701,50.800959],[6.059455,50.80139],[6.059274,50.801571],[6.059085,50.801672]],[[6.059085,50.801672],[6.058857,50.801801],[6.058637,50.80203]],[[6.058955,50.801449],[6.058907,50.801327]],[[6.058182,50.801913],[6.058907,50.801327]]]},"id":39},{"type":"Feature","properties":{"id":"01p3cfa","name":"Römerweg","kind":"path","district":"aachen-mitte","level":"aachen-mitte-39","importance":58,"center":[6.100707,50.76878],"length":116},"geometry":{"type":"MultiLineString","coordinates":[[[6.100068,50.769348],[6.100098,50.769268]],[[6.100098,50.769268],[6.100128,50.769174]],[[6.100128,50.769174],[6.101063,50.768548]]]},"id":40},{"type":"Feature","properties":{"id":"01rc61n","name":"Flandrische Straße","kind":"minor","district":"aachen-mitte","level":"aachen-mitte-30","importance":1224,"center":[6.093822,50.750704],"length":449},"geometry":{"type":"LineString","coordinates":[[6.094695,50.752445],[6.093378,50.749786],[6.093241,50.749408],[6.0932,50.748852],[6.093086,50.748733],[6.092882,50.748635]]},"id":41},{"type":"Feature","properties":{"id":"01rrfbx","name":"Im Langfeld","kind":"minor","district":"kornelimuenster-walheim","level":"kornelimuenster-walheim-5","importance":1058,"center":[6.139823,50.696666],"length":116},"geometry":{"type":"LineString","coordinates":[[6.139136,50.697114],[6.139884,50.696639],[6.140061,50.696608],[6.140275,50.696621],[6.140446,50.696585]]},"id":42},{"type":"Feature","properties":{"id":"01tvz3p","name":"Soldatengässchen","kind":"path","district":"aachen-mitte","level":"aachen-mitte-39","importance":17,"center":[6.088446,50.760468],"length":33},"geometry":{"type":"LineString","coordinates":[[6.088682,50.760477],[6.08821,50.760459]]},"id":43},{"type":"Feature","properties":{"id":"01xi0xf","name":"Kopernikusstraße","kind":"minor","district":"aachen-mitte","level":"aachen-mitte-19","importance":1195,"center":[6.064776,50.78012],"length":389},"geometry":{"type":"MultiLineString","coordinates":[[[6.06636,50.781036],[6.063684,50.779485],[6.062739,50.778899],[6.062668,50.778901]],[[6.066734,50.781253],[6.06666,50.781204]],[[6.06666,50.781204],[6.06636,50.781036]]]},"id":44},{"type":"Feature","properties":{"id":"01ymdw1","name":"Buchkremerstraße","kind":"minor","district":"aachen-mitte","level":"aachen-mitte-9","importance":1047,"center":[6.086121,50.775195],"length":94},"geometry":{"type":"MultiLineString","coordinates":[[[6.085965,50.775624],[6.086097,50.775229],[6.086322,50.774887]],[[6.086426,50.774855],[6.086322,50.774887]]]},"id":45},{"type":"Feature","properties":{"id":"020y5xo","name":"Tittardsfeld","kind":"minor","district":"laurensberg","level":"laurensberg-7","importance":1551,"center":[6.063395,50.80214],"length":1102},"geometry":{"type":"MultiLineString","coordinates":[[[6.065121,50.798074],[6.064638,50.799246],[6.064004,50.800347],[6.063853,50.800725]],[[6.063853,50.800725],[6.063788,50.801157],[6.063646,50.801617]],[[6.06164,50.805781],[6.063029,50.805231],[6.064722,50.804662],[6.06472,50.804567],[6.064487,50.804395],[6.064219,50.804121],[6.063784,50.803213],[6.063654,50.803121]],[[6.062483,50.804999],[6.06273,50.804594],[6.062989,50.804655]],[[6.063646,50.801617],[6.063302,50.802325]],[[6.063165,50.802603],[6.063302,50.802325]],[[6.063722,50.803057],[6.063197,50.802799],[6.063144,50.802704],[6.063165,50.802603]]]},"id":46},{"type":"Feature","properties":{"id":"0210gsr","name":"Martinsplatz","kind":"square","district":"aachen-mitte","level":"aachen-mitte-7","importance":3000,"center":[6.113397,50.789712],"length":0},"geometry":{"type":"Polygon","coordinates":[[[6.113334,50.789861],[6.113201,50.789755],[6.113574,50.789563],[6.113704,50.789671],[6.113334,50.789861]]]},"id":47},{"type":"Feature","properties":{"id":"021f1uf","name":"Richardstraße","kind":"minor","district":"aachen-mitte","level":"aachen-mitte-13","importance":1089,"center":[6.093532,50.77201],"length":178},"geometry":{"type":"MultiLineString","coordinates":[[[6.092836,50.771571],[6.092869,50.771626],[6.094064,50.77232],[6.094272,50.772654]],[[6.094272,50.772654],[6.09434,50.772805]]]},"id":48},{"type":"Feature","properties":{"id":"023opwf","name":"Trierer Straße","kind":"major","district":"aachen-mitte","level":"aachen-mitte-8","importance":4000,"center":[6.148664,50.756441],"length":5842},"geometry":{"type":"MultiLineString","coordinates":[[[6.16693,50.74832],[6.167067,50.748374],[6.167423,50.748622],[6.167437,50.748664]],[[6.124099,50.768213],[6.123412,50.767617]],[[6.117486,50.770229],[6.118302,50.769871]],[[6.124367,50.767199],[6.124237,50.766984],[6.124575,50.766837],[6.124848,50.766988]],[[6.128026,50.765597],[6.130462,50.764503]],[[6.159626,50.751563],[6.160728,50.751068]],[[6.16693,50.74832],[6.170437,50.746783]],[[6.118493,50.769787],[6.118917,50.76957]],[[6.170788,50.746629],[6.171621,50.746264],[6.172248,50.745905],[6.172542,50.745678],[6.172887,50.745315],[6.173112,50.744898],[6.173648,50.743202]],[[6.15251,50.754726],[6.152762,50.754616]],[[6.131158,50.764196],[6.131229,50.764167]],[[6.121873,50.768278],[6.122622,50.76796]],[[6.13924,50.76061],[6.13951,50.760493]],[[6.118302,50.769871],[6.118493,50.769787]],[[6.119999,50.769093],[6.121267,50.768535]],[[6.155752,50.753277],[6.15491,50.752985],[6.154796,50.752991],[6.15405,50.753287]],[[6.149225,50.756193],[6.149302,50.756159]],[[6.123412,50.767617],[6.124367,50.767199]],[[6.149669,50.755997],[6.150008,50.75585]],[[6.126758,50.766138],[6.126962,50.766051]],[[6.146788,50.757272],[6.147521,50.756947]],[[6.163264,50.749962],[6.163717,50.749762]],[[6.164771,50.749293],[6.165105,50.749163]],[[6.156684,50.752861],[6.15709,50.752685]],[[6.166136,50.748691],[6.166344,50.748594]],[[6.165105,50.749163],[6.165241,50.749106]],[[6.158785,50.75194],[6.159145,50.751784]],[[6.173648,50.743202],[6.17376,50.742894]],[[6.17376,50.742894],[6.173816,50.742728]],[[6.158584,50.752024],[6.158671,50.751987]],[[6.151633,50.755124],[6.152131,50.754897]],[[6.149302,50.756159],[6.149669,50.755997]],[[6.150008,50.75585],[6.150382,50.75568]],[[6.152131,50.754897],[6.15219,50.754871]],[[6.152762,50.754616],[6.152954,50.75453]],[[6.165518,50.748977],[6.166136,50.748691]],[[6.150382,50.75568],[6.150952,50.755434]],[[6.152954,50.75453],[6.153391,50.754342]],[[6.150952,50.755434],[6.151633,50.755124]],[[6.148612,50.756464],[6.149225,50.756193]],[[6.153391,50.754342],[6.153561,50.754265]],[[6.162779,50.750172],[6.163264,50.749962]],[[6.14788,50.75679],[6.148612,50.756464]],[[6.158218,50.752183],[6.158473,50.752072]],[[6.155752,50.753277],[6.156684,50.752861]],[[6.158097,50.752237],[6.158218,50.752183]],[[6.157577,50.752469],[6.158097,50.752237]],[[6.154071,50.754033],[6.154502,50.753836]],[[6.15709,50.752685],[6.157577,50.752469]],[[6.154502,50.753836],[6.155449,50.753414]],[[6.144077,50.758454],[6.144596,50.758223]],[[6.124367,50.767199],[6.124582,50.767108]],[[6.118917,50.76957],[6.119201,50.769443]],[[6.124582,50.767108],[6.124848,50.766988]],[[6.119201,50.769443],[6.119999,50.769093]],[[6.124848,50.766988],[6.125707,50.766583]],[[6.134936,50.762521],[6.13603,50.762037]],[[6.138702,50.760851],[6.13924,50.76061]],[[6.162619,50.750242],[6.162779,50.750172]],[[6.134008,50.762932],[6.134853,50.762557]],[[6.15219,50.754871],[6.15251,50.754726]],[[6.166344,50.748594],[6.166583,50.748483]],[[6.125707,50.766583],[6.126582,50.766213]],[[6.121267,50.768535],[6.121873,50.768278]],[[6.122622,50.76796],[6.123184,50.767715]],[[6.130577,50.764452],[6.131158,50.764196]],[[6.164446,50.749435],[6.164771,50.749293]],[[6.163717,50.749762],[6.16382,50.749715]],[[6.173947,50.742332],[6.174864,50.739685]],[[6.163985,50.74964],[6.164446,50.749435]],[[6.117376,50.770272],[6.117486,50.770229]],[[6.158473,50.752072],[6.158584,50.752024]],[[6.158671,50.751987],[6.158785,50.75194]],[[6.159145,50.751784],[6.159626,50.751563]],[[6.165241,50.749106],[6.165518,50.748977]],[[6.13191,50.763875],[6.132846,50.763439]],[[6.131229,50.764167],[6.13191,50.763875]],[[6.132846,50.763439],[6.133241,50.763266]],[[6.134853,50.762557],[6.134936,50.762521]],[[6.133241,50.763266],[6.134008,50.762932]],[[6.136425,50.761862],[6.137025,50.761597]],[[6.137025,50.761597],[6.137902,50.76121]],[[6.13603,50.762037],[6.136425,50.761862]],[[6.130462,50.764503],[6.130577,50.764452]],[[6.153561,50.754265],[6.154071,50.754033]],[[6.173816,50.742728],[6.173947,50.742332]],[[6.174864,50.739685],[6.175002,50.739241]],[[6.170437,50.746783],[6.170788,50.746629]],[[6.166583,50.748483],[6.166627,50.748462]],[[6.166627,50.748462],[6.16693,50.74832]],[[6.16382,50.749715],[6.163985,50.74964]],[[6.160728,50.751068],[6.162619,50.750242]],[[6.126582,50.766213],[6.126758,50.766138]],[[6.147521,50.756947],[6.147858,50.756798]],[[6.145973,50.757635],[6.146788,50.757272]],[[6.123184,50.767715],[6.123412,50.767617]],[[6.141162,50.759764],[6.142327,50.759248]],[[6.147858,50.756798],[6.14788,50.75679]],[[6.155449,50.753414],[6.155752,50.753277]],[[6.126962,50.766051],[6.128026,50.765597]],[[6.142327,50.759248],[6.144077,50.758454]],[[6.137902,50.76121],[6.138702,50.760851]],[[6.13951,50.760493],[6.140308,50.760141]],[[6.140308,50.760141],[6.141162,50.759764]],[[6.144596,50.758223],[6.145596,50.757801]],[[6.145596,50.757801],[6.145973,50.757635]]]},"id":49},{"type":"Feature","properties":{"id":"0242e74","name":"Mühlental","kind":"minor","district":"aachen-mitte","level":"aachen-mitte-27","importance":1228,"center":[6.089565,50.755923],"length":457},"geometry":{"type":"LineString","coordinates":[[6.088289,50.754141],[6.088495,50.754202],[6.088941,50.754438],[6.089081,50.754581],[6.089181,50.754772],[6.089441,50.755452],[6.089594,50.75603],[6.089863,50.757961]]},"id":50},{"type":"Feature","properties":{"id":"027irle","name":"Henger Herrjotts Fott","kind":"minor","district":"aachen-mitte","level":"aachen-mitte-10","importance":1027,"center":[6.089829,50.772574],"length":53},"geometry":{"type":"LineString","coordinates":[[6.090161,50.772526],[6.089424,50.772629]]},"id":51},{"type":"Feature","properties":{"id":"02885om","name":"Buschhäuserweg","kind":"minor","district":"aachen-mitte","level":"aachen-mitte-31","importance":1248,"center":[6.108817,50.759922],"length":497},"geometry":{"type":"MultiLineString","coordinates":[[[6.108657,50.759783],[6.109332,50.760361],[6.10976,50.760612],[6.110101,50.76075],[6.110453,50.760846],[6.111526,50.761042]],[[6.105813,50.758751],[6.107258,50.758949],[6.107686,50.759088],[6.108165,50.759378],[6.108657,50.759783]]]},"id":52},{"type":"Feature","properties":{"id":"02a8yae","name":"Lutherweg","kind":"minor","district":"aachen-mitte","level":"aachen-mitte-28","importance":1057,"center":[6.058497,50.757136],"length":115},"geometry":{"type":"MultiLineString","coordinates":[[[6.05832,50.757247],[6.058221,50.757277],[6.057833,50.756951]],[[6.058943,50.756856],[6.05832,50.757247]]]},"id":53},{"type":"Feature","properties":{"id":"02av9qz","name":"Kleinbahnstraße","kind":"minor","district":"brand","level":"brand-5","importance":1137,"center":[6.172323,50.749908],"length":274},"geometry":{"type":"LineString","coordinates":[[6.173573,50.749519],[6.172885,50.750103],[6.172751,50.750143],[6.170873,50.749018]]},"id":54},{"type":"Feature","properties":{"id":"02bji07","name":"Markt","kind":"square","district":"aachen-mitte","level":"aachen-mitte-1","importance":3000,"center":[6.08349,50.776235],"length":0},"geometry":{"type":"Polygon","coordinates":[[[6.084512,50.776316],[6.084241,50.776253],[6.084201,50.776207],[6.084086,50.77619],[6.083929,50.77619],[6.083932,50.776243],[6.08389,50.776243],[6.08389,50.776217],[6.083818,50.776218],[6.083793,50.776241],[6.083763,50.77624],[6.083748,50.776219],[6.083675,50.77622],[6.083674,50.776246],[6.083635,50.776246],[6.083636,50.776194],[6.083474,50.776196],[6.083457,50.776209],[6.083457,50.776196],[6.083409,50.776197],[6.08333,50.77617],[6.083354,50.776151],[6.083326,50.776113],[6.083348,50.776023],[6.083292,50.775989],[6.083138,50.776136],[6.082918,50.77607],[6.082706,50.775982],[6.082373,50.775822],[6.082274,50.775758],[6.082205,50.775827],[6.082506,50.775999],[6.083078,50.776397],[6.083603,50.776635],[6.083637,50.776699],[6.083728,50.776744],[6.08405,50.776867],[6.08408,50.776872],[6.084463,50.776512],[6.084629,50.776401],[6.084512,50.776316]],[[6.083658,50.776478],[6.083593,50.776451],[6.083581,50.776413],[6.083611,50.77638],[6.083687,50.776368],[6.083738,50.776388],[6.083752,50.77644],[6.083706,50.776473],[6.083658,50.776478]]]},"id":55},{"type":"Feature","properties":{"id":"02eeyr3","name":"Nekesstraße","kind":"minor","district":"aachen-mitte","level":"aachen-mitte-24","importance":1037,"center":[6.055482,50.764686],"length":74},"geometry":{"type":"LineString","coordinates":[[6.055831,50.764541],[6.055133,50.76483],[6.055038,50.764954]]},"id":56},{"type":"Feature","properties":{"id":"02ehr98","name":"Ursulinerstraße","kind":"square","district":"aachen-mitte","level":"aachen-mitte-1","importance":3000,"center":[6.085683,50.774725],"length":0},"geometry":{"type":"MultiPolygon","coordinates":[[[[6.086145,50.775162],[6.086322,50.774887],[6.086356,50.77482],[6.086354,50.774772],[6.08591,50.774677],[6.085797,50.774888],[6.086034,50.774937],[6.085939,50.775121],[6.086145,50.775162]]],[[[6.084866,50.77458],[6.085849,50.774784],[6.08591,50.774677],[6.08545,50.774572],[6.085397,50.774505],[6.085331,50.774463],[6.08502,50.774404],[6.084946,50.774462],[6.084912,50.774468],[6.084866,50.77458]]]]},"id":57},{"type":"Feature","properties":{"id":"02f0igp","name":"Parkstraße","kind":"minor","district":"richterich","level":"richterich-4","importance":1485,"center":[6.063926,50.809433],"length":971},"geometry":{"type":"MultiLineString","coordinates":[[[6.061772,50.81113],[6.061823,50.810993],[6.061805,50.810584],[6.061695,50.809889],[6.061706,50.809759],[6.061804,50.809633],[6.062091,50.809529],[6.062384,50.809489],[6.063608,50.809408],[6.063831,50.809417],[6.064521,50.809525],[6.064775,50.809526]],[[6.065401,50.811249],[6.065298,50.811856],[6.065319,50.812246],[6.065674,50.812861]],[[6.064569,50.808528],[6.064662,50.808659],[6.064775,50.809526],[6.065271,50.810176]],[[6.060559,50.811187],[6.061608,50.811199],[6.061772,50.81113]],[[6.065483,50.810788],[6.065401,50.811249]],[[6.065417,50.810449],[6.065483,50.810788]],[[6.065271,50.810176],[6.065417,50.810449]]]},"id":58},{"type":"Feature","properties":{"id":"02gg8dd","name":"Rennbahn","kind":"minor","district":"aachen-mitte","level":"aachen-mitte-9","importance":1041,"center":[6.082087,50.774687],"length":81},"geometry":{"type":"LineString","coordinates":[[6.081543,50.77462],[6.082675,50.774755]]},"id":59},{"type":"Feature","properties":{"id":"02ljnbr","name":"Kronprinzenstraße","kind":"minor","district":"aachen-mitte","level":"aachen-mitte-26","importance":1076,"center":[6.114175,50.770236],"length":151},"geometry":{"type":"LineString","coordinates":[[6.114307,50.769775],[6.113912,50.771112]]},"id":60},{"type":"Feature","properties":{"id":"02ll06k","name":"Lontzenweg","kind":"minor","district":"brand","level":"brand-2","importance":1183,"center":[6.153468,50.747977],"length":365},"geometry":{"type":"MultiLineString","coordinates":[[[6.153254,50.749075],[6.153929,50.748322],[6.153357,50.747902],[6.153274,50.747876],[6.153155,50.747918],[6.152444,50.748791]],[[6.153155,50.747918],[6.152776,50.747678]],[[6.153929,50.748322],[6.154308,50.748463],[6.154221,50.748559]]]},"id":61},{"type":"Feature","properties":{"id":"02m31dq","name":"Brander Heide","kind":"minor","district":"brand","level":"brand-3","importance":1089,"center":[6.167358,50.759642],"length":178},"geometry":{"type":"LineString","coordinates":[[6.168346,50.759272],[6.167486,50.759582],[6.166263,50.760175]]},"id":62},{"type":"Feature","properties":{"id":"02n2bgd","name":"Noppiusstraße","kind":"minor","district":"aachen-mitte","level":"aachen-mitte-13","importance":1048,"center":[6.092774,50.774017],"length":96},"geometry":{"type":"LineString","coordinates":[[6.092085,50.774134],[6.092161,50.774145],[6.093388,50.773888]]},"id":63},{"type":"Feature","properties":{"id":"02nxy7n","name":"Mohnblumenweg","kind":"path","district":"aachen-mitte","level":"aachen-mitte-38","importance":19,"center":[6.066441,50.767512],"length":37},"geometry":{"type":"LineString","coordinates":[[6.066543,50.767377],[6.066306,50.767679]]},"id":64},{"type":"Feature","properties":{"id":"02pg3ul","name":"Bungert","kind":"minor","district":"aachen-mitte","level":"aachen-mitte-37","importance":1149,"center":[6.138535,50.777272],"length":298},"geometry":{"type":"LineString","coordinates":[[6.139817,50.776722],[6.139782,50.777101],[6.139768,50.777143],[6.139697,50.777172],[6.138279,50.777296],[6.137086,50.777477],[6.136927,50.777447],[6.136757,50.777154],[6.136747,50.777057]]},"id":65},{"type":"Feature","properties":{"id":"02s7hip","name":"Stettiner Straße","kind":"minor","district":"aachen-mitte","level":"aachen-mitte-37","importance":1524,"center":[6.144026,50.752006],"length":1049},"geometry":{"type":"MultiLineString","coordinates":[[[6.144804,50.753055],[6.143396,50.751196],[6.142914,50.750692],[6.142224,50.750175],[6.141369,50.749807],[6.140706,50.749658],[6.139806,50.749581],[6.13834,50.749668]],[[6.145564,50.754079],[6.144804,50.753055]],[[6.144488,50.75607],[6.145234,50.755722],[6.145474,50.75554],[6.145739,50.755262],[6.145834,50.754976],[6.145827,50.754702],[6.145789,50.75451],[6.145564,50.754079]]]},"id":66},{"type":"Feature","properties":{"id":"02v9rrc","name":"Hackländerstraße","kind":"major","district":"aachen-mitte","level":"aachen-mitte-5","importance":3152,"center":[6.092705,50.768296],"length":305},"geometry":{"type":"MultiLineString","coordinates":[[[6.094688,50.767723],[6.094484,50.767763]],[[6.092018,50.768379],[6.091641,50.768391],[6.091263,50.768443]],[[6.091263,50.768443],[6.091082,50.76846],[6.09101,50.768416]],[[6.094484,50.767763],[6.092754,50.768272]],[[6.092599,50.768383],[6.092018,50.768379]],[[6.09101,50.768416],[6.091073,50.768373],[6.091263,50.768443]],[[6.092754,50.768272],[6.092599,50.768383]]]},"id":67},{"type":"Feature","properties":{"id":"02vum5r","name":"César-Franck-Straße","kind":"minor","district":"aachen-mitte","level":"aachen-mitte-24","importance":1041,"center":[6.057641,50.766392],"length":81},"geometry":{"type":"LineString","coordinates":[[6.057959,50.765956],[6.057478,50.766619]]},"id":68},{"type":"Feature","properties":{"id":"02vxudc","name":"Kleverstraße","kind":"minor","district":"aachen-mitte","level":"aachen-mitte-22","importance":1058,"center":[6.092456,50.760663],"length":115},"geometry":{"type":"MultiLineString","coordinates":[[[6.091868,50.760448],[6.092851,50.760807]],[[6.092851,50.760807],[6.092848,50.760873],[6.09305,50.760944],[6.093222,50.76094]]]},"id":69},{"type":"Feature","properties":{"id":"02xcmma","name":"Promenadenstraße","kind":"minor","district":"aachen-mitte","level":"aachen-mitte-13","importance":1136,"center":[6.093024,50.776328],"length":271},"geometry":{"type":"MultiLineString","coordinates":[[[6.09234,50.776214],[6.092982,50.776325]],[[6.09234,50.776214],[6.091315,50.775877],[6.091295,50.775841]],[[6.094009,50.776382],[6.094938,50.77649]],[[6.092982,50.776325],[6.093065,50.77633]],[[6.093065,50.77633],[6.094009,50.776382]]]},"id":70},{"type":"Feature","properties":{"id":"02xf9ak","name":"Hirzenrott","kind":"minor","district":"kornelimuenster-walheim","level":"kornelimuenster-walheim-5","importance":1150,"center":[6.139678,50.713303],"length":300},"geometry":{"type":"LineString","coordinates":[[6.141394,50.712474],[6.141216,50.712666],[6.140941,50.712827],[6.139563,50.713348],[6.139165,50.71354],[6.138378,50.714033],[6.13824,50.714149],[6.13831,50.714185]]},"id":71},{"type":"Feature","properties":{"id":"02y5xcg","name":"Tonbrennerstraße","kind":"minor","district":"haaren","level":"haaren-3","importance":1118,"center":[6.129882,50.795686],"length":237},"geometry":{"type":"MultiLineString","coordinates":[[[6.130042,50.795951],[6.130023,50.796346],[6.129805,50.796805]],[[6.129928,50.794699],[6.129865,50.794975],[6.129892,50.79589]],[[6.129892,50.79589],[6.129893,50.795952]]]},"id":72},{"type":"Feature","properties":{"id":"02zg1uv","name":"Lichthof 8","kind":"square","district":"laurensberg","level":"laurensberg-1","importance":3000,"center":[6.041947,50.776522],"length":0},"geometry":{"type":"Polygon","coordinates":[[[6.041778,50.776676],[6.042113,50.776676],[6.042113,50.776419],[6.041778,50.776419],[6.041778,50.776676]]]},"id":73},{"type":"Feature","properties":{"id":"033k3wy","name":"Theodor Stacke Str.","kind":"path","district":"aachen-mitte","level":"aachen-mitte-39","importance":115,"center":[6.120211,50.792013],"length":229},"geometry":{"type":"LineString","coordinates":[[6.12019,50.791307],[6.120529,50.79114],[6.120619,50.791132],[6.120713,50.79116],[6.120931,50.791327],[6.120924,50.791376],[6.12075,50.791671],[6.119672,50.792354],[6.119563,50.792455]]},"id":74},{"type":"Feature","properties":{"id":"034r3ui","name":"Albert-Maas-Straße","kind":"minor","district":"aachen-mitte","level":"aachen-mitte-33","importance":1293,"center":[6.134174,50.766378],"length":587},"geometry":{"type":"LineString","coordinates":[[6.131158,50.764196],[6.132126,50.765056],[6.133015,50.76594],[6.133352,50.766151],[6.133767,50.766314],[6.137696,50.766948]]},"id":75},{"type":"Feature","properties":{"id":"036aozu","name":"Haselsteig","kind":"minor","district":"aachen-mitte","level":"aachen-mitte-24","importance":1080,"center":[6.065417,50.761917],"length":161},"geometry":{"type":"LineString","coordinates":[[6.065481,50.762626],[6.065882,50.762308],[6.065928,50.76223],[6.065858,50.762158],[6.064975,50.761677],[6.064934,50.761551]]},"id":76},{"type":"Feature","properties":{"id":"037tha3","name":"Elsa-Brändström-Straße","kind":"minor","district":"aachen-mitte","level":"aachen-mitte-15","importance":1145,"center":[6.089108,50.784739],"length":290},"geometry":{"type":"MultiLineString","coordinates":[[[6.08885,50.78469],[6.089475,50.784797],[6.089812,50.78474],[6.089976,50.784612],[6.090286,50.784127]],[[6.08885,50.78469],[6.088782,50.784926],[6.088703,50.785012],[6.088563,50.785085],[6.087624,50.785391],[6.087429,50.785492]]]},"id":77},{"type":"Feature","properties":{"id":"0381f0o","name":"Burgwinkel","kind":"minor","district":"laurensberg","level":"laurensberg-4","importance":1057,"center":[6.025413,50.768004],"length":115},"geometry":{"type":"LineString","coordinates":[[6.026004,50.768309],[6.025439,50.768024],[6.025129,50.767649],[6.024916,50.767598]]},"id":78},{"type":"Feature","properties":{"id":"0384xte","name":"I. Rote-Haag-Weg","kind":"minor","district":"aachen-mitte","level":"aachen-mitte-30","importance":1809,"center":[6.093768,50.748039],"length":1617},"geometry":{"type":"MultiLineString","coordinates":[[[6.087752,50.750141],[6.087978,50.749466],[6.088092,50.749287],[6.089109,50.748372],[6.089375,50.748043],[6.089579,50.747905],[6.08987,50.747842],[6.090367,50.747849],[6.093584,50.748038]],[[6.095987,50.748229],[6.096233,50.748244],[6.099821,50.747928],[6.101855,50.747783]],[[6.092466,50.747973],[6.092575,50.74707]],[[6.091036,50.747886],[6.091141,50.747129]],[[6.08987,50.747842],[6.089903,50.747183],[6.089714,50.747098]],[[6.101855,50.747783],[6.102763,50.747716],[6.102864,50.747727],[6.102988,50.747788]],[[6.09373,50.748037],[6.095372,50.748141],[6.095987,50.748229]],[[6.093584,50.748038],[6.09373,50.748037]],[[6.090778,50.747111],[6.091432,50.747144]],[[6.091958,50.747942],[6.091995,50.747583],[6.091936,50.747519],[6.091807,50.747509]]]},"id":79},{"type":"Feature","properties":{"id":"038i2i5","name":"Kirchstraße","kind":"minor","district":"aachen-mitte","level":"aachen-mitte-34","importance":1090,"center":[6.129384,50.761403],"length":181},"geometry":{"type":"LineString","coordinates":[[6.130453,50.760539],[6.129675,50.76114],[6.128892,50.761827]]},"id":80},{"type":"Feature","properties":{"id":"03ayyxx","name":"Urbanstraße","kind":"minor","district":"eilendorf","level":"eilendorf-4","importance":1207,"center":[6.160553,50.779687],"length":415},"geometry":{"type":"MultiLineString","coordinates":[[[6.159445,50.778763],[6.160177,50.779337],[6.160849,50.779965],[6.161802,50.781068]],[[6.1604,50.779529],[6.159661,50.779917]],[[6.159996,50.779746],[6.159627,50.779462]]]},"id":81},{"type":"Feature","properties":{"id":"03f09ag","name":"Küppershofweg","kind":"minor","district":"richterich","level":"richterich-4","importance":1306,"center":[6.070862,50.817552],"length":612},"geometry":{"type":"MultiLineString","coordinates":[[[6.069566,50.817956],[6.069798,50.817999],[6.069986,50.817978],[6.07081,50.817571],[6.071368,50.81743]],[[6.068654,50.816883],[6.068982,50.816899],[6.069059,50.816942],[6.069068,50.81717],[6.069162,50.817452],[6.06936,50.817804],[6.069566,50.817956]],[[6.071368,50.81743],[6.07166,50.817593],[6.071969,50.817886],[6.072269,50.818254],[6.072643,50.818955],[6.072596,50.819182],[6.072194,50.819443],[6.071822,50.819761]],[[6.071822,50.819761],[6.071753,50.819815]]]},"id":82},{"type":"Feature","properties":{"id":"03fvj00","name":"Krautmühlenweg","kind":"path","district":"aachen-mitte","level":"aachen-mitte-39","importance":23,"center":[6.115612,50.76809],"length":46},"geometry":{"type":"LineString","coordinates":[[6.11538,50.767945],[6.115844,50.768235]]},"id":83},{"type":"Feature","properties":{"id":"03gmugp","name":"Am Venskyhäuschen","kind":"minor","district":"laurensberg","level":"laurensberg-5","importance":1262,"center":[6.053114,50.767991],"length":525},"geometry":{"type":"MultiLineString","coordinates":[[[6.050368,50.767621],[6.050685,50.76771],[6.055702,50.768309]],[[6.053146,50.767995],[6.05322,50.767749]],[[6.052673,50.767693],[6.053872,50.767832],[6.053781,50.768072]]]},"id":84},{"type":"Feature","properties":{"id":"03hsgk4","name":"Lindenrondell","kind":"square","district":"aachen-mitte","level":"aachen-mitte-4","importance":3000,"center":[6.095045,50.783229],"length":0},"geometry":{"type":"Polygon","coordinates":[[[6.095007,50.783422],[6.094922,50.783403],[6.09485,50.783368],[6.094799,50.78332],[6.094775,50.783265],[6.094779,50.783207],[6.094856,50.783119],[6.094921,50.783088],[6.094997,50.78307],[6.095123,50.783071],[6.095245,50.783114],[6.095301,50.783159],[6.095332,50.783213],[6.095334,50.78327],[6.095307,50.783325],[6.095184,50.783406],[6.095098,50.783423],[6.095007,50.783422]]]},"id":85},{"type":"Feature","properties":{"id":"03j04xt","name":"Hasenwaldstraße","kind":"minor","district":"richterich","level":"richterich-4","importance":1073,"center":[6.070514,50.810186],"length":147},"geometry":{"type":"LineString","coordinates":[[6.069808,50.810118],[6.070731,50.810199],[6.071884,50.810203]]},"id":86},{"type":"Feature","properties":{"id":"03ogv98","name":"Quinxer Straße","kind":"minor","district":"haaren","level":"haaren-2","importance":1094,"center":[6.157884,50.796407],"length":188},"geometry":{"type":"LineString","coordinates":[[6.156809,50.795899],[6.156864,50.795974],[6.158977,50.796871]]},"id":87},{"type":"Feature","properties":{"id":"03phn9l","name":"In den Heimgärten","kind":"minor","district":"aachen-mitte","level":"aachen-mitte-25","importance":1115,"center":[6.100072,50.764241],"length":229},"geometry":{"type":"LineString","coordinates":[[6.100573,50.764758],[6.098863,50.763]]},"id":88},{"type":"Feature","properties":{"id":"03s114p","name":"Blumenstraße","kind":"minor","district":"haaren","level":"haaren-2","importance":1128,"center":[6.158647,50.797204],"length":256},"geometry":{"type":"MultiLineString","coordinates":[[[6.158977,50.796871],[6.157754,50.798064]],[[6.159107,50.796001],[6.159093,50.796451],[6.158977,50.796871]]]},"id":89},{"type":"Feature","properties":{"id":"03xxl3f","name":"Pfalzgrafenstraße","kind":"minor","district":"richterich","level":"richterich-3","importance":1241,"center":[6.051137,50.816256],"length":482},"geometry":{"type":"MultiLineString","coordinates":[[[6.051791,50.817747],[6.051432,50.81716],[6.051441,50.817034],[6.051693,50.816487],[6.051681,50.816408],[6.051608,50.816348],[6.049926,50.816007],[6.049858,50.815966],[6.050108,50.815326]],[[6.051653,50.81637],[6.051931,50.815822],[6.052085,50.815853],[6.052255,50.815536]]]},"id":90},{"type":"Feature","properties":{"id":"043ettb","name":"Cäcilienstraße","kind":"minor","district":"eilendorf","level":"eilendorf-5","importance":1040,"center":[6.175349,50.780108],"length":79},"geometry":{"type":"LineString","coordinates":[[6.174938,50.779948],[6.17576,50.780268],[6.175914,50.780295]]},"id":91},{"type":"Feature","properties":{"id":"043f5db","name":"Ritscheider Weg","kind":"path","district":"kornelimuenster-walheim","level":"kornelimuenster-walheim-9","importance":25,"center":[6.132808,50.716468],"length":50},"geometry":{"type":"LineString","coordinates":[[6.133081,50.716327],[6.132534,50.716608]]},"id":92},{"type":"Feature","properties":{"id":"043p7r7","name":"Rudolfstraße","kind":"minor","district":"aachen-mitte","level":"aachen-mitte-17","importance":1245,"center":[6.098416,50.776805],"length":489},"geometry":{"type":"MultiLineString","coordinates":[[[6.099259,50.774908],[6.098292,50.777093]],[[6.099384,50.774594],[6.099388,50.774661],[6.099259,50.774908]],[[6.098292,50.777093],[6.098128,50.777394]],[[6.098128,50.777394],[6.097493,50.778824]]]},"id":93},{"type":"Feature","properties":{"id":"043uvc8","name":"Würselener Wall","kind":"minor","district":"aachen-mitte","level":"aachen-mitte-23","importance":1051,"center":[6.094057,50.790491],"length":102},"geometry":{"type":"LineString","coordinates":[[6.093494,50.790632],[6.094527,50.790389],[6.094838,50.790288]]},"id":94},{"type":"Feature","properties":{"id":"046jlbp","name":"Suermondtplatz","kind":"minor","district":"aachen-mitte","level":"aachen-mitte-13","importance":1052,"center":[6.091297,50.773305],"length":103},"geometry":{"type":"LineString","coordinates":[[6.091292,50.773601],[6.091139,50.773566],[6.091058,50.773477],[6.091099,50.773365],[6.091264,50.773304],[6.091443,50.77334],[6.091523,50.773442],[6.091462,50.773553],[6.091292,50.773601]]},"id":95},{"type":"Feature","properties":{"id":"04743uz","name":"Tönnesrather Weg","kind":"minor","district":"aachen-mitte","level":"aachen-mitte-34","importance":1116,"center":[6.077836,50.743841],"length":232},"geometry":{"type":"LineString","coordinates":[[6.079514,50.743997],[6.078198,50.743922],[6.076357,50.743486]]},"id":96},{"type":"Feature","properties":{"id":"048bz3a","name":"Quellenweg","kind":"minor","district":"laurensberg","level":"laurensberg-5","importance":1180,"center":[6.053668,50.780721],"length":359},"geometry":{"type":"MultiLineString","coordinates":[[[6.054937,50.780635],[6.053275,50.781104]],[[6.053794,50.780956],[6.053033,50.779505]],[[6.053543,50.780486],[6.053111,50.780585]],[[6.053291,50.780014],[6.052909,50.780101]]]},"id":97},{"type":"Feature","properties":{"id":"049ajc0","name":"Bärenstraße","kind":"minor","district":"aachen-mitte","level":"aachen-mitte-12","importance":1118,"center":[6.074436,50.776168],"length":237},"geometry":{"type":"LineString","coordinates":[[6.07385,50.77523],[6.074303,50.775885],[6.074514,50.776405],[6.074537,50.776843],[6.074437,50.777272]]},"id":98},{"type":"Feature","properties":{"id":"04a05hh","name":"Brander Marktplatz","kind":"square","district":"brand","level":"brand-1","importance":3000,"center":[6.164177,50.748519],"length":0},"geometry":{"type":"Polygon","coordinates":[[[6.16356,50.748725],[6.163532,50.748786],[6.164122,50.748899],[6.164339,50.748954],[6.164449,50.748835],[6.164411,50.748801],[6.164571,50.748426],[6.164615,50.748396],[6.164373,50.748205],[6.163829,50.748105],[6.16356,50.748725]]]},"id":99},{"type":"Feature","properties":{"id":"04cty2i","name":"Dorfstraße","kind":"minor","district":"kornelimuenster-walheim","level":"kornelimuenster-walheim-7","importance":1372,"center":[6.200399,50.710046],"length":744},"geometry":{"type":"MultiLineString","coordinates":[[[6.197259,50.711406],[6.197188,50.711316],[6.197162,50.711103],[6.197249,50.710781],[6.197352,50.710667],[6.19788,50.710392],[6.197946,50.710304]],[[6.200237,50.709615],[6.200278,50.709676],[6.200298,50.709922]],[[6.200298,50.709922],[6.200335,50.710015],[6.200509,50.710074],[6.200954,50.710096],[6.201587,50.710039],[6.202069,50.710037],[6.203003,50.710208]],[[6.203003,50.710208],[6.203991,50.710297],[6.204339,50.710387],[6.204933,50.710595]],[[6.197946,50.710304],[6.198089,50.710053],[6.198857,50.709449],[6.200237,50.709615]]]},"id":100},{"type":"Feature","properties":{"id":"04dg6xf","name":"Alois-Riedler-Straße","kind":"minor","district":"laurensberg","level":"laurensberg-3","importance":1081,"center":[6.042593,50.785412],"length":161},"geometry":{"type":"LineString","coordinates":[[6.041349,50.785416],[6.043644,50.785402]]},"id":101},{"type":"Feature","properties":{"id":"04f3jsf","name":"Beverstraße","kind":"minor","district":"aachen-mitte","level":"aachen-mitte-29","importance":1223,"center":[6.113724,50.769702],"length":446},"geometry":{"type":"MultiLineString","coordinates":[[[6.115,50.769941],[6.115777,50.770426]],[[6.115777,50.770426],[6.116135,50.770686]],[[6.114849,50.769865],[6.114546,50.769805],[6.110922,50.769359],[6.110788,50.769322],[6.110678,50.769229]],[[6.116135,50.770686],[6.116241,50.770767]],[[6.115,50.769941],[6.114849,50.769865]]]},"id":102},{"type":"Feature","properties":{"id":"04f3uwl","name":"Gulpener Straße","kind":"minor","district":"aachen-mitte","level":"aachen-mitte-28","importance":1075,"center":[6.053907,50.774793],"length":150},"geometry":{"type":"LineString","coordinates":[[6.054077,50.774023],[6.053948,50.774419],[6.053913,50.774686],[6.053961,50.775363]]},"id":103},{"type":"Feature","properties":{"id":"04i1qbn","name":"Goldbachstraße","kind":"minor","district":"aachen-mitte","level":"aachen-mitte-27","importance":1112,"center":[6.086991,50.753198],"length":223},"geometry":{"type":"LineString","coordinates":[[6.085796,50.752964],[6.08623,50.752958],[6.086574,50.753018],[6.088517,50.753887]]},"id":104},{"type":"Feature","properties":{"id":"04jconw","name":"Keltenstraße","kind":"minor","district":"laurensberg","level":"laurensberg-7","importance":1243,"center":[6.026991,50.768016],"length":487},"geometry":{"type":"MultiLineString","coordinates":[[[6.026584,50.767744],[6.025948,50.767414],[6.025445,50.767106],[6.025222,50.766939],[6.024805,50.76653]],[[6.028619,50.770034],[6.02802,50.768965]],[[6.02802,50.768965],[6.027276,50.768234],[6.026584,50.767744]],[[6.028642,50.770081],[6.028619,50.770034]]]},"id":105},{"type":"Feature","properties":{"id":"04jp47k","name":"Wiesental","kind":"minor","district":"aachen-mitte","level":"aachen-mitte-23","importance":1099,"center":[6.108349,50.782594],"length":199},"geometry":{"type":"LineString","coordinates":[[6.109322,50.78309],[6.109032,50.782966],[6.107146,50.781952]]},"id":106},{"type":"Feature","properties":{"id":"04lkinv","name":"Hainbuchenstraße","kind":"minor","district":"aachen-mitte","level":"aachen-mitte-18","importance":1200,"center":[6.06592,50.777894],"length":401},"geometry":{"type":"MultiLineString","coordinates":[[[6.067952,50.777047],[6.065424,50.778094],[6.064934,50.7782],[6.064387,50.778213]],[[6.066116,50.777814],[6.065673,50.777379]],[[6.064078,50.778198],[6.063885,50.77822],[6.063704,50.778356]],[[6.064387,50.778213],[6.064078,50.778198]]]},"id":107},{"type":"Feature","properties":{"id":"04lsrh2","name":"Bendelstraße","kind":"minor","district":"aachen-mitte","level":"aachen-mitte-10","importance":1167,"center":[6.079739,50.773644],"length":334},"geometry":{"type":"MultiLineString","coordinates":[[[6.078416,50.77302],[6.078272,50.772954],[6.078158,50.772634]],[[6.081543,50.77462],[6.080829,50.774352],[6.079664,50.773598],[6.078416,50.77302]]]},"id":108},{"type":"Feature","properties":{"id":"04mlw1u","name":"Ningbostraße","kind":"minor","district":"aachen-mitte","level":"aachen-mitte-34","importance":1182,"center":[6.134511,50.75109],"length":365},"geometry":{"type":"LineString","coordinates":[[6.135679,50.752164],[6.135532,50.752028],[6.135311,50.75171],[6.134993,50.75142],[6.134672,50.751221],[6.134351,50.750958],[6.134082,50.750615],[6.133832,50.750417],[6.133838,50.750336],[6.135209,50.74969]]},"id":109},{"type":"Feature","properties":{"id":"04nnlff","name":"Hofweg","kind":"minor","district":"laurensberg","level":"laurensberg-3","importance":1080,"center":[6.052197,50.800027],"length":159},"geometry":{"type":"MultiLineString","coordinates":[[[6.052187,50.799435],[6.052295,50.799725],[6.052283,50.799837],[6.052117,50.800209],[6.052118,50.8003],[6.052178,50.800457],[6.052311,50.800603]],[[6.052311,50.800603],[6.052431,50.800544]],[[6.052311,50.800603],[6.052281,50.80072]]]},"id":110},{"type":"Feature","properties":{"id":"04pgt9r","name":"Oberforstbacher Straße","kind":"major","district":"kornelimuenster-walheim","level":"kornelimuenster-walheim-1","importance":4000,"center":[6.152629,50.726534],"length":4347},"geometry":{"type":"MultiLineString","coordinates":[[[6.175994,50.729468],[6.174204,50.729687],[6.17202,50.729905],[6.170036,50.729959],[6.167765,50.729969],[6.166421,50.730219]],[[6.177979,50.728875],[6.17754,50.729142],[6.177354,50.729212],[6.176698,50.729344]],[[6.143932,50.723815],[6.144453,50.724265],[6.1447,50.724427],[6.145322,50.724678],[6.145452,50.724687],[6.14568,50.724578]],[[6.174657,50.729116],[6.175254,50.729014]],[[6.138192,50.718514],[6.139016,50.717977]],[[6.175254,50.729014],[6.175513,50.729535]],[[6.145286,50.724407],[6.144054,50.723746]],[[6.15073,50.726527],[6.149931,50.726642],[6.14962,50.726607],[6.147449,50.725357],[6.14602,50.724723]],[[6.166421,50.730219],[6.165986,50.730322]],[[6.158969,50.727755],[6.158564,50.727641],[6.158131,50.727573],[6.15761,50.727569],[6.155959,50.72772],[6.154956,50.727923],[6.15457,50.727921]],[[6.15457,50.727921],[6.154216,50.727781],[6.15273,50.726583],[6.152528,50.726485],[6.152154,50.726381],[6.151951,50.72637],[6.15073,50.726527]],[[6.176698,50.729344],[6.175994,50.729468]],[[6.164612,50.730475],[6.162787,50.729368],[6.162567,50.72929],[6.161434,50.729016],[6.161039,50.728828],[6.160308,50.728335],[6.158969,50.727755]],[[6.165391,50.730446],[6.164918,50.730521],[6.164612,50.730475]],[[6.141004,50.721318],[6.140461,50.72089],[6.138933,50.718979],[6.137066,50.717817],[6.136728,50.717688],[6.134676,50.717071],[6.131896,50.715778]],[[6.143316,50.723157],[6.142231,50.72231]],[[6.142231,50.72231],[6.141978,50.722101]],[[6.141978,50.722101],[6.141004,50.721318]],[[6.14602,50.724723],[6.145286,50.724407]],[[6.144054,50.723746],[6.143316,50.723157]],[[6.165986,50.730322],[6.165391,50.730446]]]},"id":111},{"type":"Feature","properties":{"id":"04ptx2c","name":"Buchenstraße","kind":"minor","district":"kornelimuenster-walheim","level":"kornelimuenster-walheim-2","importance":1145,"center":[6.170205,50.70277],"length":289},"geometry":{"type":"LineString","coordinates":[[6.169777,50.703927],[6.169908,50.703318],[6.170429,50.702346],[6.171506,50.701669]]},"id":112},{"type":"Feature","properties":{"id":"04qy9qp","name":"Schleswigstraße","kind":"minor","district":"aachen-mitte","level":"aachen-mitte-26","importance":1198,"center":[6.114266,50.774269],"length":397},"geometry":{"type":"MultiLineString","coordinates":[[[6.112606,50.774663],[6.113569,50.774732],[6.114081,50.774399]],[[6.115513,50.773739],[6.115464,50.773742]],[[6.115464,50.773742],[6.114726,50.773795]],[[6.114726,50.773795],[6.112815,50.77364]],[[6.114081,50.774399],[6.114739,50.773945],[6.114726,50.773795]]]},"id":113},{"type":"Feature","properties":{"id":"04r35s0","name":"Bischof-Hemmerle-Weg","kind":"minor","district":"aachen-mitte","level":"aachen-mitte-34","importance":1122,"center":[6.077685,50.743083],"length":244},"geometry":{"type":"LineString","coordinates":[[6.079409,50.742938],[6.078894,50.743125],[6.078675,50.743154],[6.078416,50.743154],[6.077372,50.743051],[6.077121,50.743047],[6.076865,50.743089],[6.076604,50.74324],[6.076357,50.743486]]},"id":114},{"type":"Feature","properties":{"id":"04rnt8s","name":"Kreuzherrenstraße","kind":"minor","district":"aachen-mitte","level":"aachen-mitte-12","importance":1064,"center":[6.081054,50.780774],"length":129},"geometry":{"type":"MultiLineString","coordinates":[[[6.081452,50.781229],[6.08116,50.780894]],[[6.08116,50.780894],[6.080526,50.78023]]]},"id":115},{"type":"Feature","properties":{"id":"04t7hjp","name":"Frohnrather Weg","kind":"path","district":"richterich","level":"richterich-5","importance":1000,"center":[6.039227,50.846917],"length":2496},"geometry":{"type":"MultiLineString","coordinates":[[[6.041268,50.83608],[6.040556,50.836989],[6.039703,50.83843],[6.039374,50.839104],[6.038871,50.840615],[6.038774,50.842341],[6.03871,50.842765],[6.038573,50.843434],[6.038097,50.844975],[6.038101,50.845232],[6.040616,50.84902],[6.040949,50.849349],[6.041354,50.849639],[6.044909,50.851144],[6.04858,50.852106],[6.048934,50.852271],[6.050318,50.853071],[6.051772,50.853507]],[[6.041476,50.835746],[6.041562,50.835822],[6.041268,50.83608]]]},"id":116},{"type":"Feature","properties":{"id":"04thrb4","name":"Heidweg","kind":"minor","district":"aachen-mitte","level":"aachen-mitte-34","importance":1444,"center":[6.089446,50.741815],"length":888},"geometry":{"type":"MultiLineString","coordinates":[[[6.08856,50.74113],[6.088366,50.740997],[6.088539,50.740864],[6.08862,50.740713],[6.088694,50.740668],[6.089006,50.740651],[6.089225,50.740543],[6.089439,50.740509],[6.090047,50.740796]],[[6.088997,50.741641],[6.089035,50.741795],[6.089432,50.74183],[6.089581,50.741291],[6.08967,50.7412],[6.090002,50.741061]],[[6.089061,50.742563],[6.089392,50.74252],[6.089614,50.742591],[6.089744,50.742767],[6.089777,50.743016],[6.089533,50.743399],[6.089107,50.743629],[6.088795,50.743889]],[[6.088795,50.743889],[6.087867,50.744436]],[[6.089782,50.73951],[6.090073,50.739742],[6.090047,50.740796],[6.089989,50.741136]],[[6.089989,50.741136],[6.089872,50.741809]]]},"id":117},{"type":"Feature","properties":{"id":"04u0ki3","name":"Speerwinkel","kind":"minor","district":"kornelimuenster-walheim","level":"kornelimuenster-walheim-5","importance":1078,"center":[6.135386,50.71525],"length":157},"geometry":{"type":"LineString","coordinates":[[6.134354,50.715357],[6.134902,50.715627],[6.13587,50.714873]]},"id":118},{"type":"Feature","properties":{"id":"04va2so","name":"Krämerstraße","kind":"square","district":"aachen-mitte","level":"aachen-mitte-1","importance":3000,"center":[6.084254,50.776156],"length":0},"geometry":{"type":"Polygon","coordinates":[[[6.084241,50.776253],[6.084346,50.776097],[6.084286,50.776073],[6.084214,50.77608],[6.084138,50.7762],[6.084201,50.776207],[6.084241,50.776253]]]},"id":119},{"type":"Feature","properties":{"id":"04vql3f","name":"Rochusstraße","kind":"minor","district":"aachen-mitte","level":"aachen-mitte-11","importance":1265,"center":[6.088395,50.780185],"length":529},"geometry":{"type":"MultiLineString","coordinates":[[[6.08483,50.779786],[6.085553,50.779697],[6.086154,50.779786]],[[6.088142,50.780146],[6.086154,50.779786]],[[6.088142,50.780146],[6.090242,50.78052],[6.090414,50.780608]],[[6.089547,50.780391],[6.089767,50.779941],[6.089888,50.779789],[6.090311,50.779533],[6.090403,50.779515]]]},"id":120},{"type":"Feature","properties":{"id":"04vye5t","name":"Marshallstraße","kind":"minor","district":"aachen-mitte","level":"aachen-mitte-31","importance":1056,"center":[6.108045,50.756979],"length":112},"geometry":{"type":"LineString","coordinates":[[6.107569,50.756813],[6.108956,50.757304]]},"id":121},{"type":"Feature","properties":{"id":"04yhdsl","name":"Klauser Straße","kind":"minor","district":"kornelimuenster-walheim","level":"kornelimuenster-walheim-8","importance":1768,"center":[6.184075,50.733075],"length":1535},"geometry":{"type":"MultiLineString","coordinates":[[[6.181966,50.729418],[6.181823,50.729596]],[[6.182031,50.730233],[6.182403,50.730545]],[[6.18539,50.734894],[6.184488,50.735056],[6.181326,50.735805],[6.180989,50.735817],[6.180949,50.735791]],[[6.181823,50.729596],[6.181795,50.729757],[6.181876,50.729927],[6.182403,50.730545]],[[6.1829,50.731279],[6.184813,50.734193],[6.18539,50.734894],[6.185735,50.735197],[6.186008,50.73552],[6.186313,50.73608],[6.186863,50.736743],[6.187095,50.737137]],[[6.180949,50.735791],[6.180761,50.735648]],[[6.182403,50.730545],[6.1829,50.731279]],[[6.180761,50.735648],[6.178988,50.734296]]]},"id":122},{"type":"Feature","properties":{"id":"04ys0wh","name":"Franz-Marc-Straße","kind":"minor","district":"kornelimuenster-walheim","level":"kornelimuenster-walheim-6","importance":1066,"center":[6.170024,50.727286],"length":133},"geometry":{"type":"MultiLineString","coordinates":[[[6.170753,50.727637],[6.16965,50.72709]],[[6.16965,50.72709],[6.169976,50.726865]]]},"id":123},{"type":"Feature","properties":{"id":"0501jlm","name":"Schönrathstraße","kind":"minor","district":"aachen-mitte","level":"aachen-mitte-29","importance":1316,"center":[6.118779,50.766184],"length":632},"geometry":{"type":"MultiLineString","coordinates":[[[6.121873,50.768278],[6.121719,50.768172]],[[6.121719,50.768172],[6.1188,50.766196],[6.115875,50.764573]],[[6.118556,50.765569],[6.118196,50.765867]]]},"id":124},{"type":"Feature","properties":{"id":"052axg1","name":"Im Tannengrund","kind":"minor","district":"brand","level":"brand-6","importance":1064,"center":[6.189723,50.753506],"length":127},"geometry":{"type":"LineString","coordinates":[[6.188945,50.753371],[6.189643,50.753468],[6.189804,50.753545],[6.190671,50.753679]]},"id":125},{"type":"Feature","properties":{"id":"054215m","name":"Schurzelter Winkel","kind":"minor","district":"laurensberg","level":"laurensberg-5","importance":1283,"center":[6.058997,50.793804],"length":566},"geometry":{"type":"MultiLineString","coordinates":[[[6.058227,50.794229],[6.058924,50.794292]],[[6.0589,50.793926],[6.059727,50.794197]],[[6.059412,50.793709],[6.059843,50.79385]],[[6.059877,50.793123],[6.060314,50.793263]],[[6.05965,50.793412],[6.060072,50.793546]],[[6.058752,50.794849],[6.058779,50.794736],[6.058145,50.794678]],[[6.058123,50.79479],[6.058227,50.794229],[6.05829,50.794119],[6.058426,50.794011],[6.058564,50.793962],[6.0589,50.793926],[6.059095,50.793683],[6.059158,50.793655],[6.059412,50.793709],[6.059877,50.793123],[6.059828,50.793085],[6.060041,50.79284]]]},"id":126},{"type":"Feature","properties":{"id":"05519l8","name":"Eisenbahnweg","kind":"major","district":"aachen-mitte","level":"aachen-mitte-7","importance":3756,"center":[6.127944,50.772718],"length":1511},"geometry":{"type":"MultiLineString","coordinates":[[[6.137561,50.77045],[6.137472,50.770543]],[[6.128144,50.772694],[6.127124,50.772777],[6.126619,50.772746],[6.123342,50.772399],[6.12287,50.772339],[6.121692,50.772102],[6.121253,50.771932]],[[6.120054,50.771138],[6.119222,50.770493]],[[6.121253,50.771932],[6.121133,50.771859]],[[6.119222,50.770493],[6.118493,50.769787]],[[6.130692,50.772248],[6.130106,50.77236]],[[6.137472,50.770543],[6.137296,50.770704]],[[6.137111,50.770854],[6.136496,50.771218],[6.135949,50.771389],[6.13535,50.771506]],[[6.137296,50.770704],[6.137111,50.770854]],[[6.130106,50.77236],[6.129261,50.772503]],[[6.13535,50.771506],[6.131561,50.772097]],[[6.129261,50.772503],[6.128144,50.772694]],[[6.12049,50.771423],[6.120054,50.771138]],[[6.120932,50.771721],[6.12049,50.771423]],[[6.131561,50.772097],[6.130692,50.772248]]]},"id":127},{"type":"Feature","properties":{"id":"055sil1","name":"Schlossstraße","kind":"minor","district":"aachen-mitte","level":"aachen-mitte-20","importance":1080,"center":[6.101518,50.768845],"length":160},"geometry":{"type":"LineString","coordinates":[[6.100546,50.769408],[6.102224,50.768437]]},"id":128},{"type":"Feature","properties":{"id":"05840ok","name":"Karlshof","kind":"square","district":"aachen-mitte","level":"aachen-mitte-1","importance":3000,"center":[6.083926,50.777104],"length":0},"geometry":{"type":"Polygon","coordinates":[[[6.083774,50.777007],[6.08369,50.776977],[6.083524,50.777166],[6.083999,50.777335],[6.08404,50.777293],[6.084017,50.777283],[6.084098,50.777197],[6.084,50.777158],[6.084086,50.777069],[6.084183,50.777107],[6.084193,50.777096],[6.084055,50.777043],[6.084064,50.77702],[6.083973,50.776985],[6.083934,50.776996],[6.083821,50.776953],[6.083774,50.777007]]]},"id":129},{"type":"Feature","properties":{"id":"059synq","name":"Robert-Koch-Straße","kind":"minor","district":"aachen-mitte","level":"aachen-mitte-29","importance":1167,"center":[6.115564,50.769403],"length":334},"geometry":{"type":"MultiLineString","coordinates":[[[6.115844,50.768235],[6.115093,50.76857],[6.114956,50.768672],[6.114915,50.768818],[6.115212,50.769232],[6.116926,50.770069]],[[6.117148,50.770199],[6.116926,50.770069]],[[6.116017,50.768176],[6.115844,50.768235]]]},"id":130},{"type":"Feature","properties":{"id":"05d48ta","name":"Annastraße","kind":"minor","district":"aachen-mitte","level":"aachen-mitte-9","importance":1146,"center":[6.081261,50.773578],"length":292},"geometry":{"type":"MultiLineString","coordinates":[[[6.080461,50.772466],[6.08051,50.772871],[6.080552,50.772978],[6.0807,50.77313]],[[6.081324,50.773618],[6.082243,50.774374],[6.082522,50.774509],[6.082712,50.774547]],[[6.0807,50.77313],[6.081197,50.773538]],[[6.081197,50.773538],[6.081324,50.773618]]]},"id":131},{"type":"Feature","properties":{"id":"05dsqut","name":"Krautmühlenweg","kind":"minor","district":"aachen-mitte","level":"aachen-mitte-29","importance":1227,"center":[6.113573,50.765966],"length":454},"geometry":{"type":"MultiLineString","coordinates":[[[6.113757,50.767069],[6.113445,50.766812]],[[6.11398,50.765968],[6.113868,50.765947],[6.113279,50.765985]],[[6.113279,50.765985],[6.113115,50.765536],[6.113105,50.76533],[6.113191,50.765141],[6.113529,50.764889],[6.113839,50.764711]],[[6.113839,50.764711],[6.114471,50.764454],[6.11526,50.764375],[6.115295,50.7644]],[[6.113445,50.766812],[6.113279,50.765985]]]},"id":132},{"type":"Feature","properties":{"id":"05f85uk","name":"Antoniusstraße","kind":"minor","district":"aachen-mitte","level":"aachen-mitte-11","importance":1081,"center":[6.087119,50.776803],"length":162},"geometry":{"type":"LineString","coordinates":[[6.085783,50.776358],[6.086978,50.776728],[6.087681,50.777149]]},"id":133},{"type":"Feature","properties":{"id":"05fdn2d","name":"Wolferskaulwinkel","kind":"minor","district":"brand","level":"brand-2","importance":1079,"center":[6.158177,50.748374],"length":157},"geometry":{"type":"LineString","coordinates":[[6.157159,50.748591],[6.157943,50.748619],[6.158062,50.748597],[6.158254,50.748187],[6.15835,50.747783]]},"id":134},{"type":"Feature","properties":{"id":"05hjhho","name":"Sandkaulstraße","kind":"major","district":"aachen-mitte","level":"aachen-mitte-3","importance":3199,"center":[6.08815,50.780117],"length":398},"geometry":{"type":"MultiLineString","coordinates":[[[6.088202,50.78188],[6.08806,50.781755],[6.087928,50.78137]],[[6.088632,50.77864],[6.088657,50.778539]],[[6.088657,50.778539],[6.088703,50.778383]],[[6.088142,50.780146],[6.08844,50.779355],[6.088632,50.77864]],[[6.087928,50.78137],[6.087939,50.781046]],[[6.087939,50.781046],[6.088142,50.780146]]]},"id":135},{"type":"Feature","properties":{"id":"05insdm","name":"Schützenstraße","kind":"minor","district":"aachen-mitte","level":"aachen-mitte-13","importance":1072,"center":[6.09109,50.771695],"length":144},"geometry":{"type":"MultiLineString","coordinates":[[[6.090769,50.771571],[6.091986,50.772079]],[[6.090453,50.771274],[6.090657,50.771525],[6.090769,50.771571]]]},"id":136},{"type":"Feature","properties":{"id":"05jycpu","name":"Rosenweg","kind":"minor","district":"aachen-mitte","level":"aachen-mitte-33","importance":1171,"center":[6.128373,50.764523],"length":341},"geometry":{"type":"MultiLineString","coordinates":[[[6.127266,50.76491],[6.126694,50.765265]],[[6.127348,50.76497],[6.129397,50.764075],[6.129472,50.763972],[6.129415,50.763867]],[[6.129415,50.763867],[6.128533,50.763349]]]},"id":137},{"type":"Feature","properties":{"id":"05nnhie","name":"Melatener Straße","kind":"minor","district":"aachen-mitte","level":"aachen-mitte-18","importance":1847,"center":[6.063341,50.777135],"length":1694},"geometry":{"type":"MultiLineString","coordinates":[[[6.068101,50.776835],[6.068128,50.776989],[6.068019,50.777044],[6.067885,50.777025],[6.067841,50.776868]],[[6.053819,50.778328],[6.055657,50.778173],[6.05624,50.778069]],[[6.05624,50.778069],[6.058911,50.777497]],[[6.070681,50.776684],[6.070689,50.776605],[6.071182,50.776608],[6.071192,50.776337]],[[6.059091,50.777468],[6.059976,50.777296],[6.060872,50.777202],[6.062321,50.777194],[6.063565,50.777115],[6.064678,50.776932],[6.065401,50.77678],[6.06567,50.776754]],[[6.06567,50.776754],[6.067549,50.776871],[6.068101,50.776835],[6.068644,50.776719],[6.069108,50.776661],[6.072606,50.776734]],[[6.072606,50.776734],[6.072762,50.776694],[6.072808,50.77657]],[[6.073066,50.776756],[6.072606,50.776734]],[[6.058911,50.777497],[6.059091,50.777468]],[[6.05213,50.779204],[6.052266,50.779183],[6.052486,50.779094]],[[6.052486,50.779094],[6.053319,50.778496],[6.053581,50.778384],[6.053819,50.778328]]]},"id":138},{"type":"Feature","properties":{"id":"05pl1w1","name":"Moreller Weg","kind":"minor","district":"aachen-mitte","level":"aachen-mitte-21","importance":1215,"center":[6.066412,50.763662],"length":431},"geometry":{"type":"LineString","coordinates":[[6.063729,50.76286],[6.064567,50.763185],[6.065746,50.763534],[6.067079,50.76379],[6.069145,50.764056],[6.069465,50.763999]]},"id":139},{"type":"Feature","properties":{"id":"05ploc5","name":"Ringstraße","kind":"minor","district":"brand","level":"brand-4","importance":1818,"center":[6.161602,50.746781],"length":1636},"geometry":{"type":"MultiLineString","coordinates":[[[6.159515,50.751275],[6.159494,50.750989]],[[6.159626,50.751563],[6.159536,50.751429]],[[6.161507,50.746888],[6.160907,50.74667],[6.160846,50.746533],[6.160261,50.746327]],[[6.165024,50.74555],[6.165707,50.746421]],[[6.16252,50.74623],[6.16322,50.74593],[6.163336,50.745847],[6.163564,50.745264],[6.163775,50.745125],[6.163932,50.745083]],[[6.16634,50.747308],[6.166363,50.747609],[6.166466,50.747905],[6.16693,50.74832]],[[6.163932,50.745083],[6.164102,50.745086],[6.164487,50.745175],[6.164729,50.745289],[6.165024,50.74555]],[[6.165707,50.746421],[6.166308,50.74706],[6.16634,50.747308]],[[6.160731,50.74776],[6.161767,50.746606],[6.16252,50.74623]],[[6.159494,50.750989],[6.159436,50.74939],[6.159487,50.749209],[6.159855,50.748748]],[[6.15835,50.75113],[6.159238,50.750997]],[[6.161826,50.746562],[6.161482,50.746245],[6.161192,50.746188],[6.161104,50.746087],[6.160755,50.746]],[[6.16322,50.74593],[6.162761,50.745436]],[[6.15938,50.750993],[6.159494,50.750989]],[[6.159238,50.750997],[6.15938,50.750993]],[[6.159529,50.751377],[6.159515,50.751275]],[[6.159536,50.751429],[6.159529,50.751377]],[[6.160565,50.747941],[6.160731,50.74776]],[[6.159855,50.748748],[6.160565,50.747941]]]},"id":140},{"type":"Feature","properties":{"id":"05qpjh6","name":"Hanbrucher Weg","kind":"path","district":"aachen-mitte","level":"aachen-mitte-39","importance":121,"center":[6.062476,50.765145],"length":242},"geometry":{"type":"MultiLineString","coordinates":[[[6.062732,50.76608],[6.062511,50.765702],[6.0625,50.765215],[6.062453,50.765076]],[[6.062453,50.765076],[6.061865,50.764464],[6.061468,50.764117]]]},"id":141},{"type":"Feature","properties":{"id":"05tg8d0","name":"Narzissenweg","kind":"path","district":"aachen-mitte","level":"aachen-mitte-38","importance":35,"center":[6.067359,50.767139],"length":70},"geometry":{"type":"LineString","coordinates":[[6.067765,50.767317],[6.066952,50.766962]]},"id":142},{"type":"Feature","properties":{"id":"05w6pwp","name":"Im Roth","kind":"minor","district":"brand","level":"brand-3","importance":1241,"center":[6.170505,50.757579],"length":482},"geometry":{"type":"MultiLineString","coordinates":[[[6.170229,50.757849],[6.171101,50.758163],[6.170923,50.758387],[6.171023,50.758597]],[[6.170229,50.757849],[6.170475,50.757624],[6.170666,50.757319],[6.172482,50.757781]],[[6.170666,50.757319],[6.17074,50.757201],[6.171222,50.757323],[6.171151,50.75744]],[[6.169219,50.757354],[6.169692,50.75763],[6.170229,50.757849]]]},"id":143},{"type":"Feature","properties":{"id":"05xbc1z","name":"Lintertweg","kind":"path","district":"aachen-mitte","level":"aachen-mitte-40","importance":131,"center":[6.124988,50.747583],"length":262},"geometry":{"type":"MultiLineString","coordinates":[[[6.123336,50.748216],[6.124172,50.747921],[6.124818,50.747651]],[[6.125313,50.747458],[6.12569,50.74732]],[[6.124818,50.747651],[6.125313,50.747458]],[[6.12569,50.74732],[6.1265,50.746971]]]},"id":144},{"type":"Feature","properties":{"id":"05y4yon","name":"Maarweg","kind":"minor","district":"kornelimuenster-walheim","level":"kornelimuenster-walheim-6","importance":1165,"center":[6.15793,50.718038],"length":329},"geometry":{"type":"LineString","coordinates":[[6.160009,50.719062],[6.159964,50.719012],[6.158132,50.718144],[6.156329,50.717243]]},"id":145},{"type":"Feature","properties":{"id":"061rfuh","name":"Schurzelter Mühle","kind":"minor","district":"laurensberg","level":"laurensberg-3","importance":1236,"center":[6.055366,50.796334],"length":472},"geometry":{"type":"LineString","coordinates":[[6.053621,50.796274],[6.054896,50.796299],[6.0561,50.796421],[6.056428,50.79659],[6.056755,50.796945],[6.056737,50.797005],[6.05624,50.797189],[6.054221,50.79629]]},"id":146},{"type":"Feature","properties":{"id":"069eyhv","name":"Am Friedrich","kind":"minor","district":"aachen-mitte","level":"aachen-mitte-28","importance":1133,"center":[6.049667,50.76312],"length":265},"geometry":{"type":"LineString","coordinates":[[6.050901,50.764026],[6.050537,50.7639],[6.050262,50.763724],[6.049477,50.762935],[6.048932,50.762509],[6.048732,50.762514],[6.048375,50.762648]]},"id":147},{"type":"Feature","properties":{"id":"06blvky","name":"Am Weberhof","kind":"minor","district":"aachen-mitte","level":"aachen-mitte-23","importance":1125,"center":[6.090433,50.791059],"length":251},"geometry":{"type":"LineString","coordinates":[[6.089865,50.789987],[6.090576,50.791299],[6.090968,50.792133]]},"id":148},{"type":"Feature","properties":{"id":"06cm0m2","name":"Salvatorberg","kind":"path","district":"aachen-mitte","level":"aachen-mitte-38","importance":116,"center":[6.084877,50.783786],"length":231},"geometry":{"type":"MultiLineString","coordinates":[[[6.084835,50.783807],[6.084919,50.783765],[6.085998,50.783704]],[[6.085998,50.783704],[6.08612,50.783705]],[[6.084499,50.784948],[6.084638,50.784836],[6.084672,50.78472],[6.08469,50.784444],[6.084584,50.784004],[6.084611,50.783922],[6.084835,50.783807]]]},"id":149},{"type":"Feature","properties":{"id":"06fvtzt","name":"Gemmenicher Weg","kind":"minor","district":"laurensberg","level":"laurensberg-7","importance":2000,"center":[6.042146,50.764143],"length":2441},"geometry":{"type":"MultiLineString","coordinates":[[[6.032196,50.760121],[6.034367,50.760333],[6.034589,50.760375]],[[6.05294,50.767094],[6.051491,50.766551],[6.050676,50.766301],[6.050215,50.766215],[6.049349,50.766125],[6.048351,50.766119],[6.048092,50.766093]],[[6.039118,50.762495],[6.039071,50.762233],[6.038118,50.760635],[6.037458,50.759785],[6.037231,50.759559]],[[6.037231,50.759559],[6.036856,50.759357]],[[6.045331,50.765503],[6.045428,50.765479],[6.045654,50.765335]],[[6.036856,50.759357],[6.03665,50.759261],[6.035953,50.758736]],[[6.035953,50.758736],[6.035908,50.75867],[6.035929,50.758568],[6.036157,50.758368]],[[6.048092,50.766093],[6.047662,50.766002],[6.047137,50.765831],[6.046497,50.765728],[6.045654,50.765335]],[[6.039027,50.762445],[6.041132,50.763575],[6.041757,50.76399],[6.042293,50.764191],[6.043026,50.764378],[6.043478,50.764537],[6.044419,50.765008],[6.045262,50.765492],[6.045331,50.765503]],[[6.034589,50.760375],[6.036929,50.761609],[6.038109,50.761986],[6.038875,50.762366]],[[6.038875,50.762366],[6.039027,50.762445]],[[6.055534,50.767653],[6.055408,50.76768],[6.05519,50.767674],[6.054667,50.767587],[6.05294,50.767094]]]},"id":150},{"type":"Feature","properties":{"id":"06fyfnx","name":"Auf der Hüls","kind":"major","district":"haaren","level":"haaren-1","importance":4000,"center":[6.134154,50.787061],"length":2304},"geometry":{"type":"MultiLineString","coordinates":[[[6.128238,50.792679],[6.127705,50.792895],[6.127154,50.793187]],[[6.128238,50.792679],[6.128908,50.792326],[6.129666,50.791841],[6.131162,50.790626]],[[6.135238,50.780913],[6.135472,50.780894]],[[6.135238,50.780913],[6.135185,50.781321]],[[6.138433,50.781467],[6.138338,50.781405],[6.136528,50.780791],[6.136148,50.780557],[6.135216,50.780207]],[[6.132457,50.789857],[6.132534,50.789806]],[[6.135216,50.780207],[6.135249,50.780585],[6.135368,50.780775]],[[6.132226,50.789991],[6.132457,50.789857]],[[6.132534,50.789806],[6.132823,50.789597],[6.133183,50.789266]],[[6.133912,50.787671],[6.134359,50.786576]],[[6.126902,50.793315],[6.125082,50.794318],[6.124902,50.794511]],[[6.127154,50.793187],[6.126902,50.793315]],[[6.133793,50.779691],[6.133878,50.779722]],[[6.133878,50.779722],[6.134336,50.7799],[6.13458,50.78003],[6.134863,50.780239],[6.135158,50.780628],[6.135238,50.780913]],[[6.135185,50.781321],[6.134614,50.782433],[6.134218,50.783432],[6.134216,50.78366],[6.134494,50.785339]],[[6.131162,50.790626],[6.13156,50.790354],[6.132226,50.789991]],[[6.133183,50.789266],[6.133604,50.788795],[6.133696,50.788593]],[[6.124902,50.794511],[6.124862,50.79461]],[[6.134359,50.786576],[6.134469,50.78629],[6.13454,50.785892]],[[6.133696,50.788593],[6.133912,50.787671]],[[6.134494,50.785339],[6.134538,50.785713]]]},"id":151},{"type":"Feature","properties":{"id":"06gfydq","name":"Kurfürstenstraße","kind":"minor","district":"aachen-mitte","level":"aachen-mitte-20","importance":1112,"center":[6.109859,50.772196],"length":223},"geometry":{"type":"LineString","coordinates":[[6.110473,50.770764],[6.109631,50.772701]]},"id":152},{"type":"Feature","properties":{"id":"06hv90x","name":"Martinstraße","kind":"minor","district":"aachen-mitte","level":"aachen-mitte-11","importance":1065,"center":[6.086299,50.779259],"length":130},"geometry":{"type":"LineString","coordinates":[[6.086154,50.779786],[6.086465,50.778637]]},"id":153},{"type":"Feature","properties":{"id":"06ijquu","name":"Trifft","kind":"minor","district":"kornelimuenster-walheim","level":"kornelimuenster-walheim-3","importance":1362,"center":[6.142476,50.690058],"length":724},"geometry":{"type":"MultiLineString","coordinates":[[[6.142923,50.689541],[6.143078,50.68934],[6.143668,50.688831],[6.143696,50.688739],[6.14237,50.686999],[6.142326,50.686866]],[[6.139455,50.692198],[6.13999,50.691552],[6.140363,50.691206]],[[6.140363,50.691206],[6.140837,50.690693],[6.141001,50.690575],[6.1411,50.690547]],[[6.141318,50.69054],[6.141864,50.690443],[6.142095,50.690358],[6.142606,50.689938],[6.142923,50.689541]]]},"id":154},{"type":"Feature","properties":{"id":"06jozxm","name":"Rombachstraße","kind":"minor","district":"brand","level":"brand-2","importance":1332,"center":[6.155739,50.749712],"length":663},"geometry":{"type":"MultiLineString","coordinates":[[[6.153174,50.751482],[6.154103,50.750932]],[[6.155239,50.75009],[6.156212,50.749349]],[[6.1546,50.75057],[6.155239,50.75009]],[[6.156212,50.749349],[6.157159,50.748591]],[[6.157159,50.748591],[6.1573,50.748428],[6.157365,50.748264],[6.157379,50.747602],[6.157637,50.747046]],[[6.152557,50.751832],[6.153174,50.751482]],[[6.154103,50.750932],[6.1546,50.75057]]]},"id":155},{"type":"Feature","properties":{"id":"06kb785","name":"Soerser Winkel","kind":"minor","district":"laurensberg","level":"laurensberg-8","importance":1202,"center":[6.088249,50.792339],"length":403},"geometry":{"type":"MultiLineString","coordinates":[[[6.089828,50.792567],[6.088578,50.792856],[6.087931,50.791875]],[[6.087982,50.791939],[6.08834,50.791854]],[[6.088387,50.792558],[6.088818,50.792467]],[[6.088427,50.792618],[6.087768,50.792766]],[[6.088027,50.792022],[6.087441,50.792161],[6.087301,50.792124]],[[6.088111,50.79212],[6.088495,50.792024]]]},"id":156},{"type":"Feature","properties":{"id":"06laoxc","name":"Rotterdell","kind":"major","district":"kornelimuenster-walheim","level":"kornelimuenster-walheim-1","importance":3436,"center":[6.186254,50.681518],"length":873},"geometry":{"type":"MultiLineString","coordinates":[[[6.183718,50.681898],[6.182537,50.682096],[6.182361,50.682095],[6.181136,50.681713]],[[6.192135,50.680686],[6.193103,50.680571]],[[6.190834,50.680861],[6.192135,50.680686]],[[6.183718,50.681898],[6.186874,50.681414],[6.190834,50.680861]]]},"id":157},{"type":"Feature","properties":{"id":"06pr0bn","name":"Goldammerweg","kind":"minor","district":"aachen-mitte","level":"aachen-mitte-33","importance":1255,"center":[6.133523,50.769432],"length":510},"geometry":{"type":"MultiLineString","coordinates":[[[6.133228,50.768618],[6.132096,50.769187],[6.132594,50.769414],[6.13268,50.769428],[6.134211,50.769435]],[[6.134211,50.769435],[6.137636,50.769451],[6.137767,50.769482]]]},"id":158},{"type":"Feature","properties":{"id":"06sa0tz","name":"Nerscheider Weg","kind":"major","district":"kornelimuenster-walheim","level":"kornelimuenster-walheim-1","importance":3898,"center":[6.145155,50.716595],"length":1796},"geometry":{"type":"MultiLineString","coordinates":[[[6.148143,50.716769],[6.147984,50.716865],[6.147878,50.716872],[6.147274,50.716766],[6.146491,50.716672],[6.142206,50.716447]],[[6.152459,50.718369],[6.149282,50.717262]],[[6.149282,50.717262],[6.148713,50.717046],[6.148143,50.716769]],[[6.156495,50.719963],[6.156483,50.71983],[6.156314,50.719703],[6.154212,50.718984]],[[6.154212,50.718984],[6.152459,50.718369]],[[6.142206,50.716447],[6.139326,50.716265],[6.138599,50.716118],[6.137286,50.714879],[6.13448,50.713492]]]},"id":159},{"type":"Feature","properties":{"id":"06sjjqn","name":"Turpinstraße","kind":"major","district":"aachen-mitte","level":"aachen-mitte-7","importance":3423,"center":[6.109656,50.767171],"length":846},"geometry":{"type":"MultiLineString","coordinates":[[[6.104395,50.767715],[6.107212,50.766728],[6.108105,50.766836]],[[6.108266,50.76687],[6.108382,50.766855],[6.108948,50.766926]],[[6.113593,50.769685],[6.113659,50.769515]],[[6.113659,50.769515],[6.113882,50.769642],[6.113854,50.769719]],[[6.1096,50.767165],[6.109711,50.767177],[6.113659,50.769515]],[[6.108948,50.766926],[6.109424,50.767014],[6.109533,50.767062],[6.1096,50.767165]],[[6.108105,50.766836],[6.108266,50.76687]]]},"id":160},{"type":"Feature","properties":{"id":"06t1e3d","name":"Kapitelstraße","kind":"minor","district":"aachen-mitte","level":"aachen-mitte-16","importance":1073,"center":[6.092567,50.766698],"length":146},"geometry":{"type":"MultiLineString","coordinates":[[[6.093133,50.766368],[6.092,50.767027]],[[6.093321,50.766261],[6.093722,50.76603]]]},"id":161},{"type":"Feature","properties":{"id":"06t4nj9","name":"Landoltweg","kind":"path","district":"aachen-mitte","level":"aachen-mitte-38","importance":68,"center":[6.072186,50.777987],"length":136},"geometry":{"type":"MultiLineString","coordinates":[[[6.072208,50.777991],[6.073048,50.778157]],[[6.071214,50.777773],[6.071546,50.777848]],[[6.071546,50.777848],[6.072208,50.777991]]]},"id":162},{"type":"Feature","properties":{"id":"06uotvg","name":"Merowingerstraße","kind":"major","district":"aachen-mitte","level":"aachen-mitte-6","importance":3237,"center":[6.091646,50.789549],"length":474},"geometry":{"type":"MultiLineString","coordinates":[[[6.094449,50.788303],[6.094114,50.788505]],[[6.094114,50.788505],[6.092777,50.78915],[6.091998,50.789442],[6.091294,50.789656],[6.090658,50.789828],[6.089865,50.789987],[6.088522,50.79019]]]},"id":163},{"type":"Feature","properties":{"id":"06v430z","name":"Neumarkt","kind":"minor","district":"aachen-mitte","level":"aachen-mitte-20","importance":1090,"center":[6.106767,50.768555],"length":179},"geometry":{"type":"MultiLineString","coordinates":[[[6.106881,50.768166],[6.106648,50.768961]],[[6.105854,50.768855],[6.10611,50.768067]]]},"id":164},{"type":"Feature","properties":{"id":"06w12ds","name":"Bischofstraße","kind":"minor","district":"aachen-mitte","level":"aachen-mitte-26","importance":1083,"center":[6.1084,50.779153],"length":167},"geometry":{"type":"LineString","coordinates":[[6.109074,50.779456],[6.107125,50.778599]]},"id":165},{"type":"Feature","properties":{"id":"071oxhn","name":"Viktoriaallee","kind":"major","district":"aachen-mitte","level":"aachen-mitte-6","importance":3411,"center":[6.108464,50.768776],"length":821},"geometry":{"type":"MultiLineString","coordinates":[[[6.1096,50.767165],[6.109509,50.767275],[6.109372,50.767351],[6.108979,50.767446],[6.108871,50.767504],[6.1086,50.768365]],[[6.107743,50.770255],[6.108079,50.769153]],[[6.107807,50.770417],[6.107729,50.770385],[6.107743,50.770255]],[[6.107961,50.770283],[6.107938,50.770365],[6.107807,50.770417]],[[6.108079,50.769153],[6.108347,50.768335]],[[6.108347,50.768335],[6.108641,50.767474],[6.10861,50.767408],[6.108304,50.767228],[6.108201,50.767099],[6.108176,50.766977],[6.108266,50.76687]],[[6.107961,50.770283],[6.108129,50.769804]],[[6.108129,50.769804],[6.108331,50.769184]],[[6.108331,50.769184],[6.1086,50.768365]]]},"id":166},{"type":"Feature","properties":{"id":"0735zl0","name":"Siebweg","kind":"path","district":"richterich","level":"richterich-5","importance":44,"center":[6.072465,50.807344],"length":89},"geometry":{"type":"MultiLineString","coordinates":[[[6.072461,50.807362],[6.072446,50.80742],[6.071923,50.807376]],[[6.072532,50.806956],[6.072461,50.807362]]]},"id":167},{"type":"Feature","properties":{"id":"073vz71","name":"Auf dem Juch","kind":"path","district":"eilendorf","level":"eilendorf-5","importance":49,"center":[6.144271,50.772577],"length":99},"geometry":{"type":"LineString","coordinates":[[6.143854,50.772985],[6.143898,50.772899],[6.144644,50.772254]]},"id":168},{"type":"Feature","properties":{"id":"074dapc","name":"Walheimer Straße","kind":"minor","district":"kornelimuenster-walheim","level":"kornelimuenster-walheim-2","importance":1627,"center":[6.161242,50.701908],"length":1254},"geometry":{"type":"MultiLineString","coordinates":[[[6.153275,50.69996],[6.154198,50.700145]],[[6.162077,50.702128],[6.164191,50.702671]],[[6.164191,50.702671],[6.165908,50.703136],[6.16863,50.703802],[6.169217,50.703889],[6.169777,50.703927]],[[6.154198,50.700145],[6.154733,50.700215],[6.156026,50.700259],[6.156686,50.700371],[6.157339,50.70058],[6.158498,50.701025],[6.160407,50.701688],[6.162077,50.702128]]]},"id":169},{"type":"Feature","properties":{"id":"07764un","name":"Benediktusplatz","kind":"minor","district":"kornelimuenster-walheim","level":"kornelimuenster-walheim-7","importance":1090,"center":[6.183101,50.728634],"length":179},"geometry":{"type":"MultiLineString","coordinates":[[[6.182857,50.728659],[6.182779,50.728845],[6.182554,50.729016]],[[6.183185,50.728207],[6.18318,50.728264],[6.183538,50.728673],[6.183507,50.728731]],[[6.183676,50.728854],[6.183507,50.728731]],[[6.183507,50.728731],[6.183333,50.728648],[6.183206,50.728629],[6.182857,50.728659]]]},"id":170},{"type":"Feature","properties":{"id":"077h46x","name":"Im Wiesengrund","kind":"minor","district":"brand","level":"brand-4","importance":1169,"center":[6.159663,50.746179],"length":338},"geometry":{"type":"LineString","coordinates":[[6.158841,50.747362],[6.160065,50.745564],[6.160073,50.745413],[6.160011,50.745277],[6.159853,50.745141],[6.159588,50.745007],[6.15903,50.744816]]},"id":171},{"type":"Feature","properties":{"id":"0783mfq","name":"Eilfschornsteinstraße","kind":"minor","district":"aachen-mitte","level":"aachen-mitte-12","importance":1103,"center":[6.079985,50.777437],"length":206},"geometry":{"type":"LineString","coordinates":[[6.080908,50.776677],[6.080163,50.777176],[6.079796,50.777753],[6.079398,50.778122],[6.079366,50.778216]]},"id":172},{"type":"Feature","properties":{"id":"07ae0ul","name":"Sedanstraße","kind":"major","district":"aachen-mitte","level":"aachen-mitte-7","importance":3268,"center":[6.1127,50.774178],"length":535},"geometry":{"type":"MultiLineString","coordinates":[[[6.113117,50.772135],[6.112998,50.77278]],[[6.112326,50.774116],[6.112412,50.773686],[6.112799,50.773722]],[[6.112375,50.775736],[6.112294,50.775958],[6.11212,50.776204]],[[6.112392,50.77566],[6.112375,50.775736]],[[6.112606,50.774663],[6.112392,50.77566]],[[6.112998,50.77278],[6.112606,50.774663]]]},"id":173},{"type":"Feature","properties":{"id":"07i7hsj","name":"Im Purweider Feld","kind":"minor","district":"laurensberg","level":"laurensberg-8","importance":1081,"center":[6.086343,50.789765],"length":162},"geometry":{"type":"MultiLineString","coordinates":[[[6.085658,50.790035],[6.087186,50.789439]],[[6.087269,50.789535],[6.087124,50.789584],[6.087028,50.789496]],[[6.087186,50.789439],[6.087269,50.789535]]]},"id":174},{"type":"Feature","properties":{"id":"07mklpy","name":"Hasenfeld","kind":"minor","district":"aachen-mitte","level":"aachen-mitte-31","importance":1317,"center":[6.105366,50.749351],"length":633},"geometry":{"type":"LineString","coordinates":[[6.104347,50.751379],[6.104117,50.750996],[6.10353,50.750393],[6.103471,50.750275],[6.103487,50.750133],[6.103741,50.749853],[6.104205,50.749584],[6.104445,50.7495],[6.105235,50.749344],[6.105497,50.749358],[6.105758,50.749407],[6.106091,50.749631],[6.10764,50.751648]]},"id":175},{"type":"Feature","properties":{"id":"07otdtv","name":"Friedrich-Wilhelm-Straße","kind":"minor","district":"eilendorf","level":"eilendorf-2","importance":1221,"center":[6.157632,50.781027],"length":443},"geometry":{"type":"MultiLineString","coordinates":[[[6.156339,50.780368],[6.156613,50.780397],[6.156806,50.780464],[6.157962,50.781251],[6.159826,50.782622]],[[6.156423,50.780057],[6.156147,50.780014],[6.155504,50.779574]]]},"id":176},{"type":"Feature","properties":{"id":"07pkv43","name":"Erzbergerallee","kind":"major","district":"aachen-mitte","level":"aachen-mitte-7","importance":3484,"center":[6.110877,50.762845],"length":968},"geometry":{"type":"MultiLineString","coordinates":[[[6.108948,50.766926],[6.10905,50.766607]],[[6.109226,50.766069],[6.109275,50.765921]],[[6.109694,50.764543],[6.109975,50.76402],[6.110689,50.763289],[6.110797,50.763096],[6.110963,50.762613],[6.111344,50.762053],[6.111402,50.761907],[6.111413,50.761401],[6.111582,50.760923],[6.111758,50.760675],[6.112312,50.760101],[6.112396,50.759959],[6.11245,50.759703],[6.112442,50.759125]],[[6.10905,50.766607],[6.109226,50.766069]],[[6.109327,50.76577],[6.109528,50.764942]],[[6.109275,50.765921],[6.109327,50.76577]],[[6.112442,50.759125],[6.112416,50.758654]],[[6.109528,50.764942],[6.109694,50.764543]]]},"id":177},{"type":"Feature","properties":{"id":"07qwo5d","name":"Vogesenstraße","kind":"minor","district":"kornelimuenster-walheim","level":"kornelimuenster-walheim-3","importance":1056,"center":[6.166994,50.691343],"length":113},"geometry":{"type":"LineString","coordinates":[[6.167498,50.691561],[6.166173,50.690995]]},"id":178},{"type":"Feature","properties":{"id":"07rb474","name":"Reutershagwinkel","kind":"minor","district":"laurensberg","level":"laurensberg-4","importance":1087,"center":[6.036094,50.770806],"length":174},"geometry":{"type":"LineString","coordinates":[[6.036797,50.770437],[6.036668,50.770374],[6.036148,50.770361],[6.036059,50.771222],[6.035981,50.771253],[6.035965,50.771465]]},"id":179},{"type":"Feature","properties":{"id":"07s2rb0","name":"Am Römerhof","kind":"minor","district":"aachen-mitte","level":"aachen-mitte-31","importance":1332,"center":[6.108096,50.759891],"length":664},"geometry":{"type":"MultiLineString","coordinates":[[[6.110451,50.758414],[6.109817,50.759146],[6.109508,50.759397],[6.108657,50.759783]],[[6.107156,50.759671],[6.107654,50.759242]],[[6.107218,50.759618],[6.107669,50.759923],[6.107883,50.760127]],[[6.107464,50.759402],[6.107873,50.759655],[6.108188,50.759987]],[[6.10753,50.760282],[6.106637,50.760833],[6.106136,50.761283]],[[6.108657,50.759783],[6.10753,50.760282]]]},"id":180},{"type":"Feature","properties":{"id":"07sgvtd","name":"Gut Grenzhof","kind":"path","district":"aachen-mitte","level":"aachen-mitte-40","importance":120,"center":[6.088642,50.726044],"length":241},"geometry":{"type":"LineString","coordinates":[[6.089534,50.726087],[6.086127,50.725919]]},"id":181},{"type":"Feature","properties":{"id":"07sj6bk","name":"Soerser Tal","kind":"minor","district":"aachen-mitte","level":"aachen-mitte-23","importance":1135,"center":[6.091675,50.79107],"length":270},"geometry":{"type":"LineString","coordinates":[[6.089123,50.791604],[6.092775,50.790842]]},"id":182},{"type":"Feature","properties":{"id":"07t03pz","name":"Dresdener Straße","kind":"major","district":"aachen-mitte","level":"aachen-mitte-7","importance":3257,"center":[6.124816,50.778687],"length":514},"geometry":{"type":"MultiLineString","coordinates":[[[6.123041,50.780715],[6.123201,50.780539]],[[6.124145,50.779509],[6.124519,50.779058]],[[6.123201,50.780539],[6.123608,50.780118]],[[6.123608,50.780118],[6.123849,50.779853]],[[6.123849,50.779853],[6.124145,50.779509]],[[6.124519,50.779058],[6.124897,50.77859]],[[6.125839,50.777617],[6.126275,50.777363],[6.127169,50.776989]],[[6.124897,50.77859],[6.125417,50.77797],[6.125839,50.777617]]]},"id":183},{"type":"Feature","properties":{"id":"07t926o","name":"Richtericher Straße","kind":"minor","district":"richterich","level":"richterich-4","importance":1409,"center":[6.071503,50.811273],"length":819},"geometry":{"type":"MultiLineString","coordinates":[[[6.071537,50.807934],[6.072322,50.809986],[6.072311,50.810323],[6.072171,50.810623]],[[6.069911,50.812113],[6.070344,50.812388],[6.070428,50.812381],[6.070864,50.812658]],[[6.070784,50.812608],[6.070711,50.812666]],[[6.070717,50.811647],[6.071496,50.812155]],[[6.071707,50.811292],[6.071747,50.811427],[6.071929,50.811544],[6.071944,50.811649]],[[6.071655,50.811287],[6.071351,50.811259],[6.069911,50.812113],[6.06979,50.812139],[6.069471,50.812342]],[[6.072171,50.810623],[6.071707,50.811292],[6.071655,50.811287]]]},"id":184},{"type":"Feature","properties":{"id":"07ue3rj","name":"Kaltbachgässchen","kind":"path","district":"aachen-mitte","level":"aachen-mitte-38","importance":25,"center":[6.092517,50.763743],"length":51},"geometry":{"type":"LineString","coordinates":[[6.092195,50.763567],[6.092734,50.763867]]},"id":185},{"type":"Feature","properties":{"id":"07zynxr","name":"Am Burgberg","kind":"minor","district":"haaren","level":"haaren-4","importance":1350,"center":[6.125108,50.800286],"length":700},"geometry":{"type":"MultiLineString","coordinates":[[[6.1272,50.801453],[6.126803,50.800979],[6.126663,50.800877],[6.12647,50.800785],[6.125879,50.80063],[6.12547,50.800486],[6.122946,50.799132],[6.122795,50.799047],[6.122669,50.798915],[6.122409,50.798778]],[[6.124671,50.799563],[6.123745,50.799025]],[[6.124066,50.799219],[6.123651,50.799511]],[[6.12647,50.800785],[6.126587,50.800703],[6.127322,50.80038]],[[6.124546,50.800395],[6.124832,50.800133]]]},"id":186},{"type":"Feature","properties":{"id":"08042v1","name":"Nirmer Weg","kind":"minor","district":"eilendorf","level":"eilendorf-5","importance":1177,"center":[6.152841,50.788695],"length":354},"geometry":{"type":"LineString","coordinates":[[6.154685,50.787694],[6.154069,50.788152],[6.150732,50.789635]]},"id":187},{"type":"Feature","properties":{"id":"080fioe","name":"Gneisenaustraße","kind":"minor","district":"aachen-mitte","level":"aachen-mitte-26","importance":1248,"center":[6.112817,50.777952],"length":495},"geometry":{"type":"MultiLineString","coordinates":[[[6.109708,50.776823],[6.111166,50.777387]],[[6.111166,50.777387],[6.111656,50.777576],[6.111756,50.777569],[6.112366,50.777789]],[[6.113419,50.778236],[6.114773,50.778935],[6.115672,50.779094]],[[6.112667,50.777897],[6.112967,50.778006],[6.113419,50.778236]],[[6.112366,50.777789],[6.112667,50.777897]]]},"id":188},{"type":"Feature","properties":{"id":"080oo2j","name":"Amyastraße","kind":"minor","district":"aachen-mitte","level":"aachen-mitte-22","importance":1376,"center":[6.088136,50.758523],"length":752},"geometry":{"type":"LineString","coordinates":[[6.086665,50.761305],[6.087711,50.76109],[6.088009,50.76092],[6.088116,50.760802],[6.08821,50.760459],[6.088256,50.760004],[6.088271,50.759455],[6.088226,50.759005],[6.087931,50.757421],[6.087935,50.756175],[6.087786,50.75569],[6.08762,50.75553],[6.087444,50.755433],[6.08716,50.755349]]},"id":189},{"type":"Feature","properties":{"id":"08230hl","name":"Galmeistraße","kind":"minor","district":"eilendorf","level":"eilendorf-2","importance":1032,"center":[6.149471,50.777085],"length":64},"geometry":{"type":"LineString","coordinates":[[6.149259,50.777341],[6.149684,50.776828]]},"id":190},{"type":"Feature","properties":{"id":"083bp2i","name":"Luxemburger Ring","kind":"major","district":"aachen-mitte","level":"aachen-mitte-6","importance":3672,"center":[6.079645,50.750451],"length":1343},"geometry":{"type":"MultiLineString","coordinates":[[[6.071998,50.750748],[6.072377,50.750584]],[[6.075527,50.750065],[6.078206,50.750518],[6.078832,50.750586],[6.07911,50.750589],[6.079745,50.750529],[6.081064,50.750242]],[[6.074269,50.750041],[6.07479,50.750005],[6.075527,50.750065]],[[6.072759,50.750438],[6.073818,50.750124]],[[6.084837,50.75041],[6.084043,50.750283],[6.083819,50.75028],[6.083749,50.750346]],[[6.077596,50.750415],[6.077626,50.750352],[6.077727,50.750332],[6.07854,50.750466],[6.078779,50.750481],[6.079255,50.75048],[6.079611,50.750444],[6.079679,50.750457],[6.079745,50.750529]],[[6.085692,50.750501],[6.086343,50.750278]],[[6.073818,50.750124],[6.074269,50.750041]],[[6.072541,50.750517],[6.072759,50.750438]],[[6.086343,50.750278],[6.086849,50.750166]],[[6.081064,50.750242],[6.081806,50.750124],[6.082279,50.750117],[6.083,50.750207],[6.084775,50.750539]],[[6.084775,50.750539],[6.08531,50.750569],[6.085692,50.750501]],[[6.072423,50.750565],[6.072541,50.750517]],[[6.072377,50.750584],[6.072423,50.750565]]]},"id":191},{"type":"Feature","properties":{"id":"084wmwv","name":"Bungartsweg","kind":"minor","district":"laurensberg","level":"laurensberg-8","importance":2000,"center":[5.986272,50.803741],"length":2156},"geometry":{"type":"MultiLineString","coordinates":[[[5.996236,50.799276],[5.995802,50.799585],[5.995542,50.799727],[5.995192,50.799852],[5.994698,50.799977],[5.994365,50.800129],[5.993187,50.801107],[5.992268,50.801697],[5.992111,50.801735]],[[5.992111,50.801735],[5.991461,50.801835],[5.991061,50.80186],[5.99081,50.801859],[5.990263,50.801737],[5.990123,50.801769],[5.989643,50.801937],[5.98926,50.802105],[5.989026,50.802244],[5.988353,50.802868],[5.987873,50.803169],[5.987491,50.803363],[5.987119,50.803502],[5.986478,50.803666],[5.986065,50.803815],[5.985735,50.803969],[5.985298,50.804237],[5.985049,50.804278],[5.984668,50.804259],[5.984083,50.803924],[5.982731,50.803055],[5.982292,50.802761],[5.982059,50.802545],[5.981881,50.802176],[5.981827,50.801956],[5.98169,50.800073],[5.981448,50.799681],[5.981164,50.799429],[5.980849,50.799354],[5.978226,50.799664],[5.975279,50.798549],[5.975162,50.798473]],[[5.975162,50.798473],[5.975037,50.798237]]]},"id":192},{"type":"Feature","properties":{"id":"086bidj","name":"Hahnweg","kind":"minor","district":"eilendorf","level":"eilendorf-4","importance":1113,"center":[6.159847,50.784185],"length":227},"geometry":{"type":"LineString","coordinates":[[6.158658,50.783345],[6.160804,50.78487]]},"id":193},{"type":"Feature","properties":{"id":"086f0u4","name":"Im Fuchsbau","kind":"minor","district":"kornelimuenster-walheim","level":"kornelimuenster-walheim-5","importance":1129,"center":[6.151519,50.719465],"length":257},"geometry":{"type":"MultiLineString","coordinates":[[[6.150912,50.720167],[6.151223,50.719811]],[[6.151223,50.719811],[6.151371,50.720062]],[[6.151223,50.719811],[6.152459,50.718369]]]},"id":194},{"type":"Feature","properties":{"id":"08amj86","name":"Walkweg","kind":"minor","district":"brand","level":"brand-5","importance":1080,"center":[6.168412,50.744305],"length":160},"geometry":{"type":"LineString","coordinates":[[6.169468,50.744786],[6.168656,50.744442],[6.167706,50.743878]]},"id":195},{"type":"Feature","properties":{"id":"08exquc","name":"Ellerstraße","kind":"minor","district":"brand","level":"brand-3","importance":1221,"center":[6.16478,50.751615],"length":442},"geometry":{"type":"MultiLineString","coordinates":[[[6.163264,50.749962],[6.163949,50.750591]],[[6.163949,50.750591],[6.164574,50.751288],[6.165997,50.753526]]]},"id":196},{"type":"Feature","properties":{"id":"08hiwy7","name":"Tilsiter Straße","kind":"minor","district":"aachen-mitte","level":"aachen-mitte-36","importance":1118,"center":[6.142749,50.758102],"length":237},"geometry":{"type":"MultiLineString","coordinates":[[[6.14174,50.757435],[6.14188,50.757639],[6.142101,50.757785],[6.142591,50.758007],[6.142907,50.758197]],[[6.142907,50.758197],[6.14324,50.758464],[6.14369,50.758266]],[[6.143098,50.758342],[6.143559,50.758133]]]},"id":197},{"type":"Feature","properties":{"id":"08hjko5","name":"Oligsbendengasse","kind":"minor","district":"aachen-mitte","level":"aachen-mitte-13","importance":1121,"center":[6.097413,50.773747],"length":242},"geometry":{"type":"MultiLineString","coordinates":[[[6.098609,50.773825],[6.097214,50.773734]],[[6.096992,50.773799],[6.096951,50.773837],[6.096895,50.774607]],[[6.097214,50.773734],[6.097188,50.773808],[6.096992,50.773799],[6.096996,50.773722],[6.097061,50.773679],[6.097169,50.773687],[6.097214,50.773734]]]},"id":198},{"type":"Feature","properties":{"id":"08ihhhe","name":"Korneliusmarkt","kind":"minor","district":"kornelimuenster-walheim","level":"kornelimuenster-walheim-7","importance":1092,"center":[6.182318,50.728248],"length":183},"geometry":{"type":"MultiLineString","coordinates":[[[6.182628,50.728377],[6.183063,50.728219],[6.183185,50.728207]],[[6.182476,50.728274],[6.182276,50.728246],[6.181295,50.728333]],[[6.182857,50.728659],[6.182628,50.728377]],[[6.181295,50.728333],[6.181261,50.728315]],[[6.182628,50.728377],[6.182476,50.728274]]]},"id":199},{"type":"Feature","properties":{"id":"08kfdnh","name":"Anton-Kurze-Allee","kind":"minor","district":"aachen-mitte","level":"aachen-mitte-21","importance":1244,"center":[6.076863,50.761331],"length":487},"geometry":{"type":"MultiLineString","coordinates":[[[6.075857,50.762395],[6.07596,50.762277],[6.076256,50.762119],[6.077392,50.760656],[6.077485,50.760632]],[[6.077485,50.760632],[6.077585,50.760456]],[[6.077485,50.760632],[6.077574,50.760678],[6.077573,50.760712]],[[6.077573,50.760712],[6.07709,50.761402],[6.076383,50.762278],[6.076368,50.762496]],[[6.077619,50.760408],[6.077594,50.760441]],[[6.077594,50.760441],[6.077585,50.760456]]]},"id":200},{"type":"Feature","properties":{"id":"08md738","name":"Drosselpfad","kind":"minor","district":"brand","level":"brand-5","importance":1072,"center":[6.164544,50.7428],"length":144},"geometry":{"type":"LineString","coordinates":[[6.165464,50.742921],[6.163624,50.742679],[6.163472,50.742629]]},"id":201},{"type":"Feature","properties":{"id":"08n7wc5","name":"Mostardstraße","kind":"minor","district":"aachen-mitte","level":"aachen-mitte-9","importance":1061,"center":[6.084182,50.777456],"length":122},"geometry":{"type":"MultiLineString","coordinates":[[[6.083675,50.777915],[6.08448,50.777181]],[[6.084555,50.777006],[6.08458,50.777078],[6.08448,50.777181]]]},"id":202},{"type":"Feature","properties":{"id":"08o5wwp","name":"Eulersweg","kind":"major","district":"laurensberg","level":"laurensberg-2","importance":3435,"center":[6.101247,50.799157],"length":870},"geometry":{"type":"MultiLineString","coordinates":[[[6.095218,50.799341],[6.095417,50.799253],[6.095606,50.799224]],[[6.105265,50.799038],[6.104795,50.799132]],[[6.09616,50.799217],[6.098296,50.799196]],[[6.103557,50.799112],[6.104657,50.799053],[6.105165,50.798943]],[[6.102083,50.799147],[6.102586,50.799133]],[[6.105352,50.798886],[6.105512,50.798831]],[[6.10325,50.799114],[6.103557,50.799112]],[[6.101352,50.799156],[6.101848,50.79915]],[[6.101848,50.79915],[6.102083,50.799147]],[[6.104795,50.799132],[6.104495,50.799163]],[[6.104495,50.799163],[6.104044,50.799163],[6.103557,50.799112]],[[6.095606,50.799224],[6.09616,50.799217]],[[6.098296,50.799196],[6.099012,50.799184]],[[6.099012,50.799184],[6.101142,50.799159]],[[6.105459,50.798984],[6.105265,50.799038]],[[6.105165,50.798943],[6.105352,50.798886]],[[6.102586,50.799133],[6.10325,50.799114]],[[6.101142,50.799159],[6.101352,50.799156]]]},"id":203},{"type":"Feature","properties":{"id":"08rph50","name":"Weststraße","kind":"minor","district":"aachen-mitte","level":"aachen-mitte-24","importance":1422,"center":[6.059383,50.770785],"length":844},"geometry":{"type":"MultiLineString","coordinates":[[[6.057912,50.770271],[6.059486,50.770821]],[[6.055062,50.768942],[6.055055,50.768869]],[[6.056111,50.769801],[6.0568,50.770054]],[[6.0568,50.770054],[6.056978,50.770117],[6.057067,50.770469],[6.057216,50.7705]],[[6.05507,50.769001],[6.05521,50.769204]],[[6.061558,50.771753],[6.062159,50.771983],[6.063036,50.772241],[6.063433,50.772303],[6.063974,50.77234],[6.064321,50.772332],[6.064515,50.772282]],[[6.06034,50.77119],[6.061558,50.771753]],[[6.05521,50.769204],[6.055543,50.769463],[6.056111,50.769801]],[[6.059486,50.770821],[6.06034,50.77119]],[[6.055062,50.768942],[6.05507,50.769001]],[[6.0575,50.770473],[6.057609,50.770426],[6.057729,50.770282],[6.057808,50.770258],[6.057912,50.770271]],[[6.057216,50.7705],[6.0575,50.770473]]]},"id":204},{"type":"Feature","properties":{"id":"08te2i1","name":"Meerssener Straße","kind":"minor","district":"aachen-mitte","level":"aachen-mitte-18","importance":1054,"center":[6.068714,50.774421],"length":108},"geometry":{"type":"LineString","coordinates":[[6.068586,50.774769],[6.06883,50.774057],[6.068866,50.773909],[6.068831,50.773822]]},"id":205},{"type":"Feature","properties":{"id":"08tvyu3","name":"Maria-Theresia-Allee","kind":"minor","district":"aachen-mitte","level":"aachen-mitte-27","importance":1913,"center":[6.078064,50.756932],"length":1826},"geometry":{"type":"MultiLineString","coordinates":[[[6.079036,50.759336],[6.079598,50.759509],[6.080036,50.759726],[6.080147,50.759714],[6.080215,50.758849],[6.08031,50.758779],[6.080442,50.758775]],[[6.072989,50.751884],[6.073814,50.752816]],[[6.078845,50.757824],[6.078932,50.758192],[6.078863,50.758801],[6.079036,50.759336],[6.079418,50.759821],[6.080057,50.760383],[6.080298,50.760693],[6.080683,50.76143],[6.080868,50.761699]],[[6.080868,50.761699],[6.081947,50.762903],[6.082329,50.763192]],[[6.073814,50.752816],[6.075687,50.75495],[6.076064,50.755276],[6.077537,50.756367],[6.078845,50.757824]],[[6.080147,50.759714],[6.080525,50.759549]],[[6.071998,50.750748],[6.072064,50.750828]],[[6.072064,50.750828],[6.072989,50.751884]]]},"id":206},{"type":"Feature","properties":{"id":"08w4t4t","name":"Monheimsallee","kind":"major","district":"aachen-mitte","level":"aachen-mitte-4","importance":3649,"center":[6.091567,50.779932],"length":1298},"geometry":{"type":"MultiLineString","coordinates":[[[6.094416,50.778297],[6.094145,50.778882],[6.093845,50.779194]],[[6.088202,50.78188],[6.093443,50.778833]],[[6.094071,50.778306],[6.09411,50.778236]],[[6.094251,50.778264],[6.093845,50.779194]],[[6.093206,50.779568],[6.091998,50.780257]],[[6.09002,50.781387],[6.088732,50.782112],[6.088558,50.782175]],[[6.091998,50.780257],[6.09002,50.781387]],[[6.093443,50.778833],[6.093855,50.778584]],[[6.093855,50.778584],[6.094071,50.778306]],[[6.093845,50.779194],[6.093206,50.779568]]]},"id":207},{"type":"Feature","properties":{"id":"08w73pg","name":"Vennblick","kind":"minor","district":"brand","level":"brand-5","importance":1058,"center":[6.16833,50.742694],"length":117},"geometry":{"type":"LineString","coordinates":[[6.167654,50.742551],[6.168037,50.742594],[6.168405,50.742723],[6.169006,50.743101]]},"id":208},{"type":"Feature","properties":{"id":"08y5lj4","name":"Lützowstraße","kind":"minor","district":"aachen-mitte","level":"aachen-mitte-26","importance":1167,"center":[6.116485,50.775714],"length":333},"geometry":{"type":"MultiLineString","coordinates":[[[6.116082,50.776015],[6.117749,50.774805]],[[6.115014,50.777181],[6.11497,50.777027],[6.116082,50.776015]]]},"id":209},{"type":"Feature","properties":{"id":"09077ke","name":"Blücherplatz","kind":"major","district":"aachen-mitte","level":"aachen-mitte-4","importance":3462,"center":[6.102114,50.779545],"length":925},"geometry":{"type":"MultiLineString","coordinates":[[[6.103918,50.779878],[6.103645,50.779878]],[[6.101123,50.779992],[6.101049,50.779989],[6.100881,50.779908],[6.100816,50.779771]],[[6.103918,50.779878],[6.104,50.779692]],[[6.101038,50.780001],[6.100513,50.780038]],[[6.10193,50.779189],[6.102068,50.779393],[6.102177,50.779943]],[[6.101398,50.779205],[6.102059,50.778643]],[[6.101038,50.780001],[6.100956,50.78004],[6.100903,50.780117],[6.100951,50.78027]],[[6.101123,50.779992],[6.101038,50.780001]],[[6.101414,50.779977],[6.101123,50.779992]],[[6.101229,50.779479],[6.1016,50.779302],[6.102136,50.77914],[6.102473,50.779111],[6.102966,50.77918]],[[6.102966,50.77918],[6.104,50.779692]],[[6.102059,50.778643],[6.102945,50.779121]],[[6.100513,50.780038],[6.100901,50.779701],[6.101229,50.779479]],[[6.102945,50.779121],[6.102966,50.77918]],[[6.101229,50.779479],[6.101398,50.779205]],[[6.103645,50.779878],[6.101414,50.779977]]]},"id":210},{"type":"Feature","properties":{"id":"0911ksx","name":"Purweider Weg","kind":"major","district":"laurensberg","level":"laurensberg-2","importance":3164,"center":[6.085921,50.790592],"length":327},"geometry":{"type":"MultiLineString","coordinates":[[[6.084035,50.790934],[6.084347,50.790824],[6.086026,50.790578]],[[6.088388,50.790214],[6.088522,50.79019]],[[6.086026,50.790578],[6.088388,50.790214]]]},"id":211},{"type":"Feature","properties":{"id":"095sg2f","name":"Steinbachstraße","kind":"minor","district":"laurensberg","level":"laurensberg-3","importance":1360,"center":[6.045914,50.784692],"length":720},"geometry":{"type":"MultiLineString","coordinates":[[[6.0459,50.787716],[6.045901,50.78668],[6.045995,50.786535],[6.046256,50.786403],[6.046421,50.786274],[6.046467,50.785972],[6.046452,50.785815],[6.046389,50.785739],[6.046079,50.785578],[6.045934,50.785446],[6.045906,50.783644],[6.045895,50.783552],[6.04576,50.783364],[6.045749,50.783238]],[[6.045722,50.781779],[6.045703,50.781653],[6.045564,50.781568]],[[6.045749,50.783238],[6.045722,50.781779]]]},"id":212},{"type":"Feature","properties":{"id":"095skxv","name":"Gut-Knapp-Straße","kind":"minor","district":"haaren","level":"haaren-2","importance":1125,"center":[6.152816,50.799694],"length":249},"geometry":{"type":"LineString","coordinates":[[6.153001,50.798512],[6.153108,50.798626],[6.153079,50.799141],[6.153035,50.799259],[6.152597,50.800129],[6.15209,50.800582]]},"id":213},{"type":"Feature","properties":{"id":"09aevlm","name":"Fingerhutsmühlenweg","kind":"minor","district":"eilendorf","level":"eilendorf-4","importance":1199,"center":[6.154555,50.786715],"length":398},"geometry":{"type":"MultiLineString","coordinates":[[[6.156305,50.78626],[6.155234,50.786071],[6.15468,50.786014],[6.154434,50.786079],[6.154323,50.786155],[6.154239,50.786374]],[[6.154323,50.786155],[6.153688,50.786029]],[[6.154193,50.786685],[6.154771,50.786726]],[[6.154212,50.787003],[6.154228,50.787066],[6.154132,50.787075],[6.154121,50.78701],[6.154212,50.787003]],[[6.153698,50.786584],[6.154193,50.786685]],[[6.154239,50.786374],[6.154192,50.786997]]]},"id":214},{"type":"Feature","properties":{"id":"09auccs","name":"Schmiedgasse","kind":"minor","district":"laurensberg","level":"laurensberg-7","importance":1136,"center":[6.032933,50.767587],"length":271},"geometry":{"type":"MultiLineString","coordinates":[[[6.033795,50.768647],[6.033864,50.768511],[6.033229,50.767978],[6.032785,50.76733]],[[6.032785,50.76733],[6.032703,50.767006],[6.032663,50.766416]]]},"id":215},{"type":"Feature","properties":{"id":"09ep8wq","name":"Schleckheimer Straße","kind":"major","district":"kornelimuenster-walheim","level":"kornelimuenster-walheim-1","importance":3893,"center":[6.168091,50.724358],"length":1787},"geometry":{"type":"MultiLineString","coordinates":[[[6.157393,50.719934],[6.161676,50.722756],[6.162002,50.722903],[6.162487,50.723037],[6.163955,50.723409],[6.164243,50.723456]],[[6.172242,50.725933],[6.172975,50.726211],[6.173325,50.726407]],[[6.164243,50.723456],[6.166194,50.723763],[6.167039,50.723933],[6.167445,50.724077],[6.169402,50.724932],[6.172242,50.725933]],[[6.173325,50.726407],[6.17429,50.726988],[6.176551,50.72822],[6.177979,50.728875]]]},"id":216},{"type":"Feature","properties":{"id":"09g9l1i","name":"Kelmesbergweg","kind":"minor","district":"haaren","level":"haaren-5","importance":1284,"center":[6.164843,50.793066],"length":569},"geometry":{"type":"MultiLineString","coordinates":[[[6.166804,50.794103],[6.165903,50.793262]],[[6.165233,50.792928],[6.165096,50.793005],[6.164719,50.79309],[6.164127,50.793379],[6.163405,50.792975]],[[6.163735,50.793146],[6.164543,50.792623]],[[6.163461,50.792138],[6.165729,50.793142],[6.165903,50.793262]]]},"id":217},{"type":"Feature","properties":{"id":"09hocri","name":"Am Schaafweg","kind":"minor","district":"kornelimuenster-walheim","level":"kornelimuenster-walheim-2","importance":1164,"center":[6.171831,50.707675],"length":329},"geometry":{"type":"MultiLineString","coordinates":[[[6.171596,50.707694],[6.171563,50.707628],[6.172028,50.7068]],[[6.173714,50.70809],[6.172644,50.707746],[6.172067,50.707656],[6.171157,50.707737],[6.170712,50.707672]]]},"id":218},{"type":"Feature","properties":{"id":"09jfa9g","name":"Im Erkfeld","kind":"minor","district":"richterich","level":"richterich-4","importance":1032,"center":[6.069508,50.811331],"length":63},"geometry":{"type":"LineString","coordinates":[[6.069183,50.811179],[6.069834,50.811484],[6.069922,50.81149]]},"id":219},{"type":"Feature","properties":{"id":"09jyp2k","name":"Akerweg","kind":"minor","district":"laurensberg","level":"laurensberg-8","importance":1112,"center":[6.026266,50.814605],"length":224},"geometry":{"type":"MultiLineString","coordinates":[[[6.027519,50.815223],[6.02543,50.8142],[6.025303,50.814084]],[[6.025303,50.814084],[6.02518,50.814071],[6.025,50.814105]]]},"id":220},{"type":"Feature","properties":{"id":"09jz2tq","name":"Kármánstraße","kind":"minor","district":"aachen-mitte","level":"aachen-mitte-12","importance":1078,"center":[6.079119,50.776502],"length":157},"geometry":{"type":"MultiLineString","coordinates":[[[6.079843,50.77594],[6.079217,50.776457],[6.07905,50.776525]],[[6.07905,50.776525],[6.078435,50.777021]]]},"id":221},{"type":"Feature","properties":{"id":"09kszqa","name":"Siedlung Daheim","kind":"minor","district":"aachen-mitte","level":"aachen-mitte-32","importance":1059,"center":[6.113712,50.793978],"length":118},"geometry":{"type":"LineString","coordinates":[[6.114201,50.794407],[6.113224,50.793548]]},"id":222},{"type":"Feature","properties":{"id":"09lbils","name":"Kirchheidstraße","kind":"minor","district":"brand","level":"brand-2","importance":1145,"center":[6.161419,50.749363],"length":289},"geometry":{"type":"MultiLineString","coordinates":[[[6.161515,50.749338],[6.161953,50.749527],[6.162242,50.749722],[6.162779,50.750172]],[[6.159855,50.748748],[6.161367,50.749284]],[[6.161367,50.749284],[6.161483,50.749266]],[[6.161483,50.749266],[6.161524,50.74932],[6.161468,50.749363],[6.161385,50.749354],[6.161367,50.749284]]]},"id":223},{"type":"Feature","properties":{"id":"09m3amz","name":"Röhrigstraße","kind":"minor","district":"brand","level":"brand-2","importance":1158,"center":[6.161097,50.749697],"length":317},"geometry":{"type":"MultiLineString","coordinates":[[[6.160728,50.751068],[6.16034,50.750701],[6.160344,50.750584],[6.161399,50.74936]],[[6.162166,50.748487],[6.161483,50.749266]]]},"id":224},{"type":"Feature","properties":{"id":"09nn1l4","name":"Kockerellstraße","kind":"minor","district":"aachen-mitte","level":"aachen-mitte-9","importance":1068,"center":[6.08152,50.77635],"length":135},"geometry":{"type":"MultiLineString","coordinates":[[[6.082214,50.775756],[6.082013,50.77593]],[[6.08199,50.775952],[6.081398,50.776446],[6.080977,50.776721]]]},"id":225},{"type":"Feature","properties":{"id":"09pva3z","name":"Am Bach","kind":"minor","district":"eilendorf","level":"eilendorf-4","importance":1040,"center":[6.163286,50.779936],"length":81},"geometry":{"type":"LineString","coordinates":[[6.163415,50.779599],[6.163434,50.779706],[6.163138,50.780159],[6.163135,50.780288]]},"id":226},{"type":"Feature","properties":{"id":"09zcspd","name":"Hohlgradweg","kind":"minor","district":"kornelimuenster-walheim","level":"kornelimuenster-walheim-2","importance":1082,"center":[6.174433,50.707384],"length":164},"geometry":{"type":"LineString","coordinates":[[6.175165,50.70742],[6.174902,50.707249],[6.174722,50.70719],[6.17459,50.707243],[6.173714,50.70809]]},"id":227},{"type":"Feature","properties":{"id":"0a2oipf","name":"Adlerberg","kind":"minor","district":"aachen-mitte","level":"aachen-mitte-22","importance":1031,"center":[6.091829,50.763401],"length":61},"geometry":{"type":"LineString","coordinates":[[6.092141,50.763629],[6.091959,50.763551],[6.091658,50.763188]]},"id":228},{"type":"Feature","properties":{"id":"0a3grks","name":"Kapuzinergasse","kind":"path","district":"aachen-mitte","level":"aachen-mitte-39","importance":71,"center":[6.104099,50.780834],"length":142},"geometry":{"type":"LineString","coordinates":[[6.104554,50.780429],[6.103396,50.781478]]},"id":229},{"type":"Feature","properties":{"id":"0a41zed","name":"Alte Würselener Straße","kind":"minor","district":"haaren","level":"haaren-2","importance":1172,"center":[6.149986,50.802307],"length":345},"geometry":{"type":"MultiLineString","coordinates":[[[6.148713,50.803166],[6.14892,50.803181],[6.149064,50.803126],[6.151363,50.801112]],[[6.151197,50.801255],[6.150987,50.800909]]]},"id":230},{"type":"Feature","properties":{"id":"0a57qz4","name":"Kleinheider Weg","kind":"minor","district":"haaren","level":"haaren-5","importance":1532,"center":[6.168778,50.798249],"length":1063},"geometry":{"type":"MultiLineString","coordinates":[[[6.160879,50.79886],[6.169036,50.79823]],[[6.169036,50.79823],[6.169911,50.798173]],[[6.169911,50.798173],[6.175939,50.79835]]]},"id":231},{"type":"Feature","properties":{"id":"0a5a4ba","name":"Zehntweg","kind":"minor","district":"brand","level":"brand-4","importance":1265,"center":[6.160768,50.743164],"length":531},"geometry":{"type":"LineString","coordinates":[[6.157895,50.741806],[6.158374,50.741779],[6.158735,50.741892],[6.161745,50.743785],[6.161995,50.743905],[6.162659,50.744131],[6.163932,50.744387]]},"id":232},{"type":"Feature","properties":{"id":"0a964x2","name":"Auf dem Plue","kind":"minor","district":"aachen-mitte","level":"aachen-mitte-33","importance":1183,"center":[6.128632,50.763273],"length":366},"geometry":{"type":"MultiLineString","coordinates":[[[6.126704,50.764477],[6.12816,50.763418]],[[6.128533,50.763349],[6.12912,50.76286],[6.129638,50.762295],[6.1296,50.762202],[6.129036,50.76183]]]},"id":233},{"type":"Feature","properties":{"id":"0a9jb7e","name":"In den Heimstätten","kind":"minor","district":"brand","level":"brand-3","importance":1072,"center":[6.166944,50.758961],"length":145},"geometry":{"type":"LineString","coordinates":[[6.166484,50.758458],[6.166576,50.758496],[6.167313,50.759425],[6.167486,50.759582]]},"id":234},{"type":"Feature","properties":{"id":"0acxhma","name":"Steppenbergallee","kind":"minor","district":"laurensberg","level":"laurensberg-7","importance":1682,"center":[6.03988,50.76574],"length":1365},"geometry":{"type":"MultiLineString","coordinates":[[[6.037806,50.768466],[6.037793,50.768212],[6.037966,50.767083]],[[6.037793,50.768212],[6.037396,50.768205]],[[6.03786,50.767737],[6.03743,50.767725]],[[6.037937,50.767251],[6.037485,50.767248]],[[6.038004,50.766888],[6.03728,50.766722],[6.037232,50.766688]],[[6.038255,50.766516],[6.037654,50.766197]],[[6.038801,50.766201],[6.038582,50.766027]],[[6.039387,50.76592],[6.039206,50.76576]],[[6.040047,50.765686],[6.03981,50.76548]],[[6.040576,50.76559],[6.040498,50.765138]],[[6.04138,50.765692],[6.041598,50.765485]],[[6.037966,50.767083],[6.038088,50.766715]],[[6.038088,50.766715],[6.038255,50.766516],[6.038375,50.766432],[6.03912,50.766042],[6.039712,50.765794],[6.040209,50.765644],[6.040481,50.7656]],[[6.040481,50.7656],[6.040879,50.76559],[6.041214,50.765649]],[[6.041214,50.765649],[6.041609,50.765791],[6.041965,50.766027],[6.042584,50.76648],[6.04282,50.766772],[6.043019,50.767537],[6.043213,50.768872]],[[6.043213,50.768872],[6.043301,50.769458]],[[6.042539,50.766445],[6.042775,50.766316]],[[6.041965,50.766027],[6.042183,50.765915],[6.042357,50.765923]],[[6.043301,50.769458],[6.043323,50.769563]],[[6.042187,50.765876],[6.042183,50.765915]]]},"id":235},{"type":"Feature","properties":{"id":"0aebcx8","name":"Lilienweg","kind":"path","district":"aachen-mitte","level":"aachen-mitte-39","importance":76,"center":[6.064494,50.765774],"length":152},"geometry":{"type":"MultiLineString","coordinates":[[[6.065065,50.766132],[6.063808,50.765359]],[[6.063808,50.765359],[6.063516,50.76518]]]},"id":236},{"type":"Feature","properties":{"id":"0af55vu","name":"Karmeliterstraße","kind":"major","district":"aachen-mitte","level":"aachen-mitte-2","importance":3124,"center":[6.084555,50.769188],"length":247},"geometry":{"type":"MultiLineString","coordinates":[[[6.085569,50.769934],[6.085136,50.769798]],[[6.085136,50.769798],[6.08468,50.769307]],[[6.084211,50.768907],[6.083957,50.768721],[6.083832,50.768547]],[[6.083976,50.768523],[6.084211,50.768907]],[[6.084502,50.769142],[6.084211,50.768907]],[[6.08468,50.769307],[6.084502,50.769142]]]},"id":237},{"type":"Feature","properties":{"id":"0afshn8","name":"Steinbergweg","kind":"minor","district":"laurensberg","level":"laurensberg-4","importance":1274,"center":[6.038308,50.776586],"length":548},"geometry":{"type":"MultiLineString","coordinates":[[[6.038204,50.779045],[6.038309,50.776561]],[[6.038323,50.775952],[6.038328,50.774809]],[[6.038328,50.774809],[6.038332,50.774121]],[[6.038309,50.776561],[6.038323,50.775952]]]},"id":238},{"type":"Feature","properties":{"id":"0ah0s7u","name":"Marienstraße","kind":"minor","district":"eilendorf","level":"eilendorf-2","importance":1197,"center":[6.153555,50.778108],"length":394},"geometry":{"type":"LineString","coordinates":[[6.152618,50.776272],[6.154013,50.779003],[6.154234,50.779555],[6.154228,50.779659]]},"id":239},{"type":"Feature","properties":{"id":"0ah20ha","name":"Brunssumstraße","kind":"minor","district":"aachen-mitte","level":"aachen-mitte-19","importance":1144,"center":[6.056492,50.776868],"length":287},"geometry":{"type":"MultiLineString","coordinates":[[[6.057525,50.776532],[6.057911,50.777271]],[[6.054837,50.777118],[6.056267,50.776915],[6.057578,50.776639]]]},"id":240},{"type":"Feature","properties":{"id":"0ahyrk3","name":"Bocholtzer Weg","kind":"minor","district":"richterich","level":"richterich-2","importance":1353,"center":[6.027583,50.828862],"length":706},"geometry":{"type":"MultiLineString","coordinates":[[[6.031918,50.830218],[6.031759,50.830151],[6.03125,50.830076],[6.030203,50.830027],[6.029631,50.829881],[6.028779,50.82942],[6.027846,50.828971],[6.026747,50.828507],[6.025268,50.827803]],[[6.025268,50.827803],[6.023487,50.826992]]]},"id":241},{"type":"Feature","properties":{"id":"0aiot38","name":"Schubertstraße","kind":"minor","district":"eilendorf","level":"eilendorf-5","importance":1269,"center":[6.175383,50.779704],"length":539},"geometry":{"type":"MultiLineString","coordinates":[[[6.176433,50.777638],[6.176106,50.778917],[6.175934,50.779202],[6.175745,50.77942],[6.175255,50.779787],[6.173429,50.780653],[6.17317,50.780807],[6.172786,50.781159]],[[6.175745,50.77942],[6.176185,50.779584],[6.176328,50.779611]]]},"id":242},{"type":"Feature","properties":{"id":"0ak3abc","name":"Hansmannstraße","kind":"minor","district":"eilendorf","level":"eilendorf-4","importance":1358,"center":[6.155929,50.782044],"length":716},"geometry":{"type":"MultiLineString","coordinates":[[[6.156327,50.779063],[6.156463,50.779151],[6.1565,50.779215],[6.15647,50.779839],[6.156339,50.780368]],[[6.15598,50.781875],[6.155228,50.784604]],[[6.155228,50.784604],[6.155,50.785383]],[[6.156339,50.780368],[6.15598,50.781875]]]},"id":243},{"type":"Feature","properties":{"id":"0ake6ny","name":"Auf Beverau","kind":"minor","district":"aachen-mitte","level":"aachen-mitte-31","importance":1088,"center":[6.112821,50.761],"length":176},"geometry":{"type":"LineString","coordinates":[[6.112227,50.761745],[6.112472,50.761556],[6.112767,50.76107],[6.113171,50.760587],[6.113273,50.760329]]},"id":244},{"type":"Feature","properties":{"id":"0akg223","name":"Bendstraße","kind":"minor","district":"aachen-mitte","level":"aachen-mitte-16","importance":1127,"center":[6.09165,50.765237],"length":253},"geometry":{"type":"MultiLineString","coordinates":[[[6.090796,50.766239],[6.091241,50.765657],[6.091807,50.765085]],[[6.091807,50.765085],[6.092333,50.764629],[6.092755,50.764344]]]},"id":245},{"type":"Feature","properties":{"id":"0amqhv1","name":"Robensstraße","kind":"minor","district":"aachen-mitte","level":"aachen-mitte-17","importance":1213,"center":[6.097659,50.780299],"length":426},"geometry":{"type":"MultiLineString","coordinates":[[[6.099377,50.781164],[6.09826,50.780603],[6.098107,50.780592]],[[6.099961,50.781457],[6.099852,50.781401]],[[6.09764,50.780289],[6.096852,50.779886],[6.096634,50.779718],[6.096475,50.779477],[6.096306,50.778967]],[[6.096306,50.778967],[6.096231,50.778763],[6.096275,50.778617]],[[6.098115,50.780475],[6.09792,50.78043],[6.097773,50.780355]],[[6.097773,50.780355],[6.09764,50.780289]],[[6.099852,50.781401],[6.099377,50.781164]]]},"id":246},{"type":"Feature","properties":{"id":"0amvalw","name":"Hörnhang","kind":"minor","district":"aachen-mitte","level":"aachen-mitte-19","importance":1262,"center":[6.060197,50.781942],"length":525},"geometry":{"type":"MultiLineString","coordinates":[[[6.057383,50.783183],[6.058329,50.782992],[6.058703,50.782833],[6.059083,50.782615],[6.059807,50.782113],[6.060339,50.781892],[6.060699,50.7818],[6.061011,50.781763],[6.061419,50.781757],[6.062034,50.781847],[6.062468,50.781997],[6.062738,50.782187],[6.062892,50.782368]],[[6.062125,50.781328],[6.06188,50.781633],[6.061803,50.781801]]]},"id":247},{"type":"Feature","properties":{"id":"0anem3f","name":"Kavenstraße","kind":"minor","district":"aachen-mitte","level":"aachen-mitte-19","importance":1072,"center":[6.07119,50.785421],"length":144},"geometry":{"type":"MultiLineString","coordinates":[[[6.070406,50.784957],[6.071803,50.785783]],[[6.071803,50.785783],[6.071906,50.785842]]]},"id":248},{"type":"Feature","properties":{"id":"0anz3lg","name":"Hofenburger Straße","kind":"minor","district":"haaren","level":"haaren-3","importance":1175,"center":[6.125812,50.792157],"length":349},"geometry":{"type":"MultiLineString","coordinates":[[[6.127154,50.793187],[6.126276,50.792532],[6.125348,50.791781],[6.124987,50.791477],[6.124746,50.791219]],[[6.124746,50.791219],[6.124254,50.79065]]]},"id":249},{"type":"Feature","properties":{"id":"0aofke2","name":"An der Glashütte","kind":"minor","district":"aachen-mitte","level":"aachen-mitte-18","importance":1189,"center":[6.062507,50.772865],"length":377},"geometry":{"type":"LineString","coordinates":[[6.061558,50.771753],[6.061136,50.772268],[6.061174,50.772386],[6.062539,50.772877],[6.062836,50.773152],[6.063083,50.773239],[6.063535,50.773321],[6.063632,50.773388],[6.063563,50.773578],[6.063455,50.773631],[6.062677,50.77355]]},"id":250},{"type":"Feature","properties":{"id":"0aoqylm","name":"Leonhardstraße","kind":"minor","district":"aachen-mitte","level":"aachen-mitte-14","importance":1093,"center":[6.0845,50.766982],"length":186},"geometry":{"type":"MultiLineString","coordinates":[[[6.085523,50.767816],[6.084584,50.767048]],[[6.084584,50.767048],[6.083888,50.766502]]]},"id":251},{"type":"Feature","properties":{"id":"0apgo3c","name":"Klenkeshof","kind":"path","district":"aachen-mitte","level":"aachen-mitte-38","importance":62,"center":[6.067626,50.770008],"length":125},"geometry":{"type":"MultiLineString","coordinates":[[[6.067728,50.770504],[6.067717,50.770409]],[[6.067702,50.770289],[6.067682,50.77009],[6.0672,50.769455]],[[6.067717,50.770409],[6.067702,50.770289]]]},"id":252},{"type":"Feature","properties":{"id":"0apmgxk","name":"Bergstraße","kind":"minor","district":"aachen-mitte","level":"aachen-mitte-15","importance":1127,"center":[6.084996,50.781097],"length":254},"geometry":{"type":"LineString","coordinates":[[6.08483,50.779786],[6.08499,50.780096],[6.085036,50.780374],[6.085016,50.780926],[6.084868,50.782048]]},"id":253},{"type":"Feature","properties":{"id":"0as3w5i","name":"Margratenstraße","kind":"minor","district":"aachen-mitte","level":"aachen-mitte-15","importance":1078,"center":[6.09253,50.785462],"length":156},"geometry":{"type":"LineString","coordinates":[[6.091833,50.785724],[6.093093,50.785249],[6.093714,50.784979]]},"id":254},{"type":"Feature","properties":{"id":"0augss4","name":"Endstraße","kind":"major","district":"haaren","level":"haaren-1","importance":3275,"center":[6.152642,50.796372],"length":550},"geometry":{"type":"MultiLineString","coordinates":[[[6.151938,50.796173],[6.152525,50.796353],[6.152759,50.796391],[6.153256,50.796418],[6.154608,50.796379],[6.155003,50.796473]],[[6.151923,50.795846],[6.15176,50.795505],[6.151459,50.795098],[6.15113,50.79494],[6.150715,50.794829],[6.150665,50.794779]],[[6.155003,50.796473],[6.155219,50.796584]],[[6.152644,50.795296],[6.152489,50.795336],[6.152247,50.795473],[6.151923,50.795846],[6.151938,50.796173]],[[6.155219,50.796584],[6.155332,50.796638]],[[6.155332,50.796638],[6.155564,50.796757]]]},"id":255},{"type":"Feature","properties":{"id":"0ax5lft","name":"Bechheim","kind":"minor","district":"kornelimuenster-walheim","level":"kornelimuenster-walheim-7","importance":1063,"center":[6.200785,50.709288],"length":125},"geometry":{"type":"LineString","coordinates":[[6.200237,50.709615],[6.200859,50.709242],[6.200982,50.70913],[6.201089,50.708902],[6.201078,50.708693]]},"id":256},{"type":"Feature","properties":{"id":"0b0zr6g","name":"Höfchensweg","kind":"minor","district":"aachen-mitte","level":"aachen-mitte-27","importance":2000,"center":[6.081046,50.750207],"length":2171},"geometry":{"type":"MultiLineString","coordinates":[[[6.081064,50.750242],[6.081227,50.750608],[6.08197,50.751915],[6.082507,50.752968],[6.082593,50.753164],[6.082515,50.753472]],[[6.08387,50.756999],[6.084043,50.756918],[6.084292,50.756235],[6.084346,50.75562],[6.084204,50.755272]],[[6.084204,50.755272],[6.084098,50.75491],[6.084021,50.754804],[6.083635,50.754529],[6.082609,50.753642],[6.082515,50.753472]],[[6.081064,50.750242],[6.080965,50.750085],[6.08035,50.749768],[6.079988,50.749542],[6.079416,50.749126],[6.079218,50.748923]],[[6.079218,50.748923],[6.079694,50.748761],[6.079721,50.748714],[6.079563,50.748521]],[[6.079218,50.748923],[6.078548,50.74732],[6.078539,50.747023],[6.078654,50.746402],[6.078592,50.746135],[6.078386,50.745717],[6.078273,50.745372],[6.078301,50.745242],[6.078494,50.744977],[6.07861,50.744883],[6.079151,50.744653],[6.079495,50.744467],[6.079573,50.744384],[6.079561,50.744175]],[[6.078847,50.748044],[6.07876,50.74804],[6.078031,50.747672],[6.077431,50.747636],[6.076643,50.747234]],[[6.082515,50.753472],[6.08238,50.753457],[6.081477,50.753199],[6.081322,50.753207],[6.081224,50.753263],[6.080757,50.753204]],[[6.081227,50.750608],[6.080935,50.750653],[6.080839,50.750812],[6.080509,50.750841]],[[6.080699,50.74995],[6.080872,50.749827],[6.081222,50.749824]],[[6.08035,50.749768],[6.080476,50.749602],[6.080469,50.749451],[6.080365,50.749351],[6.080342,50.749215],[6.080443,50.749144]],[[6.081066,50.749755],[6.081075,50.749825]]]},"id":257},{"type":"Feature","properties":{"id":"0b1i5i4","name":"Burtscheider Straße","kind":"major","district":"aachen-mitte","level":"aachen-mitte-5","importance":3174,"center":[6.087532,50.766716],"length":348},"geometry":{"type":"MultiLineString","coordinates":[[[6.089124,50.765352],[6.088955,50.765439],[6.088653,50.765706]],[[6.087702,50.766562],[6.087361,50.766871]],[[6.08713,50.767133],[6.087041,50.767696]],[[6.088395,50.76594],[6.088261,50.766061]],[[6.088261,50.766061],[6.087702,50.766562]],[[6.087041,50.767696],[6.086989,50.768071]],[[6.088653,50.765706],[6.088395,50.76594]],[[6.08725,50.766973],[6.08713,50.767133]],[[6.087361,50.766871],[6.08725,50.766973]]]},"id":258},{"type":"Feature","properties":{"id":"0b1jv8c","name":"Talstraße","kind":"minor","district":"aachen-mitte","level":"aachen-mitte-17","importance":1079,"center":[6.103391,50.777727],"length":158},"geometry":{"type":"LineString","coordinates":[[6.10285,50.777432],[6.104535,50.778369]]},"id":259},{"type":"Feature","properties":{"id":"0b21u17","name":"Worringerweg","kind":"path","district":"laurensberg","level":"laurensberg-9","importance":188,"center":[6.048132,50.777362],"length":376},"geometry":{"type":"MultiLineString","coordinates":[[[6.048271,50.778833],[6.048277,50.778122]],[[6.047989,50.776947],[6.047997,50.776579],[6.04819,50.77658],[6.048197,50.775894]],[[6.047991,50.777092],[6.047989,50.776947]],[[6.04819,50.77658],[6.048191,50.776696],[6.047996,50.776697]],[[6.048277,50.778122],[6.048263,50.777602],[6.048215,50.777573],[6.048214,50.777407],[6.047994,50.777287],[6.047991,50.777092]]]},"id":260},{"type":"Feature","properties":{"id":"0b2d2z9","name":"Joseph-von-Görres-Straße","kind":"major","district":"aachen-mitte","level":"aachen-mitte-6","importance":3436,"center":[6.108932,50.779577],"length":872},"geometry":{"type":"MultiLineString","coordinates":[[[6.11212,50.776204],[6.111745,50.776651]],[[6.108358,50.779796],[6.108609,50.779761]],[[6.108841,50.779651],[6.108753,50.779822]],[[6.107122,50.78102],[6.107235,50.780872],[6.107282,50.780666]],[[6.107122,50.78102],[6.106889,50.781201]],[[6.106889,50.781201],[6.106975,50.781239]],[[6.107659,50.780853],[6.107404,50.780897],[6.107122,50.78102]],[[6.106889,50.781201],[6.105552,50.78224]],[[6.105342,50.782419],[6.10523,50.782507]],[[6.106975,50.781239],[6.107447,50.781484]],[[6.110093,50.778537],[6.109756,50.778859]],[[6.109756,50.778859],[6.109074,50.779456]],[[6.108841,50.779651],[6.109074,50.779456]],[[6.110465,50.778138],[6.110093,50.778537]],[[6.105552,50.78224],[6.105342,50.782419]],[[6.111166,50.777387],[6.110465,50.778138]],[[6.111745,50.776651],[6.111166,50.777387]],[[6.108609,50.779761],[6.108841,50.779651]],[[6.108753,50.779822],[6.108738,50.779987]]]},"id":261},{"type":"Feature","properties":{"id":"0b2wbsf","name":"Drimbornstraße","kind":"minor","district":"aachen-mitte","level":"aachen-mitte-29","importance":1130,"center":[6.111501,50.768905],"length":259},"geometry":{"type":"MultiLineString","coordinates":[[[6.113179,50.768106],[6.112824,50.768324]],[[6.112824,50.768324],[6.112158,50.768628],[6.110678,50.769229]],[[6.110678,50.769229],[6.110197,50.76946]]]},"id":262},{"type":"Feature","properties":{"id":"0b3jqm9","name":"Moscheeplatz","kind":"square","district":"aachen-mitte","level":"aachen-mitte-7","importance":3000,"center":[6.121383,50.776757],"length":0},"geometry":{"type":"Polygon","coordinates":[[[6.120495,50.776393],[6.120511,50.776366],[6.121845,50.776724],[6.121964,50.776737],[6.121578,50.776791],[6.121518,50.776742],[6.121426,50.776787],[6.121453,50.776809],[6.121313,50.776828],[6.121421,50.776949],[6.121552,50.777048],[6.121484,50.777067],[6.121183,50.776827],[6.120495,50.776393]]]},"id":263},{"type":"Feature","properties":{"id":"0b40d36","name":"Am Pannes","kind":"minor","district":"brand","level":"brand-4","importance":1090,"center":[6.157276,50.743119],"length":180},"geometry":{"type":"MultiLineString","coordinates":[[[6.15795,50.742771],[6.157626,50.74288]],[[6.157626,50.74288],[6.156115,50.743881]]]},"id":264},{"type":"Feature","properties":{"id":"0b5xyq9","name":"Albert-Einstein-Straße","kind":"minor","district":"kornelimuenster-walheim","level":"kornelimuenster-walheim-4","importance":1723,"center":[6.177519,50.709883],"length":1445},"geometry":{"type":"MultiLineString","coordinates":[[[6.175512,50.704091],[6.175315,50.704318],[6.174981,50.704915],[6.17503,50.705677],[6.174911,50.70616]],[[6.175315,50.704318],[6.174867,50.704234]],[[6.174911,50.70616],[6.174829,50.706591],[6.174941,50.707023],[6.175165,50.70742],[6.175537,50.707935],[6.17608,50.708452]],[[6.177419,50.709787],[6.178051,50.710375]],[[6.17608,50.708452],[6.177419,50.709787]],[[6.178758,50.711376],[6.178966,50.711482],[6.179508,50.711653],[6.180891,50.71219],[6.182303,50.712549],[6.183524,50.712732],[6.185613,50.712935]],[[6.178051,50.710375],[6.178213,50.710538],[6.178365,50.710785],[6.178485,50.711109],[6.178758,50.711376]]]},"id":265},{"type":"Feature","properties":{"id":"0b63rlp","name":"Steffensplatz","kind":"square","district":"aachen-mitte","level":"aachen-mitte-4","importance":3000,"center":[6.098362,50.774392],"length":0},"geometry":{"type":"Polygon","coordinates":[[[6.098132,50.774528],[6.098698,50.774514],[6.098591,50.774363],[6.098556,50.774277],[6.098383,50.774277],[6.098244,50.774314],[6.098166,50.774394],[6.098132,50.774528]]]},"id":266},{"type":"Feature","properties":{"id":"0b6cdqr","name":"Stiefmütterchenweg","kind":"path","district":"aachen-mitte","level":"aachen-mitte-38","importance":26,"center":[6.068043,50.767163],"length":52},"geometry":{"type":"LineString","coordinates":[[6.06832,50.767009],[6.067765,50.767317]]},"id":267},{"type":"Feature","properties":{"id":"0b8yyel","name":"Zeisigweg","kind":"minor","district":"kornelimuenster-walheim","level":"kornelimuenster-walheim-2","importance":1157,"center":[6.170249,50.702313],"length":314},"geometry":{"type":"LineString","coordinates":[[6.168417,50.701957],[6.168769,50.702178],[6.169076,50.702157],[6.16972,50.702207],[6.170429,50.702346],[6.170958,50.702509],[6.172536,50.702852]]},"id":268},{"type":"Feature","properties":{"id":"0ba6hr5","name":"Bahnhofplatz","kind":"square","district":"aachen-mitte","level":"aachen-mitte-4","importance":3000,"center":[6.090721,50.768523],"length":0},"geometry":{"type":"MultiPolygon","coordinates":[[[[6.090518,50.76823],[6.090534,50.768201],[6.090471,50.768187],[6.090549,50.768038],[6.090416,50.76801],[6.090088,50.768667],[6.090198,50.768687],[6.09018,50.768752],[6.090193,50.768862],[6.090309,50.768974],[6.090422,50.769007],[6.090624,50.769003],[6.090749,50.769071],[6.09075,50.768913],[6.090768,50.768883],[6.090836,50.768855],[6.090835,50.768706],[6.091136,50.768719],[6.091166,50.768701],[6.091163,50.768663],[6.091105,50.768663],[6.091106,50.768637],[6.091054,50.768633],[6.091052,50.768572],[6.091103,50.768567],[6.091101,50.768478],[6.091022,50.76847],[6.090978,50.768433],[6.090982,50.76839],[6.091011,50.768364],[6.091066,50.76835],[6.091086,50.768323],[6.090931,50.768291],[6.090916,50.768349],[6.090485,50.768258],[6.090501,50.768227],[6.090518,50.76823]]],[[[6.090919,50.768315],[6.090909,50.768334],[6.090815,50.768314],[6.090826,50.768293],[6.09062,50.768249],[6.090608,50.76827],[6.090509,50.768248],[6.090518,50.76823],[6.090501,50.768227],[6.090485,50.768258],[6.090916,50.768349],[6.090919,50.768315]]]]},"id":269},{"type":"Feature","properties":{"id":"0bbbjh3","name":"Rollefhof","kind":"path","district":"brand","level":"brand-7","importance":50,"center":[6.1682,50.744794],"length":101},"geometry":{"type":"MultiLineString","coordinates":[[[6.168668,50.745175],[6.168292,50.744841],[6.1679,50.74465]],[[6.167952,50.744601],[6.167761,50.744739]]]},"id":270},{"type":"Feature","properties":{"id":"0bbe8ky","name":"Von-Broich-Straße","kind":"minor","district":"richterich","level":"richterich-4","importance":1162,"center":[6.067534,50.811035],"length":323},"geometry":{"type":"MultiLineString","coordinates":[[[6.067112,50.812305],[6.066885,50.811637]],[[6.068543,50.810862],[6.069035,50.810798],[6.069455,50.810851]],[[6.067337,50.811046],[6.067796,50.811007],[6.068543,50.810862]],[[6.067203,50.811053],[6.067337,50.811046]],[[6.066818,50.811227],[6.066903,50.811087],[6.067203,50.811053]],[[6.066826,50.811292],[6.066818,50.811227]],[[6.066885,50.811637],[6.066826,50.811292]]]},"id":271},{"type":"Feature","properties":{"id":"0bbryih","name":"Lerchenweg","kind":"minor","district":"aachen-mitte","level":"aachen-mitte-36","importance":1134,"center":[6.137242,50.764393],"length":267},"geometry":{"type":"MultiLineString","coordinates":[[[6.138106,50.765317],[6.137085,50.765114],[6.137002,50.765081],[6.136937,50.765003],[6.13753,50.763856]],[[6.13753,50.763856],[6.137569,50.763728],[6.137553,50.76349]]]},"id":272},{"type":"Feature","properties":{"id":"0bd4hjk","name":"Dreiländerweg","kind":"minor","district":"laurensberg","level":"laurensberg-7","importance":1606,"center":[6.032958,50.76122],"length":1213},"geometry":{"type":"MultiLineString","coordinates":[[[6.029572,50.756939],[6.029944,50.756885],[6.030146,50.75692],[6.030713,50.757128],[6.031051,50.757313],[6.031292,50.757495],[6.031586,50.757822],[6.031871,50.759106]],[[6.032172,50.760248],[6.032877,50.761112],[6.036107,50.765382],[6.036434,50.765717],[6.036944,50.766148],[6.037005,50.766244]],[[6.032037,50.759935],[6.032196,50.760121]],[[6.031871,50.759106],[6.032037,50.759935]],[[6.032196,50.760121],[6.032172,50.760248]]]},"id":273},{"type":"Feature","properties":{"id":"0bf05q0","name":"Steppenbergweg","kind":"minor","district":"laurensberg","level":"laurensberg-5","importance":1197,"center":[6.044044,50.767663],"length":394},"geometry":{"type":"MultiLineString","coordinates":[[[6.043213,50.768872],[6.043891,50.768843],[6.044081,50.768864],[6.044113,50.768775],[6.044132,50.768389],[6.044064,50.767724],[6.043891,50.766956],[6.043774,50.766895]],[[6.043774,50.766895],[6.043409,50.767004],[6.042902,50.767059]],[[6.043141,50.767028],[6.043107,50.766836],[6.043374,50.766741]]]},"id":274},{"type":"Feature","properties":{"id":"0bg4jlc","name":"Nordhoffstraße","kind":"minor","district":"aachen-mitte","level":"aachen-mitte-19","importance":1062,"center":[6.056105,50.779522],"length":125},"geometry":{"type":"LineString","coordinates":[[6.055774,50.778989],[6.056439,50.78003]]},"id":275},{"type":"Feature","properties":{"id":"0bjb5q3","name":"Bahnhofstraße","kind":"minor","district":"aachen-mitte","level":"aachen-mitte-16","importance":1098,"center":[6.091314,50.769716],"length":195},"geometry":{"type":"LineString","coordinates":[[6.092199,50.770614],[6.090734,50.769122]]},"id":276},{"type":"Feature","properties":{"id":"0bkl96t","name":"Zieglerstraße","kind":"minor","district":"eilendorf","level":"eilendorf-3","importance":1224,"center":[6.149504,50.767922],"length":448},"geometry":{"type":"MultiLineString","coordinates":[[[6.147196,50.766375],[6.151158,50.769043]],[[6.151158,50.769043],[6.151486,50.769347]]]},"id":277},{"type":"Feature","properties":{"id":"0bkr9hi","name":"Karl-Kuck-Straße","kind":"minor","district":"brand","level":"brand-2","importance":1296,"center":[6.161528,50.752617],"length":592},"geometry":{"type":"MultiLineString","coordinates":[[[6.164986,50.751941],[6.162775,50.752545],[6.162649,50.752372],[6.162573,50.75235],[6.159936,50.753002],[6.159668,50.753009],[6.159024,50.752928]],[[6.162775,50.752545],[6.162536,50.752616]],[[6.159024,50.752928],[6.158974,50.752872],[6.158829,50.752403]],[[6.158785,50.75194],[6.158813,50.752179]],[[6.158829,50.752403],[6.158813,50.752179]]]},"id":278},{"type":"Feature","properties":{"id":"0bm0lq7","name":"Senkestraße","kind":"minor","district":"kornelimuenster-walheim","level":"kornelimuenster-walheim-3","importance":1265,"center":[6.178743,50.706328],"length":530},"geometry":{"type":"LineString","coordinates":[[6.174996,50.705205],[6.175608,50.705262],[6.176126,50.70538],[6.177884,50.706075],[6.179603,50.706581],[6.180271,50.70681],[6.180669,50.707017],[6.181341,50.707577]]},"id":279},{"type":"Feature","properties":{"id":"0bn7ujb","name":"Sebastianstraße","kind":"minor","district":"aachen-mitte","level":"aachen-mitte-22","importance":1106,"center":[6.08793,50.762026],"length":213},"geometry":{"type":"LineString","coordinates":[[6.087009,50.761905],[6.0871,50.761885],[6.089919,50.762383]]},"id":280},{"type":"Feature","properties":{"id":"0bnpmbj","name":"Bruchstraße","kind":"minor","district":"eilendorf","level":"eilendorf-5","importance":1221,"center":[6.166858,50.777352],"length":443},"geometry":{"type":"MultiLineString","coordinates":[[[6.168007,50.775705],[6.167949,50.775912],[6.167315,50.776651],[6.167097,50.777036],[6.166883,50.777266],[6.166832,50.777438],[6.166614,50.777674]],[[6.166614,50.777674],[6.167021,50.778141]],[[6.166614,50.777674],[6.166469,50.77771],[6.166296,50.777912],[6.166158,50.778163],[6.165683,50.778617],[6.165746,50.778735]]]},"id":281},{"type":"Feature","properties":{"id":"0bt3cmc","name":"Viktoriastraße","kind":"minor","district":"aachen-mitte","level":"aachen-mitte-20","importance":1223,"center":[6.107357,50.77179],"length":446},"geometry":{"type":"LineString","coordinates":[[6.107807,50.770417],[6.106535,50.774256],[6.106539,50.774347]]},"id":282},{"type":"Feature","properties":{"id":"0bvq8ub","name":"Gierstraße","kind":"minor","district":"richterich","level":"richterich-3","importance":1117,"center":[6.0551,50.816262],"length":233},"geometry":{"type":"LineString","coordinates":[[6.055481,50.815241],[6.055214,50.816003],[6.054666,50.817276]]},"id":283},{"type":"Feature","properties":{"id":"0c23bql","name":"Lichthof 5","kind":"square","district":"laurensberg","level":"laurensberg-1","importance":3000,"center":[6.044702,50.77728],"length":0},"geometry":{"type":"Polygon","coordinates":[[[6.044535,50.777409],[6.044871,50.777408],[6.04487,50.777151],[6.044534,50.777152],[6.044535,50.777409]]]},"id":284},{"type":"Feature","properties":{"id":"0c2cgn2","name":"Auf der Gallich","kind":"minor","district":"kornelimuenster-walheim","level":"kornelimuenster-walheim-8","importance":1105,"center":[6.169678,50.730909],"length":209},"geometry":{"type":"LineString","coordinates":[[6.169374,50.729961],[6.169416,50.730391],[6.169498,50.730648],[6.170041,50.731443],[6.170297,50.731722]]},"id":285},{"type":"Feature","properties":{"id":"0c3ksvv","name":"Stiftstraße","kind":"minor","district":"aachen-mitte","level":"aachen-mitte-13","importance":1136,"center":[6.093472,50.775702],"length":272},"geometry":{"type":"MultiLineString","coordinates":[[[6.0933,50.775731],[6.092738,50.775816],[6.091873,50.775764]],[[6.094839,50.775507],[6.094518,50.775524]],[[6.094518,50.775524],[6.0933,50.775731]],[[6.095441,50.775453],[6.095023,50.775493]],[[6.095663,50.775474],[6.095441,50.775453]],[[6.095023,50.775493],[6.094839,50.775507]]]},"id":286},{"type":"Feature","properties":{"id":"0c68u17","name":"Eupener Straße","kind":"major","district":"aachen-mitte","level":"aachen-mitte-8","importance":4000,"center":[6.088019,50.742602],"length":5461},"geometry":{"type":"MultiLineString","coordinates":[[[6.084806,50.757562],[6.084994,50.758033]],[[6.0868,50.750383],[6.086768,50.750476]],[[6.089746,50.724762],[6.089534,50.726087]],[[6.089654,50.739594],[6.08904,50.739966]],[[6.090094,50.722585],[6.090007,50.723027]],[[6.085591,50.750646],[6.086357,50.751074]],[[6.08904,50.739966],[6.086579,50.741421],[6.086149,50.741742]],[[6.090666,50.738645],[6.09047,50.738926],[6.090264,50.739139],[6.089782,50.73951]],[[6.086981,50.741179],[6.087084,50.741286],[6.08704,50.741351],[6.087065,50.741396],[6.088937,50.741984],[6.089075,50.742055],[6.089112,50.742164]],[[6.088063,50.74054],[6.087946,50.740473],[6.087048,50.740866]],[[6.086254,50.742947],[6.087058,50.742711],[6.087455,50.742794],[6.087613,50.742773],[6.087854,50.742652],[6.088185,50.742552]],[[6.087587,50.746703],[6.08734,50.747318],[6.087204,50.748048]],[[6.087988,50.745839],[6.087835,50.746151]],[[6.084994,50.758033],[6.085328,50.75876]],[[6.08977,50.724592],[6.089746,50.724762]],[[6.085328,50.75876],[6.086005,50.760193],[6.086725,50.761404]],[[6.086149,50.741742],[6.085964,50.741986],[6.085886,50.742241],[6.085921,50.742502],[6.086001,50.742668],[6.086254,50.742947],[6.087867,50.744436],[6.088179,50.744845],[6.088219,50.745201],[6.087988,50.745839]],[[6.085493,50.7555],[6.085371,50.755468],[6.085358,50.755296],[6.084825,50.755247],[6.08457,50.75519],[6.084588,50.754864],[6.084224,50.754293],[6.08424,50.754054]],[[6.089534,50.726087],[6.08929,50.727687],[6.089418,50.728285],[6.089618,50.728603],[6.089961,50.728951],[6.091395,50.729819],[6.091692,50.730071],[6.091946,50.73044],[6.0921,50.730941],[6.092088,50.731184],[6.091994,50.731489],[6.091231,50.732722],[6.091069,50.733059],[6.090902,50.733588],[6.090836,50.734097],[6.090873,50.736405]],[[6.086768,50.750476],[6.086658,50.750708]],[[6.085741,50.75245],[6.08587,50.754102],[6.085736,50.754844]],[[6.086996,50.749303],[6.086891,50.749963]],[[6.090007,50.723027],[6.089949,50.723384]],[[6.089908,50.723659],[6.089866,50.723938]],[[6.084792,50.757233],[6.084806,50.757562]],[[6.087835,50.746151],[6.087587,50.746703]],[[6.086725,50.761404],[6.087009,50.761905]],[[6.08682,50.7503],[6.0868,50.750383]],[[6.084998,50.756575],[6.08485,50.756961]],[[6.089866,50.723938],[6.08977,50.724592]],[[6.090158,50.722273],[6.090094,50.722585]],[[6.089949,50.723384],[6.089908,50.723659]],[[6.086658,50.750708],[6.086357,50.751074],[6.085892,50.751493]],[[6.085736,50.754844],[6.085493,50.7555],[6.084998,50.756575]],[[6.086849,50.750166],[6.08682,50.7503]],[[6.08485,50.756961],[6.084792,50.757233]],[[6.0857,50.751932],[6.085741,50.75245]],[[6.085892,50.751493],[6.085759,50.751699],[6.0857,50.751932]],[[6.086891,50.749963],[6.086849,50.750166]],[[6.090895,50.737565],[6.090865,50.738134],[6.090666,50.738645]],[[6.089782,50.73951],[6.089654,50.739594]],[[6.09089,50.737307],[6.090895,50.737565]],[[6.090888,50.737167],[6.09089,50.737307]],[[6.090879,50.736772],[6.090888,50.737167]],[[6.090873,50.736405],[6.090879,50.736772]],[[6.087204,50.748048],[6.086996,50.749303]]]},"id":287},{"type":"Feature","properties":{"id":"0c6z4rn","name":"Kanonenwiese","kind":"minor","district":"aachen-mitte","level":"aachen-mitte-32","importance":1180,"center":[6.118063,50.793426],"length":361},"geometry":{"type":"MultiLineString","coordinates":[[[6.116074,50.793418],[6.116854,50.794061]],[[6.119603,50.792486],[6.116927,50.794124],[6.116854,50.794061]]]},"id":288},{"type":"Feature","properties":{"id":"0c7yxog","name":"Abteiplatz","kind":"minor","district":"aachen-mitte","level":"aachen-mitte-22","importance":1085,"center":[6.093168,50.762556],"length":171},"geometry":{"type":"MultiLineString","coordinates":[[[6.092654,50.762376],[6.092751,50.762404]],[[6.09406,50.762547],[6.093543,50.762425],[6.093413,50.762434],[6.093198,50.762531]],[[6.093198,50.762531],[6.09293,50.762839],[6.09297,50.762957],[6.093046,50.76302]],[[6.092751,50.762404],[6.093198,50.762531]]]},"id":289},{"type":"Feature","properties":{"id":"0cj53p0","name":"Colynshofstraße","kind":"minor","district":"aachen-mitte","level":"aachen-mitte-27","importance":1326,"center":[6.07421,50.755111],"length":652},"geometry":{"type":"MultiLineString","coordinates":[[[6.076461,50.758031],[6.076036,50.757691],[6.075256,50.756323],[6.074659,50.755594],[6.073761,50.754629],[6.073249,50.75393]],[[6.073249,50.75393],[6.073132,50.753664],[6.073166,50.753422],[6.073222,50.753328],[6.073736,50.752921],[6.073814,50.752816]]]},"id":290},{"type":"Feature","properties":{"id":"0cnbbsc","name":"Eberburgweg","kind":"minor","district":"aachen-mitte","level":"aachen-mitte-35","importance":1911,"center":[6.073396,50.746621],"length":1822},"geometry":{"type":"MultiLineString","coordinates":[[[6.069336,50.74385],[6.070333,50.743854],[6.070861,50.743914],[6.071769,50.74411],[6.072084,50.744131],[6.073297,50.744062]],[[6.073297,50.744062],[6.07296,50.744469],[6.072865,50.74479],[6.073211,50.74567],[6.073388,50.746276],[6.073409,50.746516],[6.073319,50.747018],[6.073276,50.74766],[6.073461,50.748237],[6.073482,50.74843],[6.072924,50.749201],[6.072604,50.749943],[6.072575,50.750144],[6.072702,50.750368]],[[6.074311,50.743738],[6.075185,50.74361],[6.075867,50.743612],[6.076184,50.743553],[6.076357,50.743486]],[[6.073297,50.744062],[6.073594,50.743911],[6.074076,50.74379]],[[6.073482,50.74843],[6.073656,50.748462],[6.073876,50.748431],[6.073947,50.748318],[6.073932,50.748031],[6.07402,50.747877],[6.074193,50.747787],[6.074443,50.747779],[6.074719,50.747828],[6.074926,50.747905],[6.075584,50.748229],[6.076169,50.748591]],[[6.073656,50.748462],[6.074134,50.748553],[6.074516,50.748743],[6.07489,50.748873]],[[6.076001,50.749106],[6.076009,50.748929]],[[6.07489,50.748873],[6.075331,50.749004],[6.0757,50.749079],[6.076001,50.749106],[6.076183,50.749086],[6.076364,50.748974],[6.076389,50.748884],[6.07631,50.74881]],[[6.072702,50.750368],[6.072759,50.750438]],[[6.068807,50.743785],[6.069336,50.74385]],[[6.074076,50.74379],[6.074311,50.743738]]]},"id":291},{"type":"Feature","properties":{"id":"0cv5gap","name":"Halifaxstraße","kind":"major","district":"aachen-mitte","level":"aachen-mitte-6","importance":4000,"center":[6.057982,50.775631],"length":2527},"geometry":{"type":"MultiLineString","coordinates":[[[6.05716,50.773612],[6.057306,50.773311],[6.057758,50.772691]],[[6.057333,50.769943],[6.057422,50.769442]],[[6.057889,50.772317],[6.057903,50.772258]],[[6.057344,50.770414],[6.057333,50.769943]],[[6.058698,50.776671],[6.058791,50.776741],[6.058978,50.777258],[6.059032,50.777479],[6.059031,50.777986]],[[6.058003,50.779535],[6.057559,50.779854],[6.057283,50.779962]],[[6.058308,50.776003],[6.057367,50.774859],[6.057185,50.77454],[6.057125,50.774345]],[[6.057739,50.769086],[6.057557,50.769462]],[[6.057422,50.769442],[6.057552,50.769053]],[[6.057552,50.769053],[6.057588,50.768993]],[[6.057766,50.76903],[6.057739,50.769086]],[[6.057557,50.769462],[6.057333,50.769943]],[[6.057283,50.779962],[6.057899,50.779514]],[[6.057899,50.779514],[6.058417,50.77902],[6.058624,50.778732],[6.058792,50.778413],[6.058892,50.778068]],[[6.057283,50.779962],[6.054478,50.781431],[6.05374,50.781864]],[[6.057758,50.772691],[6.057295,50.773635]],[[6.057758,50.772691],[6.057889,50.772317]],[[6.058308,50.776003],[6.058698,50.776671]],[[6.057295,50.773635],[6.05723,50.774167],[6.057325,50.774532],[6.05772,50.775184],[6.058308,50.776003]],[[6.057125,50.774345],[6.057087,50.773998],[6.05716,50.773612]],[[6.058902,50.777983],[6.058911,50.777497]],[[6.059018,50.778072],[6.058848,50.778553],[6.058714,50.778757],[6.058409,50.779144],[6.058003,50.779535]],[[6.057903,50.772258],[6.057921,50.771985],[6.057866,50.771631],[6.057733,50.771277],[6.057463,50.770798],[6.057344,50.770414]],[[6.059031,50.777986],[6.059018,50.778072]],[[6.058892,50.778068],[6.058902,50.777983]],[[6.058911,50.777497],[6.058698,50.776671]]]},"id":292},{"type":"Feature","properties":{"id":"0czflnn","name":"Sariyer-Platz","kind":"square","district":"aachen-mitte","level":"aachen-mitte-5","importance":3000,"center":[6.073636,50.761931],"length":0},"geometry":{"type":"Polygon","coordinates":[[[6.073819,50.762244],[6.07335,50.762176],[6.073307,50.762088],[6.073213,50.761973],[6.073206,50.761868],[6.073264,50.761798],[6.073339,50.761817],[6.073447,50.761817],[6.073552,50.761781],[6.073604,50.761718],[6.073921,50.761738],[6.073962,50.761789],[6.074149,50.761916],[6.074312,50.761996],[6.074212,50.762135],[6.074106,50.762109],[6.073863,50.762191],[6.073819,50.762244]]]},"id":293},{"type":"Feature","properties":{"id":"0d0ircd","name":"Kettelerstraße","kind":"minor","district":"aachen-mitte","level":"aachen-mitte-36","importance":1206,"center":[6.139551,50.762857],"length":411},"geometry":{"type":"MultiLineString","coordinates":[[[6.140773,50.762543],[6.138639,50.763084]],[[6.139556,50.763443],[6.139552,50.763317],[6.139387,50.762985],[6.138962,50.762465]],[[6.140036,50.763406],[6.140015,50.763276],[6.139843,50.762906],[6.139378,50.762308]]]},"id":294},{"type":"Feature","properties":{"id":"0d1y559","name":"Nervierstraße","kind":"minor","district":"laurensberg","level":"laurensberg-5","importance":1150,"center":[6.039055,50.767597],"length":300},"geometry":{"type":"MultiLineString","coordinates":[[[6.037878,50.767623],[6.03908,50.767604],[6.039188,50.767705],[6.039231,50.768272]],[[6.039031,50.76759],[6.038827,50.767453],[6.038566,50.767459],[6.038578,50.767604]],[[6.039217,50.768064],[6.039447,50.768056],[6.03942,50.767759],[6.039194,50.767766]],[[6.039231,50.768272],[6.039236,50.768335]],[[6.039236,50.768335],[6.039241,50.768427]]]},"id":295},{"type":"Feature","properties":{"id":"0d5ipqz","name":"Hasenwaldstraße","kind":"minor","district":"laurensberg","level":"laurensberg-8","importance":1046,"center":[6.082176,50.809253],"length":93},"geometry":{"type":"LineString","coordinates":[[6.082413,50.808965],[6.082346,50.809001],[6.08186,50.809718]]},"id":296},{"type":"Feature","properties":{"id":"0d5whzl","name":"Am Roskapellchen","kind":"minor","district":"aachen-mitte","level":"aachen-mitte-14","importance":1019,"center":[6.077686,50.77083],"length":38},"geometry":{"type":"LineString","coordinates":[[6.077868,50.770991],[6.077847,50.770923],[6.077525,50.770736]]},"id":297},{"type":"Feature","properties":{"id":"0d8eefz","name":"Heerlener Straße","kind":"minor","district":"aachen-mitte","level":"aachen-mitte-24","importance":1153,"center":[6.056181,50.772918],"length":307},"geometry":{"type":"LineString","coordinates":[[6.057168,50.771746],[6.056766,50.772033],[6.056471,50.772359],[6.056184,50.772911],[6.055999,50.773376],[6.055782,50.774302]]},"id":298},{"type":"Feature","properties":{"id":"0d9pn4u","name":"Kullenhofstraße","kind":"minor","district":"laurensberg","level":"laurensberg-4","importance":1595,"center":[6.043419,50.774687],"length":1189},"geometry":{"type":"MultiLineString","coordinates":[[[6.047332,50.773783],[6.047124,50.773781],[6.046992,50.773834]],[[6.038959,50.774804],[6.038962,50.774474],[6.039894,50.774469],[6.039893,50.77478]],[[6.046366,50.774135],[6.046808,50.773906]],[[6.045235,50.774276],[6.045255,50.772832]],[[6.042838,50.774708],[6.044406,50.774639]],[[6.044868,50.774572],[6.044906,50.774566]],[[6.046985,50.773793],[6.047296,50.773684]],[[6.045235,50.774276],[6.045356,50.774466]],[[6.045266,50.774486],[6.045211,50.774342],[6.045235,50.774276]],[[6.0452,50.774613],[6.044981,50.774586]],[[6.046204,50.774206],[6.045894,50.774387],[6.045536,50.774541]],[[6.045536,50.774541],[6.045507,50.774648],[6.045406,50.774687],[6.045288,50.774678],[6.0452,50.774613]],[[6.044906,50.774566],[6.045201,50.774541]],[[6.045464,50.774483],[6.045849,50.774302],[6.046067,50.774221],[6.046204,50.774206]],[[6.03948,50.774791],[6.042838,50.774708]],[[6.046808,50.773906],[6.046985,50.773793]],[[6.046992,50.773834],[6.046808,50.773906]],[[6.038328,50.774809],[6.039118,50.7748]],[[6.039118,50.7748],[6.03948,50.774791]],[[6.046204,50.774206],[6.046366,50.774135]],[[6.045464,50.774483],[6.045536,50.774541]],[[6.045201,50.774541],[6.045308,50.774472],[6.045464,50.774483]],[[6.0452,50.774613],[6.045201,50.774541]],[[6.044981,50.774586],[6.044906,50.774566]],[[6.044406,50.774639],[6.0447,50.774596]],[[6.0447,50.774596],[6.044868,50.774572]]]},"id":299},{"type":"Feature","properties":{"id":"0demxbo","name":"Neuenhofstraße","kind":"major","district":"eilendorf","level":"eilendorf-1","importance":3889,"center":[6.147128,50.766421],"length":1779},"geometry":{"type":"MultiLineString","coordinates":[[[6.14005,50.769445],[6.143878,50.768445],[6.14443,50.768229],[6.147196,50.766375]],[[6.144983,50.766597],[6.145956,50.767217]],[[6.138459,50.769682],[6.138629,50.769624]],[[6.138629,50.769624],[6.139496,50.769521]],[[6.137892,50.770006],[6.138106,50.769848],[6.138459,50.769682]],[[6.139496,50.769521],[6.14005,50.769445]],[[6.137636,50.770341],[6.137825,50.770077]],[[6.154611,50.7614],[6.155502,50.760831]],[[6.152855,50.762487],[6.154611,50.7614]],[[6.147196,50.766375],[6.150535,50.763958],[6.152855,50.762487]],[[6.137825,50.770077],[6.137892,50.770006]]]},"id":300},{"type":"Feature","properties":{"id":"0dixk2l","name":"Von-Coels-Straße","kind":"major","district":"eilendorf","level":"eilendorf-1","importance":4000,"center":[6.165453,50.778801],"length":3666},"geometry":{"type":"MultiLineString","coordinates":[[[6.142046,50.777285],[6.142602,50.777535]],[[6.143798,50.777948],[6.144032,50.777922],[6.146262,50.777212]],[[6.177915,50.777787],[6.180482,50.77805]],[[6.177349,50.777727],[6.177915,50.777787]],[[6.166975,50.77816],[6.166827,50.778263],[6.16563,50.778786]],[[6.163188,50.779616],[6.163656,50.779555],[6.16444,50.779263]],[[6.168705,50.777407],[6.169469,50.777081]],[[6.181404,50.777858],[6.183906,50.776918]],[[6.162335,50.779481],[6.162907,50.779612]],[[6.148224,50.776577],[6.148696,50.77644]],[[6.165365,50.77888],[6.165392,50.778868]],[[6.180945,50.778028],[6.181404,50.777858]],[[6.183906,50.776918],[6.186699,50.775878]],[[6.142965,50.777669],[6.143433,50.777836]],[[6.149872,50.776328],[6.152389,50.776163],[6.153303,50.77619]],[[6.167597,50.777888],[6.167827,50.777787]],[[6.16563,50.778786],[6.165392,50.778868]],[[6.167021,50.778141],[6.167597,50.777888]],[[6.161356,50.779004],[6.161882,50.779296]],[[6.161882,50.779296],[6.162335,50.779481]],[[6.16444,50.779263],[6.165365,50.77888]],[[6.166975,50.77816],[6.167021,50.778141]],[[6.161097,50.778807],[6.161356,50.779004]],[[6.167827,50.777787],[6.168705,50.777407]],[[6.165392,50.778868],[6.165473,50.778785],[6.165878,50.778601],[6.166771,50.778209],[6.166975,50.77816]],[[6.142602,50.777535],[6.142965,50.777669]],[[6.147308,50.776875],[6.148224,50.776577]],[[6.153303,50.77619],[6.153702,50.776246],[6.154114,50.776345]],[[6.154605,50.776491],[6.156763,50.777215],[6.157154,50.777322],[6.157908,50.777468]],[[6.157908,50.777468],[6.158579,50.777596]],[[6.158579,50.777596],[6.158995,50.777681]],[[6.159847,50.777892],[6.160175,50.778062],[6.161097,50.778807]],[[6.169469,50.777081],[6.169843,50.776973],[6.170159,50.776977],[6.170821,50.777054]],[[6.170821,50.777054],[6.171189,50.777097]],[[6.171189,50.777097],[6.175849,50.777579]],[[6.175849,50.777579],[6.176433,50.777638]],[[6.176433,50.777638],[6.177349,50.777727]],[[6.180482,50.77805],[6.180789,50.778056],[6.180945,50.778028]],[[6.14198,50.777252],[6.142046,50.777285]],[[6.158995,50.777681],[6.159847,50.777892]],[[6.143433,50.777836],[6.143798,50.777948]],[[6.154114,50.776345],[6.154605,50.776491]],[[6.186699,50.775878],[6.187162,50.775707]],[[6.148696,50.77644],[6.149872,50.776328]],[[6.146262,50.777212],[6.147308,50.776875]],[[6.162907,50.779612],[6.163188,50.779616]]]},"id":301},{"type":"Feature","properties":{"id":"0dk0w27","name":"Adalbertstift","kind":"path","district":"aachen-mitte","level":"aachen-mitte-38","importance":60,"center":[6.095121,50.774892],"length":120},"geometry":{"type":"MultiLineString","coordinates":[[[6.095469,50.774672],[6.095156,50.77467],[6.094795,50.774767],[6.094807,50.774837],[6.095041,50.774871]],[[6.095041,50.774871],[6.095239,50.77497],[6.095233,50.7751]],[[6.095466,50.774573],[6.095469,50.774672]]]},"id":302},{"type":"Feature","properties":{"id":"0dm6y87","name":"Roonstraße","kind":"minor","district":"aachen-mitte","level":"aachen-mitte-20","importance":1076,"center":[6.103426,50.770523],"length":152},"geometry":{"type":"LineString","coordinates":[[6.103505,50.771206],[6.103346,50.769839]]},"id":303},{"type":"Feature","properties":{"id":"0dnaowm","name":"Ulmenstraße","kind":"minor","district":"eilendorf","level":"eilendorf-3","importance":1040,"center":[6.15716,50.774014],"length":79},"geometry":{"type":"LineString","coordinates":[[6.15694,50.773748],[6.15738,50.774279],[6.157521,50.774347]]},"id":304},{"type":"Feature","properties":{"id":"0dnki41","name":"Steinkaulweid","kind":"minor","district":"kornelimuenster-walheim","level":"kornelimuenster-walheim-8","importance":1062,"center":[6.172511,50.730639],"length":124},"geometry":{"type":"LineString","coordinates":[[6.17202,50.729905],[6.17272,50.730932]]},"id":305},{"type":"Feature","properties":{"id":"0dnu7zi","name":"Promenade","kind":"path","district":"kornelimuenster-walheim","level":"kornelimuenster-walheim-9","importance":53,"center":[6.181842,50.730019],"length":106},"geometry":{"type":"MultiLineString","coordinates":[[[6.181496,50.729619],[6.182031,50.730233]],[[6.182031,50.730233],[6.182182,50.73046]]]},"id":306},{"type":"Feature","properties":{"id":"0doojrl","name":"Schwinningstraße","kind":"minor","district":"kornelimuenster-walheim","level":"kornelimuenster-walheim-6","importance":1411,"center":[6.143148,50.72489],"length":822},"geometry":{"type":"MultiLineString","coordinates":[[[6.144054,50.723746],[6.141859,50.725065]],[[6.140991,50.72456],[6.142739,50.725628],[6.14332,50.726129],[6.14344,50.726171]],[[6.142703,50.724578],[6.144113,50.725587],[6.144198,50.725613],[6.144294,50.725593],[6.144905,50.725218]],[[6.143592,50.725203],[6.144041,50.724946]],[[6.143981,50.724982],[6.143585,50.724696]],[[6.144294,50.725593],[6.143785,50.725912]]]},"id":307},{"type":"Feature","properties":{"id":"0dpnv2r","name":"Am Rosengarten","kind":"minor","district":"haaren","level":"haaren-5","importance":1097,"center":[6.125024,50.793034],"length":195},"geometry":{"type":"LineString","coordinates":[[6.124126,50.792543],[6.124506,50.792704],[6.126095,50.793766]]},"id":308},{"type":"Feature","properties":{"id":"0dpr4o1","name":"Hansemannplatz","kind":"square","district":"aachen-mitte","level":"aachen-mitte-4","importance":3000,"center":[6.093401,50.778275],"length":0},"geometry":{"type":"Polygon","coordinates":[[[6.092936,50.77834],[6.093015,50.778392],[6.093476,50.778401],[6.093827,50.778469],[6.093911,50.778376],[6.093916,50.778342],[6.093876,50.778292],[6.093211,50.77811],[6.093141,50.77814],[6.093003,50.778303],[6.092936,50.77834]]]},"id":309},{"type":"Feature","properties":{"id":"0dqj6gm","name":"Schleidener Straße","kind":"major","district":"kornelimuenster-walheim","level":"kornelimuenster-walheim-1","importance":4000,"center":[6.180948,50.700632],"length":3712},"geometry":{"type":"MultiLineString","coordinates":[[[6.182305,50.706775],[6.181908,50.706056]],[[6.181908,50.706056],[6.181647,50.705554]],[[6.18131,50.704879],[6.182158,50.704828],[6.182315,50.704623]],[[6.187223,50.715997],[6.186493,50.71462]],[[6.186152,50.713946],[6.182862,50.707802]],[[6.182851,50.697113],[6.183696,50.695613],[6.183837,50.69515],[6.183822,50.694839],[6.183675,50.694452],[6.183413,50.694088],[6.183229,50.693914],[6.182173,50.693169]],[[6.178842,50.687664],[6.17884,50.687307],[6.178967,50.686945]],[[6.182173,50.693169],[6.181013,50.692343],[6.18024,50.691739],[6.179983,50.691489],[6.179761,50.691164],[6.179543,50.690651],[6.179021,50.688486]],[[6.182315,50.704623],[6.182667,50.703639],[6.182711,50.703415]],[[6.181501,50.705251],[6.180189,50.702807],[6.180104,50.70259],[6.180087,50.702321],[6.180175,50.702068],[6.182851,50.697113]],[[6.181647,50.705554],[6.181501,50.705251]],[[6.178967,50.686945],[6.179058,50.686686]],[[6.18271,50.707517],[6.182579,50.707282]],[[6.182579,50.707282],[6.182305,50.706775]],[[6.182862,50.707802],[6.18271,50.707517]],[[6.179021,50.688486],[6.178842,50.687664]],[[6.186493,50.71462],[6.186152,50.713946]]]},"id":310},{"type":"Feature","properties":{"id":"0dqxbi5","name":"Leipziger Straße","kind":"minor","district":"aachen-mitte","level":"aachen-mitte-26","importance":1090,"center":[6.115134,50.775495],"length":181},"geometry":{"type":"LineString","coordinates":[[6.116082,50.776015],[6.114134,50.774958]]},"id":311},{"type":"Feature","properties":{"id":"0dqy59r","name":"Banker-Feld-Straße","kind":"minor","district":"richterich","level":"richterich-2","importance":1573,"center":[6.063898,50.819797],"length":1146},"geometry":{"type":"MultiLineString","coordinates":[[[6.05714,50.817661],[6.060638,50.818206]],[[6.061095,50.818433],[6.061276,50.818518]],[[6.065795,50.822985],[6.065923,50.823157],[6.066547,50.823748]],[[6.066822,50.823985],[6.067586,50.824611]],[[6.060638,50.818206],[6.061095,50.818433]],[[6.06184,50.818794],[6.064099,50.819901],[6.064244,50.82005],[6.064593,50.820948],[6.065795,50.822985]],[[6.066547,50.823748],[6.066822,50.823985]],[[6.061276,50.818518],[6.06184,50.818794]]]},"id":312},{"type":"Feature","properties":{"id":"0dren3u","name":"Wiesenstraße","kind":"minor","district":"aachen-mitte","level":"aachen-mitte-16","importance":1068,"center":[6.085078,50.764106],"length":135},"geometry":{"type":"LineString","coordinates":[[6.085496,50.764539],[6.084536,50.763557],[6.084452,50.763522]]},"id":313},{"type":"Feature","properties":{"id":"0drwpjm","name":"Roermonder Straße","kind":"major","district":"aachen-mitte","level":"aachen-mitte-6","importance":4000,"center":[6.062904,50.799066],"length":7502},"geometry":{"type":"MultiLineString","coordinates":[[[6.068827,50.817471],[6.069161,50.817991],[6.069567,50.818366],[6.070652,50.819116],[6.071753,50.819815]],[[6.068718,50.817187],[6.068654,50.816883]],[[6.06837,50.78932],[6.067818,50.78952]],[[6.066793,50.790743],[6.066725,50.7911]],[[6.060513,50.809358],[6.060525,50.809852]],[[6.0611,50.805387],[6.061125,50.805405]],[[6.069064,50.787753],[6.068925,50.788119],[6.068926,50.788626],[6.068884,50.788848],[6.068668,50.789136],[6.06837,50.78932]],[[6.077881,50.781683],[6.07783,50.781757]],[[6.068113,50.788819],[6.068289,50.788447],[6.068516,50.78813]],[[6.068528,50.787959],[6.068738,50.78778],[6.068975,50.787671]],[[6.066793,50.790743],[6.066746,50.790662],[6.066871,50.790077]],[[6.068718,50.817187],[6.068555,50.817027],[6.068306,50.816913]],[[6.061069,50.806882],[6.061665,50.806052],[6.061684,50.805875],[6.06164,50.805781]],[[6.060513,50.809358],[6.060569,50.809008]],[[6.063608,50.79646],[6.06344,50.796739]],[[6.063649,50.796391],[6.063608,50.79646]],[[6.064099,50.795725],[6.063649,50.796391]],[[6.063052,50.797409],[6.062774,50.797874],[6.062696,50.798135]],[[6.061587,50.805714],[6.06164,50.805781]],[[6.071753,50.819815],[6.072089,50.820035]],[[6.072089,50.820035],[6.07309,50.820694]],[[6.068654,50.816883],[6.068547,50.816912],[6.068306,50.816913]],[[6.066016,50.816055],[6.066297,50.816243]],[[6.066793,50.790743],[6.067571,50.790795]],[[6.067584,50.790703],[6.067557,50.790884]],[[6.077281,50.78233],[6.076443,50.782889]],[[6.066942,50.790186],[6.066793,50.790743]],[[6.067543,50.789414],[6.06789,50.789103],[6.068113,50.788819]],[[6.074348,50.784245],[6.072723,50.78531]],[[6.07783,50.781757],[6.077762,50.781826]],[[6.066226,50.794109],[6.066143,50.794385],[6.066006,50.794606]],[[6.06525,50.795089],[6.064295,50.795576],[6.064099,50.795725]],[[6.070242,50.78678],[6.071803,50.785783]],[[6.070044,50.787038],[6.069749,50.787232]],[[6.073761,50.821137],[6.078189,50.824031]],[[6.075665,50.783272],[6.076313,50.782853]],[[6.076313,50.782853],[6.077095,50.782363],[6.077234,50.782216]],[[6.072723,50.78531],[6.071906,50.785842]],[[6.071142,50.786343],[6.070352,50.786849]],[[6.071906,50.785842],[6.071142,50.786343]],[[6.068934,50.78771],[6.069437,50.787319],[6.070242,50.78678]],[[6.075149,50.783721],[6.074348,50.784245]],[[6.068306,50.816913],[6.068089,50.816886]],[[6.068291,50.816853],[6.06855,50.816845],[6.068654,50.816883]],[[6.076443,50.782889],[6.075149,50.783721]],[[6.074254,50.784181],[6.075665,50.783272]],[[6.077234,50.782216],[6.077634,50.781776]],[[6.073353,50.784764],[6.074254,50.784181]],[[6.060569,50.809008],[6.060636,50.808624]],[[6.066547,50.792214],[6.066506,50.79207],[6.066536,50.791812],[6.066607,50.79172]],[[6.066547,50.792214],[6.066226,50.794109]],[[6.066607,50.79172],[6.066641,50.791816],[6.066547,50.792214]],[[6.066627,50.791639],[6.066607,50.79172]],[[6.069337,50.78753],[6.069064,50.787753]],[[6.068718,50.817187],[6.068827,50.817471]],[[6.066725,50.7911],[6.066627,50.791639]],[[6.06344,50.796739],[6.063052,50.797409]],[[6.062613,50.799534],[6.061217,50.801113],[6.060949,50.801456],[6.060826,50.801698],[6.060755,50.802038],[6.060761,50.804207]],[[6.060659,50.808497],[6.060918,50.807221]],[[6.060749,50.812479],[6.062563,50.813721]],[[6.06416,50.814837],[6.066016,50.816055]],[[6.063175,50.814154],[6.06416,50.814837]],[[6.066879,50.816642],[6.067095,50.816776],[6.067375,50.816868],[6.068089,50.816886]],[[6.061125,50.805405],[6.061587,50.805714]],[[6.066871,50.790077],[6.06698,50.789837],[6.067182,50.789637]],[[6.067182,50.789637],[6.067543,50.789414]],[[6.067154,50.789857],[6.067039,50.789977],[6.066942,50.790186]],[[6.067818,50.78952],[6.067358,50.789717]],[[6.067358,50.789717],[6.067154,50.789857]],[[6.067476,50.789157],[6.067565,50.789118],[6.068303,50.788189],[6.068528,50.787959]],[[6.067182,50.789637],[6.067476,50.789157]],[[6.068089,50.816886],[6.068291,50.816853]],[[6.071803,50.785783],[6.073353,50.784764]],[[6.060525,50.809852],[6.060595,50.810815],[6.060559,50.811187],[6.060431,50.811723]],[[6.066006,50.794606],[6.065735,50.794833],[6.06545,50.795007]],[[6.06545,50.795007],[6.065332,50.795089],[6.06525,50.795089]],[[6.06525,50.795089],[6.065377,50.795002],[6.06545,50.795007]],[[6.062696,50.798135],[6.0627,50.79827],[6.062914,50.799005],[6.062799,50.799317],[6.062613,50.799534]],[[6.060636,50.808624],[6.060659,50.808497]],[[6.060768,50.804919],[6.060853,50.805153],[6.0611,50.805387]],[[6.069749,50.787232],[6.069337,50.78753]],[[6.061045,50.806923],[6.061069,50.806882]],[[6.060918,50.807221],[6.061045,50.806923]],[[6.066801,50.816587],[6.066879,50.816642]],[[6.066667,50.816498],[6.066801,50.816587]],[[6.060761,50.804207],[6.060768,50.804919]],[[6.073492,50.820959],[6.073761,50.821137]],[[6.07309,50.820694],[6.073492,50.820959]],[[6.077762,50.781826],[6.077281,50.78233]],[[6.077634,50.781776],[6.077726,50.781664]],[[6.060431,50.811723],[6.060411,50.811988],[6.060456,50.812117]],[[6.060456,50.812117],[6.060749,50.812479]],[[6.062563,50.813721],[6.063175,50.814154]],[[6.066297,50.816243],[6.066667,50.816498]],[[6.068516,50.78813],[6.068934,50.78771]],[[6.070352,50.786849],[6.070205,50.786935]],[[6.070205,50.786935],[6.070044,50.787038]]]},"id":314},{"type":"Feature","properties":{"id":"0ds59xd","name":"Gert-Engels-Platz","kind":"square","district":"kornelimuenster-walheim","level":"kornelimuenster-walheim-1","importance":3000,"center":[6.14485,50.724312],"length":0},"geometry":{"type":"Polygon","coordinates":[[[6.144599,50.72433],[6.144017,50.723861],[6.144087,50.723803],[6.14484,50.724229],[6.145533,50.724568],[6.145487,50.724649],[6.145339,50.724667],[6.144724,50.724402],[6.144599,50.72433]]]},"id":315},{"type":"Feature","properties":{"id":"0du7kk6","name":"Iltisweg","kind":"minor","district":"kornelimuenster-walheim","level":"kornelimuenster-walheim-6","importance":1052,"center":[6.153385,50.721965],"length":104},"geometry":{"type":"LineString","coordinates":[[6.154248,50.721936],[6.153936,50.721861],[6.152833,50.722068]]},"id":316},{"type":"Feature","properties":{"id":"0dulexv","name":"Jean-Lejeune-Straße","kind":"minor","district":"aachen-mitte","level":"aachen-mitte-28","importance":1034,"center":[6.056279,50.762762],"length":68},"geometry":{"type":"LineString","coordinates":[[6.056647,50.762625],[6.055802,50.762924]]},"id":317},{"type":"Feature","properties":{"id":"0e024lw","name":"Hubert-Spickernagel-Straße","kind":"square","district":"eilendorf","level":"eilendorf-1","importance":3000,"center":[6.161568,50.773915],"length":0},"geometry":{"type":"Polygon","coordinates":[[[6.161487,50.774084],[6.161786,50.773924],[6.161741,50.773822],[6.161461,50.773821],[6.161487,50.774084]]]},"id":318},{"type":"Feature","properties":{"id":"0e0gdfq","name":"Wamichstraße","kind":"minor","district":"eilendorf","level":"eilendorf-3","importance":1218,"center":[6.143655,50.779854],"length":436},"geometry":{"type":"LineString","coordinates":[[6.142468,50.778286],[6.143689,50.779891],[6.146035,50.781439]]},"id":319},{"type":"Feature","properties":{"id":"0e0w1ey","name":"Brander Straße","kind":"minor","district":"eilendorf","level":"eilendorf-4","importance":1200,"center":[6.1615,50.776686],"length":399},"geometry":{"type":"MultiLineString","coordinates":[[[6.159847,50.777892],[6.160547,50.777451],[6.162453,50.775921]],[[6.162453,50.775921],[6.163403,50.775096]]]},"id":320},{"type":"Feature","properties":{"id":"0e1vxjm","name":"Mariahilfstraße","kind":"minor","district":"aachen-mitte","level":"aachen-mitte-11","importance":1081,"center":[6.091332,50.779121],"length":162},"geometry":{"type":"MultiLineString","coordinates":[[[6.091757,50.779822],[6.09173,50.779779]],[[6.090933,50.778464],[6.09173,50.779779]]]},"id":321},{"type":"Feature","properties":{"id":"0e5lpzu","name":"Brückstraße","kind":"minor","district":"eilendorf","level":"eilendorf-4","importance":1294,"center":[6.152371,50.783003],"length":588},"geometry":{"type":"MultiLineString","coordinates":[[[6.151739,50.783661],[6.152325,50.783057],[6.152466,50.78284],[6.152429,50.782633],[6.152142,50.782162],[6.152214,50.781947],[6.152519,50.781584],[6.152692,50.781438],[6.153386,50.781027],[6.153548,50.78068]],[[6.151117,50.784255],[6.151529,50.784592],[6.151874,50.784988],[6.151999,50.785043],[6.152227,50.785082]],[[6.151117,50.784255],[6.151739,50.783661]]]},"id":322},{"type":"Feature","properties":{"id":"0e63kl2","name":"Passstraße","kind":"major","district":"aachen-mitte","level":"aachen-mitte-4","importance":3620,"center":[6.097259,50.784404],"length":1241},"geometry":{"type":"MultiLineString","coordinates":[[[6.094449,50.788303],[6.09455,50.788216]],[[6.098115,50.780475],[6.098082,50.781171]],[[6.09455,50.788216],[6.095041,50.787778]],[[6.098037,50.782182],[6.098024,50.782774]],[[6.098055,50.784101],[6.098235,50.783956],[6.098242,50.783815]],[[6.098242,50.783815],[6.098454,50.784004]],[[6.096832,50.785001],[6.096861,50.784863]],[[6.096888,50.784756],[6.09699,50.784574],[6.097089,50.784494],[6.097864,50.784175]],[[6.098477,50.779035],[6.098168,50.779674],[6.098115,50.780475]],[[6.09547,50.787399],[6.096525,50.786441]],[[6.098055,50.784101],[6.098454,50.784004]],[[6.097864,50.784175],[6.098055,50.784101]],[[6.098141,50.783708],[6.098242,50.783815]],[[6.098041,50.782103],[6.098037,50.782182]],[[6.098019,50.783443],[6.098141,50.783708]],[[6.098003,50.783304],[6.098019,50.783443]],[[6.098015,50.783087],[6.098003,50.783304]],[[6.098024,50.782774],[6.098015,50.783087]],[[6.098065,50.781557],[6.098041,50.782103]],[[6.098082,50.781171],[6.098065,50.781557]],[[6.095217,50.787421],[6.094905,50.787719],[6.095041,50.787778]],[[6.096525,50.786441],[6.096721,50.786179],[6.096779,50.786007],[6.096832,50.785001]],[[6.095041,50.787778],[6.09547,50.787399]],[[6.096861,50.784863],[6.096888,50.784756]]]},"id":323},{"type":"Feature","properties":{"id":"0e9ok9v","name":"In den Hehnen","kind":"minor","district":"kornelimuenster-walheim","level":"kornelimuenster-walheim-4","importance":1147,"center":[6.182299,50.708928],"length":293},"geometry":{"type":"LineString","coordinates":[[6.181341,50.707577],[6.181666,50.707904],[6.18195,50.708275],[6.182558,50.709464],[6.182943,50.71]]},"id":324},{"type":"Feature","properties":{"id":"0ec1pi2","name":"Normannenstraße","kind":"minor","district":"aachen-mitte","level":"aachen-mitte-23","importance":1136,"center":[6.097968,50.788552],"length":271},"geometry":{"type":"MultiLineString","coordinates":[[[6.098492,50.788289],[6.09896,50.788058]],[[6.095907,50.789549],[6.096382,50.789366]],[[6.097444,50.788815],[6.098492,50.788289]],[[6.096382,50.789366],[6.097444,50.788815]]]},"id":325},{"type":"Feature","properties":{"id":"0ed4cbi","name":"Hander Weg","kind":"minor","district":"richterich","level":"richterich-4","importance":1547,"center":[6.054407,50.806681],"length":1093},"geometry":{"type":"MultiLineString","coordinates":[[[6.047627,50.804437],[6.048356,50.804471],[6.04859,50.80451]],[[6.059338,50.810822],[6.059167,50.810792],[6.059086,50.810744],[6.057834,50.809679]],[[6.053077,50.806032],[6.053265,50.806133],[6.053416,50.806158],[6.054299,50.806614],[6.05483,50.806986]],[[6.05483,50.806986],[6.055218,50.80734]],[[6.055218,50.80734],[6.055615,50.807705],[6.056469,50.808363],[6.056997,50.808818],[6.057321,50.809161],[6.057549,50.809481]],[[6.048823,50.804581],[6.049552,50.804854]],[[6.04859,50.80451],[6.048823,50.804581]],[[6.049552,50.804854],[6.051885,50.805719]],[[6.051885,50.805719],[6.052946,50.806113]]]},"id":326},{"type":"Feature","properties":{"id":"0efsdfq","name":"Neuenhofer Weg","kind":"minor","district":"laurensberg","level":"laurensberg-5","importance":1293,"center":[6.043554,50.772038],"length":586},"geometry":{"type":"MultiLineString","coordinates":[[[6.043462,50.773259],[6.043483,50.773953],[6.043668,50.77468]],[[6.043462,50.773259],[6.043566,50.772345],[6.043536,50.771729]],[[6.043669,50.770019],[6.043704,50.769877],[6.04364,50.769833],[6.043405,50.769774],[6.043347,50.76968]],[[6.043536,50.771729],[6.043574,50.77045]],[[6.043347,50.76968],[6.043323,50.769563]],[[6.043574,50.77045],[6.043669,50.770019]]]},"id":327},{"type":"Feature","properties":{"id":"0eg0fze","name":"Jahnstraße","kind":"minor","district":"aachen-mitte","level":"aachen-mitte-30","importance":1093,"center":[6.088627,50.751551],"length":186},"geometry":{"type":"MultiLineString","coordinates":[[[6.088132,50.751067],[6.087692,50.75063]],[[6.088132,50.751067],[6.089122,50.752035]]]},"id":328},{"type":"Feature","properties":{"id":"0ehcb0a","name":"Niederforstbacher Straße","kind":"major","district":"brand","level":"brand-1","importance":4000,"center":[6.152901,50.736464],"length":2547},"geometry":{"type":"MultiLineString","coordinates":[[[6.157503,50.740582],[6.157468,50.740556]],[[6.157658,50.740746],[6.157752,50.740965],[6.157808,50.741306]],[[6.145225,50.733795],[6.144304,50.73352]],[[6.162058,50.745723],[6.161741,50.745834],[6.161602,50.746013]],[[6.1598,50.744067],[6.160264,50.744308],[6.161322,50.744735],[6.161617,50.744946],[6.162058,50.745723],[6.16252,50.74623]],[[6.157895,50.741806],[6.157889,50.742488],[6.15795,50.742771]],[[6.15795,50.742771],[6.158161,50.742981],[6.158674,50.743363],[6.159295,50.74378],[6.1598,50.744067]],[[6.157468,50.740556],[6.155815,50.739385]],[[6.153783,50.736584],[6.152019,50.736344],[6.151205,50.736176],[6.150965,50.736083],[6.149875,50.735513],[6.149321,50.735269],[6.148526,50.734961],[6.145225,50.733795]],[[6.144304,50.73352],[6.143848,50.733262],[6.142006,50.73189],[6.141565,50.73129],[6.141463,50.731196],[6.140912,50.730859]],[[6.155024,50.73837],[6.155024,50.737209],[6.154959,50.737025],[6.154756,50.736836],[6.154486,50.736715],[6.154285,50.736654],[6.153783,50.736584]],[[6.140575,50.730668],[6.140912,50.730859]],[[6.140912,50.730859],[6.14055,50.730839]],[[6.155815,50.739385],[6.155311,50.739021],[6.155117,50.738815],[6.155032,50.73858],[6.155024,50.73837]],[[6.15784,50.741457],[6.157895,50.741806]],[[6.157808,50.741306],[6.15784,50.741457]]]},"id":329},{"type":"Feature","properties":{"id":"0ej2elb","name":"Herrenbergstraße","kind":"minor","district":"eilendorf","level":"eilendorf-5","importance":1353,"center":[6.160091,50.787753],"length":706},"geometry":{"type":"MultiLineString","coordinates":[[[6.163639,50.789328],[6.163468,50.78909],[6.162621,50.788559],[6.161926,50.788033]],[[6.15631,50.787192],[6.156115,50.787036]],[[6.161926,50.788033],[6.161549,50.787686]],[[6.161428,50.787526],[6.161631,50.787483],[6.161637,50.787596],[6.161549,50.787686]],[[6.161212,50.787583],[6.159535,50.78784],[6.158861,50.78783],[6.158235,50.78771],[6.157146,50.787562],[6.15631,50.787192]],[[6.161212,50.787583],[6.161428,50.787526]],[[6.161549,50.787686],[6.161431,50.787627],[6.161212,50.787583]]]},"id":330},{"type":"Feature","properties":{"id":"0ele4u7","name":"Kapuzinergraben","kind":"minor","district":"aachen-mitte","level":"aachen-mitte-10","importance":1186,"center":[6.085828,50.772498],"length":371},"geometry":{"type":"MultiLineString","coordinates":[[[6.086027,50.772614],[6.085952,50.772603],[6.085703,50.772393],[6.085422,50.772233]],[[6.08645,50.773015],[6.086954,50.773563]],[[6.08645,50.773015],[6.086144,50.772718]],[[6.084639,50.772038],[6.084892,50.772023],[6.085144,50.772077]],[[6.086027,50.772614],[6.086144,50.772718]],[[6.085144,50.772077],[6.085409,50.772146],[6.085711,50.772295],[6.086028,50.772566],[6.086027,50.772614]],[[6.085422,50.772233],[6.084639,50.772038]]]},"id":331},{"type":"Feature","properties":{"id":"0emrvjk","name":"Jakobsplatz","kind":"minor","district":"aachen-mitte","level":"aachen-mitte-14","importance":1040,"center":[6.075461,50.770208],"length":79},"geometry":{"type":"LineString","coordinates":[[6.075114,50.77049],[6.075808,50.769926]]},"id":332},{"type":"Feature","properties":{"id":"0enpqhb","name":"Peterskirchhof","kind":"minor","district":"aachen-mitte","level":"aachen-mitte-11","importance":1041,"center":[6.090982,50.777732],"length":81},"geometry":{"type":"MultiLineString","coordinates":[[[6.091026,50.777705],[6.09139,50.777468]],[[6.090499,50.777905],[6.090749,50.777859],[6.090937,50.777759]],[[6.090937,50.777759],[6.091026,50.777705]]]},"id":333},{"type":"Feature","properties":{"id":"0eo99px","name":"Ahornweg","kind":"minor","district":"haaren","level":"haaren-3","importance":1075,"center":[6.128346,50.797687],"length":150},"geometry":{"type":"LineString","coordinates":[[6.127609,50.79717],[6.128197,50.797634],[6.128314,50.797679],[6.128662,50.797721],[6.128945,50.797712],[6.129177,50.797671],[6.129329,50.797611]]},"id":334},{"type":"Feature","properties":{"id":"0es96tu","name":"Auf dem Anger","kind":"minor","district":"kornelimuenster-walheim","level":"kornelimuenster-walheim-8","importance":1137,"center":[6.168928,50.731339],"length":275},"geometry":{"type":"MultiLineString","coordinates":[[[6.169498,50.730648],[6.168595,50.730966],[6.16853,50.731004],[6.168512,50.731118],[6.169435,50.731597],[6.170041,50.731443]],[[6.168512,50.731118],[6.167924,50.730818]]]},"id":335},{"type":"Feature","properties":{"id":"0etnp1w","name":"Am Schönauer Acker","kind":"minor","district":"richterich","level":"richterich-4","importance":1025,"center":[6.06887,50.81174],"length":50},"geometry":{"type":"LineString","coordinates":[[6.068631,50.811618],[6.069109,50.811863],[6.069134,50.81192]]},"id":336},{"type":"Feature","properties":{"id":"0eyc50o","name":"Schmiedstraße","kind":"minor","district":"aachen-mitte","level":"aachen-mitte-9","importance":1040,"center":[6.083014,50.774361],"length":81},"geometry":{"type":"MultiLineString","coordinates":[[[6.083672,50.774215],[6.083635,50.774205]],[[6.083635,50.774205],[6.083175,50.774281],[6.082827,50.774453],[6.082712,50.774547]]]},"id":337},{"type":"Feature","properties":{"id":"0f1nu65","name":"Goldberg","kind":"minor","district":"aachen-mitte","level":"aachen-mitte-34","importance":1111,"center":[6.129106,50.760813],"length":223},"geometry":{"type":"MultiLineString","coordinates":[[[6.129929,50.761361],[6.129675,50.76114],[6.129428,50.760991],[6.12905,50.760782],[6.128398,50.760508]],[[6.128743,50.760654],[6.129387,50.760085]]]},"id":338},{"type":"Feature","properties":{"id":"0f35ymk","name":"Eichendorffweg","kind":"minor","district":"aachen-mitte","level":"aachen-mitte-21","importance":1094,"center":[6.073162,50.764812],"length":187},"geometry":{"type":"LineString","coordinates":[[6.072266,50.764897],[6.072888,50.764961],[6.073436,50.764662],[6.072968,50.764295],[6.072409,50.764241]]},"id":339},{"type":"Feature","properties":{"id":"0f3envk","name":"Kornelimünsterweg","kind":"major","district":"aachen-mitte","level":"aachen-mitte-8","importance":4000,"center":[6.113762,50.748887],"length":2303},"geometry":{"type":"MultiLineString","coordinates":[[[6.103101,50.754037],[6.103601,50.753719],[6.103938,50.753549]],[[6.124673,50.742572],[6.125103,50.742633]],[[6.115871,50.746291],[6.116313,50.746073]],[[6.118894,50.745465],[6.120981,50.743714],[6.122314,50.743254]],[[6.104547,50.753221],[6.104504,50.75218]],[[6.104094,50.753469],[6.104972,50.754158]],[[6.110021,50.750848],[6.110141,50.750817]],[[6.10619,50.752354],[6.106919,50.751973],[6.10764,50.751648],[6.109088,50.751114]],[[6.103938,50.753549],[6.10619,50.752354]],[[6.110568,50.7507],[6.111396,50.750477],[6.111942,50.75029],[6.112498,50.750068],[6.112807,50.749908],[6.113031,50.749736],[6.114109,50.748468],[6.114568,50.747659],[6.115618,50.746507],[6.115871,50.746291]],[[6.109088,50.751114],[6.109736,50.750925]],[[6.110141,50.750817],[6.110372,50.750753]],[[6.118812,50.745512],[6.118894,50.745465]],[[6.116313,50.746073],[6.116732,50.745961],[6.118202,50.745721],[6.118812,50.745512]],[[6.122314,50.743254],[6.124447,50.742577],[6.124673,50.742572]],[[6.110372,50.750753],[6.110568,50.7507]],[[6.109736,50.750925],[6.110021,50.750848]]]},"id":340},{"type":"Feature","properties":{"id":"0f3oj2b","name":"Geschwister-Scholl-Straße","kind":"minor","district":"aachen-mitte","level":"aachen-mitte-12","importance":1155,"center":[6.073399,50.779559],"length":310},"geometry":{"type":"MultiLineString","coordinates":[[[6.071996,50.780476],[6.072201,50.78041],[6.073582,50.779431],[6.07448,50.778631]],[[6.07448,50.778631],[6.074692,50.778437]],[[6.074692,50.778437],[6.074791,50.778348]]]},"id":341},{"type":"Feature","properties":{"id":"0f49zdb","name":"An der Schmit","kind":"minor","district":"brand","level":"brand-2","importance":1118,"center":[6.155862,50.750829],"length":235},"geometry":{"type":"MultiLineString","coordinates":[[[6.156354,50.750522],[6.155362,50.751117],[6.155298,50.751116],[6.154933,50.750877]],[[6.155584,50.749832],[6.156361,50.750434],[6.156394,50.750475],[6.156354,50.750522]]]},"id":342},{"type":"Feature","properties":{"id":"0f5sxi5","name":"Bodelschwinghstraße","kind":"minor","district":"aachen-mitte","level":"aachen-mitte-36","importance":1196,"center":[6.140685,50.762415],"length":392},"geometry":{"type":"LineString","coordinates":[[6.139209,50.761017],[6.140598,50.762286],[6.14092,50.762794],[6.141034,50.763215],[6.141037,50.76362],[6.140877,50.76421]]},"id":343},{"type":"Feature","properties":{"id":"0f73q3u","name":"Katzensteinweg","kind":"minor","district":"brand","level":"brand-6","importance":1048,"center":[6.189457,50.754249],"length":96},"geometry":{"type":"LineString","coordinates":[[6.188548,50.75402],[6.18982,50.754339]]},"id":344},{"type":"Feature","properties":{"id":"0f9dc0y","name":"Gerlachstraße","kind":"minor","district":"aachen-mitte","level":"aachen-mitte-14","importance":1047,"center":[6.075981,50.769405],"length":94},"geometry":{"type":"LineString","coordinates":[[6.075808,50.769926],[6.076079,50.769094]]},"id":345},{"type":"Feature","properties":{"id":"0f9qrzd","name":"Platz der Kinderrechte","kind":"square","district":"aachen-mitte","level":"aachen-mitte-4","importance":3000,"center":[6.103226,50.777339],"length":0},"geometry":{"type":"Polygon","coordinates":[[[6.103534,50.777277],[6.103364,50.777184],[6.103293,50.77721],[6.103188,50.777323],[6.103115,50.777331],[6.103119,50.777371],[6.10317,50.777399],[6.103138,50.777454],[6.103216,50.7775],[6.103534,50.777277]]]},"id":346},{"type":"Feature","properties":{"id":"0fadeuh","name":"Pützgasse","kind":"minor","district":"brand","level":"brand-6","importance":1295,"center":[6.158278,50.737414],"length":590},"geometry":{"type":"MultiLineString","coordinates":[[[6.156329,50.739754],[6.15689,50.739209],[6.157455,50.738422],[6.157799,50.737533],[6.158392,50.737383],[6.158704,50.737032]],[[6.158704,50.737032],[6.158805,50.736942]],[[6.160682,50.736056],[6.160537,50.736078]],[[6.160537,50.736078],[6.160119,50.736149]],[[6.161253,50.736156],[6.160682,50.736056]],[[6.160119,50.736149],[6.159462,50.736306],[6.15919,50.73668],[6.158805,50.736942]]]},"id":347},{"type":"Feature","properties":{"id":"0fam6g6","name":"Am Kraftversorgungsturm","kind":"minor","district":"aachen-mitte","level":"aachen-mitte-32","importance":1052,"center":[6.111741,50.789546],"length":103},"geometry":{"type":"MultiLineString","coordinates":[[[6.112191,50.789323],[6.111172,50.789828]],[[6.112191,50.789323],[6.112328,50.789254]]]},"id":348},{"type":"Feature","properties":{"id":"0fbjsio","name":"Stephanstraße","kind":"minor","district":"aachen-mitte","level":"aachen-mitte-14","importance":1162,"center":[6.079664,50.770265],"length":325},"geometry":{"type":"MultiLineString","coordinates":[[[6.080354,50.768688],[6.080006,50.769847]],[[6.080006,50.769847],[6.079942,50.770032],[6.079814,50.770149]],[[6.079814,50.770149],[6.07841,50.771243]]]},"id":349},{"type":"Feature","properties":{"id":"0fc9apw","name":"Kolpingstraße","kind":"minor","district":"brand","level":"brand-3","importance":1387,"center":[6.167681,50.752907],"length":774},"geometry":{"type":"MultiLineString","coordinates":[[[6.170645,50.750528],[6.170373,50.750963],[6.167809,50.75283],[6.167178,50.753163],[6.166719,50.753325],[6.165997,50.753526]],[[6.168475,50.752346],[6.168901,50.752581],[6.168668,50.752756],[6.168242,50.752529]],[[6.165997,50.753526],[6.163461,50.754171]]]},"id":350},{"type":"Feature","properties":{"id":"0fdypvc","name":"Eichenstraße","kind":"minor","district":"haaren","level":"haaren-4","importance":1071,"center":[6.127182,50.799628],"length":142},"geometry":{"type":"LineString","coordinates":[[6.127671,50.7994],[6.126183,50.8001],[6.126084,50.80018]]},"id":351},{"type":"Feature","properties":{"id":"0feekav","name":"Sanatoriumstraße","kind":"minor","district":"aachen-mitte","level":"aachen-mitte-21","importance":1081,"center":[6.068961,50.76474],"length":163},"geometry":{"type":"LineString","coordinates":[[6.067913,50.765021],[6.068089,50.764912],[6.068348,50.764829],[6.069314,50.764695],[6.069542,50.764632],[6.069991,50.764444]]},"id":352},{"type":"Feature","properties":{"id":"0ffgzo4","name":"Hauptstraße","kind":"minor","district":"aachen-mitte","level":"aachen-mitte-16","importance":1197,"center":[6.090985,50.76447],"length":395},"geometry":{"type":"MultiLineString","coordinates":[[[6.092141,50.763629],[6.092046,50.76376],[6.09131,50.764298]],[[6.09131,50.764298],[6.090661,50.764643],[6.090072,50.764896]],[[6.089988,50.764935],[6.089774,50.764738]],[[6.090072,50.764896],[6.089644,50.765104],[6.089327,50.765301],[6.089124,50.765352]],[[6.092501,50.763324],[6.092141,50.763629]],[[6.089774,50.764738],[6.090204,50.764558]]]},"id":353},{"type":"Feature","properties":{"id":"0fh14y9","name":"Trierer Platz","kind":"path","district":"aachen-mitte","level":"aachen-mitte-40","importance":38,"center":[6.138999,50.760071],"length":75},"geometry":{"type":"LineString","coordinates":[[6.138652,50.760206],[6.138916,50.760079],[6.139024,50.760075],[6.139395,50.760395]]},"id":354},{"type":"Feature","properties":{"id":"0finwpb","name":"Vetschauer Straße","kind":"minor","district":"laurensberg","level":"laurensberg-6","importance":1218,"center":[6.050812,50.803833],"length":436},"geometry":{"type":"MultiLineString","coordinates":[[[6.051896,50.802309],[6.051559,50.802879]],[[6.051359,50.803264],[6.050653,50.803998],[6.050511,50.804074],[6.049706,50.804054]],[[6.049359,50.80403],[6.048699,50.803984],[6.04859,50.80451]],[[6.049706,50.804054],[6.049359,50.80403]],[[6.052272,50.801701],[6.051896,50.802309]]]},"id":355},{"type":"Feature","properties":{"id":"0fjq7n8","name":"Am Pannhaus","kind":"minor","district":"laurensberg","level":"laurensberg-6","importance":1080,"center":[6.0551,50.80097],"length":159},"geometry":{"type":"MultiLineString","coordinates":[[[6.056024,50.801223],[6.055181,50.801228],[6.054799,50.801269]],[[6.055181,50.801228],[6.055019,50.800712],[6.054859,50.800635]]]},"id":356},{"type":"Feature","properties":{"id":"0fplbht","name":"Doris-Schachner-Straße","kind":"minor","district":"laurensberg","level":"laurensberg-3","importance":1079,"center":[6.042354,50.784272],"length":157},"geometry":{"type":"LineString","coordinates":[[6.04155,50.78427],[6.043785,50.78428]]},"id":357},{"type":"Feature","properties":{"id":"0fpuhu7","name":"Kirchberg","kind":"minor","district":"kornelimuenster-walheim","level":"kornelimuenster-walheim-3","importance":1262,"center":[6.177532,50.706876],"length":525},"geometry":{"type":"MultiLineString","coordinates":[[[6.178772,50.705139],[6.177884,50.706075]],[[6.177324,50.707273],[6.177986,50.707459]],[[6.17669,50.707949],[6.176927,50.707743],[6.177396,50.707186],[6.177884,50.706075]],[[6.17669,50.707949],[6.17608,50.708452]],[[6.177667,50.706567],[6.176889,50.706552]]]},"id":358},{"type":"Feature","properties":{"id":"0fv6qme","name":"Lotharstraße","kind":"minor","district":"aachen-mitte","level":"aachen-mitte-23","importance":1142,"center":[6.091681,50.787097],"length":283},"geometry":{"type":"MultiLineString","coordinates":[[[6.091853,50.787226],[6.092298,50.78739]],[[6.091067,50.787015],[6.091503,50.78682]],[[6.091197,50.787801],[6.09132,50.787433],[6.091784,50.787201]],[[6.091334,50.786759],[6.091784,50.787201],[6.091853,50.787226]],[[6.092298,50.78739],[6.092574,50.787492]],[[6.091503,50.78682],[6.09182,50.786686],[6.091795,50.786662],[6.091901,50.78662]]]},"id":359},{"type":"Feature","properties":{"id":"0fvj28a","name":"Von-Halfern-Weg","kind":"path","district":"aachen-mitte","level":"aachen-mitte-40","importance":28,"center":[6.061704,50.746162],"length":56},"geometry":{"type":"MultiLineString","coordinates":[[[6.061665,50.746174],[6.061589,50.746384]],[[6.061665,50.746174],[6.061854,50.746097],[6.061895,50.745954]]]},"id":360},{"type":"Feature","properties":{"id":"0fybbtk","name":"Karl-Marx-Allee","kind":"major","district":"aachen-mitte","level":"aachen-mitte-8","importance":3546,"center":[6.100251,50.758714],"length":1091},"geometry":{"type":"MultiLineString","coordinates":[[[6.102983,50.754123],[6.102867,50.754208]],[[6.096784,50.762466],[6.096913,50.762672]],[[6.10032,50.758594],[6.099994,50.759073],[6.099255,50.759809]],[[6.096913,50.762672],[6.097052,50.762777]],[[6.098594,50.760461],[6.09689,50.762148]],[[6.102294,50.754691],[6.101839,50.755203],[6.101409,50.755876],[6.100594,50.757919]],[[6.099255,50.759809],[6.099187,50.759874]],[[6.102618,50.754399],[6.102497,50.754499]],[[6.09689,50.762148],[6.09677,50.762359]],[[6.10242,50.754566],[6.102294,50.754691]],[[6.102497,50.754499],[6.10242,50.754566]],[[6.103101,50.754037],[6.102983,50.754123]],[[6.09677,50.762359],[6.096784,50.762466]],[[6.099187,50.759874],[6.098594,50.760461]],[[6.100594,50.757919],[6.10032,50.758594]],[[6.102867,50.754208],[6.102618,50.754399]]]},"id":361},{"type":"Feature","properties":{"id":"0fz9eah","name":"Warmweiherstraße","kind":"minor","district":"aachen-mitte","level":"aachen-mitte-16","importance":1162,"center":[6.098142,50.76789],"length":324},"geometry":{"type":"MultiLineString","coordinates":[[[6.096476,50.768905],[6.096502,50.768753],[6.096632,50.768684]],[[6.097719,50.768103],[6.098564,50.767677]],[[6.096632,50.768684],[6.097719,50.768103]],[[6.099064,50.766685],[6.098881,50.766812],[6.098686,50.767065],[6.098564,50.767677]]]},"id":362},{"type":"Feature","properties":{"id":"0fzmjbm","name":"Piefenhäuschenweg","kind":"path","district":"aachen-mitte","level":"aachen-mitte-38","importance":100,"center":[6.07181,50.771549],"length":199},"geometry":{"type":"MultiLineString","coordinates":[[[6.070961,50.772035],[6.071053,50.772045]],[[6.072652,50.770887],[6.072781,50.770905]],[[6.072781,50.770905],[6.072905,50.770918]],[[6.071129,50.772036],[6.071356,50.771962],[6.07229,50.771102],[6.072652,50.770887]],[[6.071053,50.772045],[6.071129,50.772036]]]},"id":363},{"type":"Feature","properties":{"id":"0fzt1bu","name":"Auf der Hörn","kind":"minor","district":"aachen-mitte","level":"aachen-mitte-19","importance":1636,"center":[6.056164,50.781057],"length":1272},"geometry":{"type":"MultiLineString","coordinates":[[[6.061664,50.780331],[6.06133,50.780723],[6.061099,50.780855],[6.059592,50.781267],[6.057722,50.782178],[6.057118,50.78232],[6.056819,50.782333],[6.056526,50.782301],[6.056265,50.782229],[6.055861,50.78201],[6.0552,50.781051]],[[6.06074,50.780962],[6.060581,50.780699]],[[6.060818,50.78065],[6.060146,50.780795]],[[6.055721,50.781848],[6.056079,50.78176]],[[6.056605,50.782037],[6.056171,50.781862],[6.055843,50.781383]],[[6.055137,50.780965],[6.055905,50.780576]],[[6.055364,50.781305],[6.056123,50.781114],[6.05616,50.781044]],[[6.0552,50.781051],[6.054503,50.779915],[6.05428,50.779481],[6.054162,50.779123]],[[6.054162,50.779123],[6.054047,50.778604]],[[6.054047,50.778604],[6.054015,50.778301]]]},"id":364},{"type":"Feature","properties":{"id":"0g0qwfx","name":"Haus-Heyden-Straße","kind":"minor","district":"richterich","level":"richterich-2","importance":1080,"center":[6.049973,50.836808],"length":161},"geometry":{"type":"LineString","coordinates":[[6.050741,50.837227],[6.04963,50.83662],[6.049448,50.836486],[6.04917,50.836194]]},"id":365},{"type":"Feature","properties":{"id":"0g297pd","name":"Segnistraße","kind":"minor","district":"aachen-mitte","level":"aachen-mitte-31","importance":1100,"center":[6.109163,50.757195],"length":200},"geometry":{"type":"MultiLineString","coordinates":[[[6.108531,50.757742],[6.108956,50.757304],[6.109465,50.757074],[6.109868,50.756815]],[[6.109914,50.757446],[6.109198,50.757181]]]},"id":366},{"type":"Feature","properties":{"id":"0g9fvw7","name":"Liefenweg","kind":"minor","district":"brand","level":"brand-4","importance":1077,"center":[6.153673,50.74491],"length":154},"geometry":{"type":"LineString","coordinates":[[6.154816,50.744478],[6.154373,50.744758],[6.154383,50.744839],[6.152964,50.744981]]},"id":367},{"type":"Feature","properties":{"id":"0g9ufoi","name":"Willy-Brandt-Platz","kind":"minor","district":"aachen-mitte","level":"aachen-mitte-11","importance":1045,"center":[6.091811,50.775763],"length":90},"geometry":{"type":"MultiLineString","coordinates":[[[6.091896,50.775617],[6.091802,50.776041]],[[6.091873,50.775764],[6.0915,50.775792],[6.091295,50.775841]]]},"id":368},{"type":"Feature","properties":{"id":"0gbn0em","name":"Heyder Feldweg","kind":"path","district":"richterich","level":"richterich-5","importance":35,"center":[6.051593,50.85363],"length":69},"geometry":{"type":"LineString","coordinates":[[6.051772,50.853507],[6.051117,50.853972]]},"id":369},{"type":"Feature","properties":{"id":"0ge5ixs","name":"Aussemstraße","kind":"minor","district":"aachen-mitte","level":"aachen-mitte-29","importance":1123,"center":[6.116586,50.76652],"length":245},"geometry":{"type":"LineString","coordinates":[[6.115445,50.767286],[6.115806,50.767085],[6.117765,50.765644]]},"id":370},{"type":"Feature","properties":{"id":"0gha0fo","name":"Krakaustraße","kind":"minor","district":"aachen-mitte","level":"aachen-mitte-14","importance":1101,"center":[6.081255,50.769648],"length":202},"geometry":{"type":"LineString","coordinates":[[6.08128,50.770541],[6.08125,50.769727],[6.08134,50.768724]]},"id":371},{"type":"Feature","properties":{"id":"0gici7z","name":"Kochstraße","kind":"minor","district":"haaren","level":"haaren-3","importance":1111,"center":[6.127326,50.797316],"length":223},"geometry":{"type":"LineString","coordinates":[[6.128488,50.796708],[6.126539,50.797726],[6.126075,50.798008]]},"id":372},{"type":"Feature","properties":{"id":"0gll1s2","name":"Im Pützbend","kind":"minor","district":"kornelimuenster-walheim","level":"kornelimuenster-walheim-3","importance":1042,"center":[6.166823,50.690807],"length":85},"geometry":{"type":"LineString","coordinates":[[6.16649,50.691125],[6.167155,50.69049]]},"id":373},{"type":"Feature","properties":{"id":"0gm93vc","name":"Von-Pastor-Straße","kind":"minor","district":"aachen-mitte","level":"aachen-mitte-25","importance":1165,"center":[6.096704,50.75973],"length":330},"geometry":{"type":"MultiLineString","coordinates":[[[6.094595,50.758901],[6.096661,50.759713]],[[6.097561,50.760074],[6.098594,50.760461]],[[6.096661,50.759713],[6.097561,50.760074]]]},"id":374},{"type":"Feature","properties":{"id":"0gotsjt","name":"Romerich","kind":"minor","district":"kornelimuenster-walheim","level":"kornelimuenster-walheim-7","importance":1226,"center":[6.177503,50.724469],"length":451},"geometry":{"type":"LineString","coordinates":[[6.180099,50.726062],[6.179751,50.726024],[6.179642,50.725984],[6.176436,50.723697],[6.176135,50.72369],[6.176026,50.723654],[6.176008,50.723579],[6.176164,50.723511],[6.17623,50.723533],[6.176383,50.723683]]},"id":375},{"type":"Feature","properties":{"id":"0grce9s","name":"Goerdelerstraße","kind":"major","district":"aachen-mitte","level":"aachen-mitte-7","importance":3120,"center":[6.113107,50.771016],"length":240},"geometry":{"type":"MultiLineString","coordinates":[[[6.111737,50.770869],[6.112154,50.770899]],[[6.112474,50.77094],[6.113912,50.771112]],[[6.114363,50.771173],[6.115084,50.771272]],[[6.113912,50.771112],[6.114363,50.771173]],[[6.112154,50.770899],[6.112474,50.77094]]]},"id":376},{"type":"Feature","properties":{"id":"0grhsez","name":"Austraße","kind":"minor","district":"aachen-mitte","level":"aachen-mitte-31","importance":1160,"center":[6.114011,50.760401],"length":320},"geometry":{"type":"LineString","coordinates":[[6.112312,50.760101],[6.113273,50.760329],[6.114749,50.760472],[6.114991,50.760521],[6.115246,50.760625],[6.115432,50.760763],[6.115975,50.761434]]},"id":377},{"type":"Feature","properties":{"id":"0gudk3m","name":"Theaterstraße","kind":"major","district":"aachen-mitte","level":"aachen-mitte-2","importance":3323,"center":[6.091613,50.770834],"length":647},"geometry":{"type":"MultiLineString","coordinates":[[[6.090453,50.771274],[6.0902,50.77109],[6.089529,50.770862]],[[6.090753,50.771158],[6.091079,50.771042]],[[6.090453,50.771274],[6.090753,50.771158]],[[6.093585,50.770076],[6.094192,50.769844]],[[6.088981,50.771832],[6.089414,50.771658]],[[6.089414,50.771658],[6.090453,50.771274]],[[6.088369,50.772075],[6.088981,50.771832]],[[6.091079,50.771042],[6.092199,50.770614]],[[6.092199,50.770614],[6.092873,50.770354]],[[6.092873,50.770354],[6.093585,50.770076]],[[6.094192,50.769844],[6.095244,50.769429]]]},"id":378},{"type":"Feature","properties":{"id":"0gx2hcj","name":"Veilchenweg","kind":"path","district":"aachen-mitte","level":"aachen-mitte-38","importance":23,"center":[6.064837,50.766311],"length":47},"geometry":{"type":"LineString","coordinates":[[6.064628,50.766441],[6.065045,50.766182],[6.065065,50.766132]]},"id":379},{"type":"Feature","properties":{"id":"0gy2374","name":"An den Birkenweiden","kind":"minor","district":"aachen-mitte","level":"aachen-mitte-25","importance":1054,"center":[6.108097,50.761477],"length":109},"geometry":{"type":"LineString","coordinates":[[6.107933,50.761938],[6.107913,50.761795],[6.108008,50.761568],[6.108186,50.761387],[6.108605,50.761106]]},"id":380},{"type":"Feature","properties":{"id":"0gzgkbz","name":"Charlottenstraße","kind":"minor","district":"aachen-mitte","level":"aachen-mitte-20","importance":1089,"center":[6.104686,50.771013],"length":178},"geometry":{"type":"LineString","coordinates":[[6.104982,50.77005],[6.104568,50.771367],[6.104414,50.771603]]},"id":381},{"type":"Feature","properties":{"id":"0gzukud","name":"Cyprianusweg","kind":"minor","district":"kornelimuenster-walheim","level":"kornelimuenster-walheim-8","importance":1043,"center":[6.173441,50.727674],"length":86},"geometry":{"type":"LineString","coordinates":[[6.173874,50.72795],[6.173008,50.727399]]},"id":382},{"type":"Feature","properties":{"id":"0gzx2ge","name":"Gärtnerstraße","kind":"minor","district":"haaren","level":"haaren-3","importance":1140,"center":[6.133423,50.794135],"length":281},"geometry":{"type":"LineString","coordinates":[[6.13191,50.79377],[6.133051,50.793725],[6.133274,50.793766],[6.133344,50.793823],[6.133747,50.795382]]},"id":383},{"type":"Feature","properties":{"id":"0h4runh","name":"Staudenweg","kind":"minor","district":"aachen-mitte","level":"aachen-mitte-33","importance":1029,"center":[6.127818,50.763242],"length":59},"geometry":{"type":"LineString","coordinates":[[6.12816,50.763418],[6.127501,50.763096]]},"id":384},{"type":"Feature","properties":{"id":"0h72te8","name":"Orsbacher Straße","kind":"major","district":"laurensberg","level":"laurensberg-1","importance":4000,"center":[6.028612,50.800521],"length":2786},"geometry":{"type":"MultiLineString","coordinates":[[[6.010992,50.800356],[6.011467,50.800398],[6.020114,50.800449],[6.021671,50.800344],[6.022221,50.800353],[6.023609,50.80048],[6.045611,50.800677]],[[6.047202,50.800693],[6.048818,50.800711],[6.049005,50.80072],[6.049236,50.800786]],[[6.045611,50.800677],[6.047202,50.800693]],[[6.016111,50.800424],[6.017101,50.800998]]]},"id":385},{"type":"Feature","properties":{"id":"0h9rhum","name":"Jean-Bremen-Straße","kind":"minor","district":"haaren","level":"haaren-4","importance":1116,"center":[6.119503,50.799717],"length":232},"geometry":{"type":"MultiLineString","coordinates":[[[6.118904,50.799108],[6.119049,50.799452]],[[6.11975,50.799669],[6.119828,50.799626],[6.120154,50.79956]],[[6.119132,50.799732],[6.11875,50.799831]],[[6.119049,50.799452],[6.119132,50.799732],[6.119179,50.799748],[6.119256,50.799765],[6.11975,50.799669],[6.120003,50.800127]]]},"id":386},{"type":"Feature","properties":{"id":"0hb186j","name":"Ottostraße","kind":"minor","district":"aachen-mitte","level":"aachen-mitte-13","importance":1231,"center":[6.097124,50.776665],"length":462},"geometry":{"type":"MultiLineString","coordinates":[[[6.096918,50.777171],[6.096958,50.777015]],[[6.096275,50.778617],[6.096337,50.778479]],[[6.097324,50.776276],[6.098085,50.774627]],[[6.096337,50.778479],[6.096918,50.777171]],[[6.096958,50.777015],[6.097037,50.776861]],[[6.097037,50.776861],[6.097324,50.776276]]]},"id":387},{"type":"Feature","properties":{"id":"0hc4ka3","name":"Bonhoefferstraße","kind":"minor","district":"brand","level":"brand-3","importance":1262,"center":[6.167407,50.7562],"length":525},"geometry":{"type":"MultiLineString","coordinates":[[[6.169473,50.757014],[6.167959,50.756461],[6.167267,50.75612],[6.16575,50.754728],[6.165771,50.754666],[6.166618,50.754276]],[[6.169109,50.756869],[6.169476,50.756474],[6.169472,50.756403],[6.169333,50.756342]]]},"id":388},{"type":"Feature","properties":{"id":"0hf4koi","name":"Starenweg","kind":"path","district":"brand","level":"brand-7","importance":110,"center":[6.16093,50.742665],"length":220},"geometry":{"type":"LineString","coordinates":[[6.160282,50.742171],[6.160277,50.742257],[6.162434,50.743573]]},"id":389},{"type":"Feature","properties":{"id":"0hg99to","name":"Hergenrather Weg","kind":"major","district":"aachen-mitte","level":"aachen-mitte-8","importance":3329,"center":[6.038536,50.727508],"length":658},"geometry":{"type":"MultiLineString","coordinates":[[[6.039965,50.730164],[6.040067,50.729999],[6.040034,50.729843],[6.039296,50.728461],[6.039173,50.728298],[6.038744,50.727901],[6.038577,50.727619],[6.038045,50.72612],[6.038118,50.72533],[6.038053,50.725086],[6.037879,50.72481]],[[6.038031,50.725992],[6.038477,50.726003]]]},"id":390},{"type":"Feature","properties":{"id":"0hih7yc","name":"Am Viadukt","kind":"path","district":"aachen-mitte","level":"aachen-mitte-38","importance":53,"center":[6.096061,50.767232],"length":106},"geometry":{"type":"LineString","coordinates":[[6.095219,50.767456],[6.096609,50.7671]]},"id":391},{"type":"Feature","properties":{"id":"0hm1wt1","name":"Wallstraße","kind":"minor","district":"aachen-mitte","level":"aachen-mitte-16","importance":1206,"center":[6.089066,50.769707],"length":412},"geometry":{"type":"MultiLineString","coordinates":[[[6.08773,50.768607],[6.087337,50.768282]],[[6.08773,50.768607],[6.088871,50.769542]],[[6.08908,50.76972],[6.09044,50.770843],[6.090753,50.771158]],[[6.088871,50.769542],[6.08908,50.76972]],[[6.087337,50.768282],[6.087284,50.76826],[6.087187,50.768272]]]},"id":392},{"type":"Feature","properties":{"id":"0hmz8wh","name":"Hermann-Löns-Allee","kind":"minor","district":"aachen-mitte","level":"aachen-mitte-21","importance":1236,"center":[6.070581,50.761015],"length":472},"geometry":{"type":"MultiLineString","coordinates":[[[6.073026,50.76176],[6.071671,50.761457],[6.070891,50.761177],[6.069981,50.760676]],[[6.069981,50.760676],[6.069109,50.760022],[6.068392,50.759304]],[[6.073457,50.761886],[6.073026,50.76176]]]},"id":393},{"type":"Feature","properties":{"id":"0hp0l3h","name":"Gut Lehmkülchen","kind":"minor","district":"aachen-mitte","level":"aachen-mitte-23","importance":1142,"center":[6.098311,50.785084],"length":284},"geometry":{"type":"MultiLineString","coordinates":[[[6.099397,50.784805],[6.099036,50.784982]],[[6.09829,50.785675],[6.098493,50.785246]],[[6.097718,50.784586],[6.097626,50.784471],[6.098076,50.784296]],[[6.099036,50.784982],[6.098493,50.785246],[6.097894,50.784711],[6.097846,50.784728]],[[6.098129,50.784921],[6.098423,50.784778]]]},"id":394},{"type":"Feature","properties":{"id":"0ht6iqr","name":"Hasselholzer Weg","kind":"minor","district":"aachen-mitte","level":"aachen-mitte-28","importance":2000,"center":[6.05804,50.759191],"length":2081},"geometry":{"type":"MultiLineString","coordinates":[[[6.05253,50.75278],[6.05274,50.752514],[6.053327,50.751935]],[[6.063436,50.761537],[6.065481,50.762626],[6.066006,50.762862],[6.06708,50.763229],[6.067999,50.763455],[6.06837,50.763437],[6.068687,50.763319]],[[6.056159,50.758834],[6.055916,50.758588]],[[6.057721,50.757638],[6.055916,50.758588]],[[6.054141,50.75566],[6.053621,50.755255],[6.052878,50.754879],[6.052496,50.754603],[6.052194,50.754211],[6.052138,50.753939],[6.052178,50.753561],[6.052344,50.753125],[6.05253,50.75278]],[[6.056159,50.758834],[6.057426,50.759031],[6.058161,50.759232],[6.060045,50.759981],[6.061243,50.760604],[6.061945,50.76088]],[[6.055916,50.758588],[6.055374,50.758071],[6.054994,50.757636],[6.054629,50.757016],[6.054655,50.756557],[6.054435,50.756047],[6.054141,50.75566]],[[6.063311,50.761486],[6.063436,50.761537]],[[6.062374,50.761073],[6.063311,50.761486]],[[6.061945,50.76088],[6.062374,50.761073]]]},"id":395},{"type":"Feature","properties":{"id":"0hzbcxo","name":"Jülicher Straße","kind":"major","district":"aachen-mitte","level":"aachen-mitte-7","importance":4000,"center":[6.110511,50.785338],"length":4394},"geometry":{"type":"MultiLineString","coordinates":[[[6.117864,50.791027],[6.118617,50.790656],[6.120245,50.789651],[6.120285,50.789586]],[[6.119563,50.792455],[6.121216,50.793811]],[[6.119563,50.792455],[6.119295,50.79229],[6.118865,50.791944]],[[6.09411,50.778236],[6.094251,50.778264]],[[6.094416,50.778297],[6.094895,50.778386]],[[6.118879,50.791775],[6.118981,50.791858]],[[6.098477,50.779035],[6.098869,50.779175],[6.099306,50.779385]],[[6.106128,50.782972],[6.106218,50.782978],[6.107119,50.783441],[6.107158,50.783526]],[[6.103707,50.781749],[6.102877,50.781326],[6.102831,50.781251]],[[6.102831,50.781251],[6.102959,50.781252],[6.103396,50.781478]],[[6.118775,50.791865],[6.118525,50.791655],[6.118524,50.791577]],[[6.118865,50.791944],[6.118775,50.791865]],[[6.118981,50.791858],[6.119409,50.792231],[6.119563,50.792455]],[[6.094251,50.778264],[6.094416,50.778297]],[[6.099993,50.779688],[6.1001,50.779746]],[[6.121216,50.793811],[6.121445,50.79396]],[[6.120285,50.789586],[6.120477,50.789423]],[[6.109722,50.784808],[6.111429,50.785724],[6.112215,50.786279],[6.112817,50.786785],[6.112811,50.786843]],[[6.109631,50.784876],[6.108842,50.784462],[6.108814,50.784395]],[[6.110411,50.785286],[6.109631,50.784876]],[[6.108814,50.784395],[6.108929,50.784393],[6.109722,50.784808]],[[6.107158,50.783526],[6.10704,50.78351],[6.106153,50.783035],[6.106128,50.782972]],[[6.095526,50.778493],[6.096275,50.778617]],[[6.096275,50.778617],[6.097241,50.778782]],[[6.097241,50.778782],[6.097493,50.778824]],[[6.102299,50.780977],[6.102157,50.780967],[6.101273,50.7805],[6.101235,50.78042]],[[6.097493,50.778824],[6.098477,50.779035]],[[6.100513,50.780038],[6.100951,50.78027]],[[6.102299,50.780977],[6.102831,50.781251]],[[6.101235,50.78042],[6.10137,50.780426],[6.102265,50.780886],[6.102299,50.780977]],[[6.121445,50.79396],[6.12155,50.793998]],[[6.100402,50.7799],[6.100513,50.780038]],[[6.094895,50.778386],[6.09508,50.778418]],[[6.112811,50.786843],[6.112721,50.786819],[6.111453,50.785863],[6.110411,50.785286]],[[6.099306,50.779385],[6.099675,50.779578]],[[6.095187,50.778438],[6.095526,50.778493]],[[6.099675,50.779578],[6.099797,50.779642]],[[6.100513,50.780038],[6.100284,50.779997],[6.099867,50.779767],[6.099797,50.779642]],[[6.09508,50.778418],[6.095187,50.778438]],[[6.120631,50.78934],[6.120524,50.789385]],[[6.120524,50.789385],[6.120477,50.789423]],[[6.104444,50.782034],[6.105058,50.782356],[6.105128,50.782452]],[[6.105128,50.782452],[6.104975,50.782421],[6.103707,50.781749]],[[6.108693,50.784332],[6.108814,50.784395]],[[6.108401,50.784177],[6.108693,50.784332]],[[6.105463,50.78263],[6.106128,50.782972]],[[6.105128,50.782452],[6.10523,50.782507]],[[6.117043,50.790286],[6.117358,50.79055]],[[6.112811,50.786843],[6.113452,50.787372]],[[6.113452,50.787372],[6.113526,50.787438]],[[6.114589,50.788324],[6.114483,50.788298],[6.113571,50.78754],[6.113526,50.787438]],[[6.113526,50.787438],[6.113633,50.787447],[6.114048,50.787792],[6.114582,50.788253],[6.114589,50.788324]],[[6.115214,50.788837],[6.115277,50.788891]],[[6.114589,50.788324],[6.115014,50.788674]],[[6.115277,50.788891],[6.115416,50.788938],[6.116095,50.789496]],[[6.117799,50.790975],[6.117661,50.790937],[6.115292,50.78897],[6.115277,50.788891]],[[6.117864,50.791027],[6.118089,50.791215]],[[6.118089,50.791215],[6.118524,50.791577]],[[6.117799,50.790975],[6.117864,50.791027]],[[6.117358,50.79055],[6.117804,50.790916],[6.117799,50.790975]],[[6.118524,50.791577],[6.118654,50.791608],[6.118879,50.791775]],[[6.100951,50.78027],[6.101235,50.78042]],[[6.099797,50.779642],[6.099993,50.779688]],[[6.107158,50.783526],[6.108401,50.784177]],[[6.10523,50.782507],[6.105463,50.78263]],[[6.1001,50.779746],[6.100402,50.7799]],[[6.12155,50.793998],[6.121766,50.794068]],[[6.116095,50.789496],[6.117043,50.790286]],[[6.103396,50.781478],[6.104444,50.782034]],[[6.115014,50.788674],[6.115214,50.788837]]]},"id":396},{"type":"Feature","properties":{"id":"0hzxmad","name":"Im Hesselter","kind":"minor","district":"haaren","level":"haaren-2","importance":1068,"center":[6.154584,50.795299],"length":136},"geometry":{"type":"LineString","coordinates":[[6.154342,50.795878],[6.15449,50.795582],[6.154679,50.795017],[6.154918,50.794716]]},"id":397},{"type":"Feature","properties":{"id":"0i07lu7","name":"Hüttenstraße","kind":"major","district":"aachen-mitte","level":"aachen-mitte-7","importance":3654,"center":[6.134411,50.776795],"length":1308},"geometry":{"type":"MultiLineString","coordinates":[[[6.131698,50.776814],[6.132073,50.777001],[6.132116,50.777063]],[[6.127169,50.776989],[6.127391,50.776894]],[[6.141918,50.77722],[6.14198,50.777252]],[[6.135452,50.776866],[6.136747,50.777057],[6.138557,50.776772],[6.138902,50.776738],[6.139817,50.776722]],[[6.132116,50.777063],[6.131914,50.777018],[6.13079,50.776458]],[[6.127391,50.776894],[6.128133,50.776594]],[[6.128133,50.776594],[6.129511,50.776046],[6.12963,50.776023]],[[6.12963,50.776023],[6.129889,50.775997],[6.130009,50.776011],[6.13044,50.776195]],[[6.130391,50.776293],[6.129897,50.776061],[6.12963,50.776023]],[[6.139817,50.776722],[6.1403,50.776734]],[[6.1403,50.776734],[6.140796,50.776813],[6.141043,50.776887]],[[6.141043,50.776887],[6.141782,50.777156]],[[6.132116,50.777063],[6.132307,50.777091],[6.132479,50.777081],[6.134352,50.776797],[6.135068,50.776816],[6.135452,50.776866]],[[6.130728,50.776332],[6.131698,50.776814]],[[6.13079,50.776458],[6.130636,50.776382]],[[6.141782,50.777156],[6.141918,50.77722]]]},"id":398},{"type":"Feature","properties":{"id":"0i5j2cm","name":"Forellenweg","kind":"minor","district":"laurensberg","level":"laurensberg-3","importance":1084,"center":[6.054622,50.79596],"length":169},"geometry":{"type":"LineString","coordinates":[[6.053651,50.795982],[6.054274,50.79593],[6.055799,50.796075],[6.056023,50.796058]]},"id":399},{"type":"Feature","properties":{"id":"0i5whv2","name":"Deliusstraße","kind":"minor","district":"aachen-mitte","level":"aachen-mitte-14","importance":1102,"center":[6.075113,50.771818],"length":205},"geometry":{"type":"MultiLineString","coordinates":[[[6.076083,50.771398],[6.075649,50.771664],[6.075377,50.771771],[6.075174,50.771814],[6.073924,50.77189]],[[6.075581,50.77207],[6.0755,50.771962]],[[6.0755,50.771962],[6.075427,50.771845]],[[6.075427,50.771845],[6.075377,50.771771]]]},"id":400},{"type":"Feature","properties":{"id":"0i6rvf1","name":"Föhrenweg","kind":"minor","district":"kornelimuenster-walheim","level":"kornelimuenster-walheim-5","importance":1148,"center":[6.137716,50.71681],"length":296},"geometry":{"type":"MultiLineString","coordinates":[[[6.138599,50.716118],[6.137436,50.717026],[6.136728,50.717688]],[[6.138254,50.716389],[6.139116,50.716818]]]},"id":401},{"type":"Feature","properties":{"id":"0i7sjoa","name":"Halfenstraße","kind":"minor","district":"eilendorf","level":"eilendorf-3","importance":1273,"center":[6.149535,50.774116],"length":546},"geometry":{"type":"MultiLineString","coordinates":[[[6.149702,50.775208],[6.149384,50.773091],[6.14932,50.773003]],[[6.148044,50.771672],[6.149392,50.772978]],[[6.149872,50.776328],[6.149702,50.775208]]]},"id":402},{"type":"Feature","properties":{"id":"0ift0sr","name":"Hans-Haase-Weg","kind":"minor","district":"eilendorf","level":"eilendorf-2","importance":1076,"center":[6.152311,50.781237],"length":152},"geometry":{"type":"MultiLineString","coordinates":[[[6.152692,50.781438],[6.151931,50.781036],[6.151907,50.780992],[6.151936,50.780946],[6.15238,50.780733]],[[6.152298,50.780773],[6.152565,50.781008]]]},"id":403},{"type":"Feature","properties":{"id":"0iic10i","name":"Nellessenstraße","kind":"minor","district":"aachen-mitte","level":"aachen-mitte-31","importance":1089,"center":[6.11631,50.760656],"length":178},"geometry":{"type":"LineString","coordinates":[[6.115424,50.759945],[6.116156,50.760546],[6.116595,50.760833],[6.116654,50.760849],[6.116739,50.760824],[6.117119,50.760579]]},"id":404},{"type":"Feature","properties":{"id":"0ilajbd","name":"Korneliusstraße","kind":"minor","district":"kornelimuenster-walheim","level":"kornelimuenster-walheim-7","importance":1195,"center":[6.186392,50.728485],"length":389},"geometry":{"type":"MultiLineString","coordinates":[[[6.18813,50.727374],[6.1882,50.727441],[6.188082,50.727693]],[[6.188037,50.72775],[6.187773,50.727964],[6.187637,50.728022],[6.185874,50.728674],[6.185542,50.728772],[6.185024,50.728851],[6.183676,50.728854]],[[6.188037,50.72775],[6.188082,50.727693]]]},"id":405},{"type":"Feature","properties":{"id":"0in9xzv","name":"Am Höfling","kind":"minor","district":"aachen-mitte","level":"aachen-mitte-25","importance":1124,"center":[6.099202,50.761601],"length":248},"geometry":{"type":"MultiLineString","coordinates":[[[6.099003,50.761656],[6.100428,50.761264]],[[6.097892,50.761145],[6.098935,50.761586],[6.099204,50.762001]]]},"id":406},{"type":"Feature","properties":{"id":"0iotk9o","name":"St. Vither Straße","kind":"major","district":"aachen-mitte","level":"aachen-mitte-8","importance":3188,"center":[6.089875,50.75105],"length":377},"geometry":{"type":"MultiLineString","coordinates":[[[6.087752,50.750141],[6.088289,50.750229],[6.088668,50.750327],[6.08913,50.750504],[6.089466,50.750689],[6.089751,50.750914],[6.090722,50.751972]],[[6.09118,50.752499],[6.091227,50.752521]],[[6.090722,50.751972],[6.090894,50.752245],[6.09118,50.752499]]]},"id":407},{"type":"Feature","properties":{"id":"0ipmxko","name":"Am Hasselholz","kind":"minor","district":"aachen-mitte","level":"aachen-mitte-28","importance":1174,"center":[6.054773,50.759628],"length":347},"geometry":{"type":"MultiLineString","coordinates":[[[6.054538,50.760208],[6.054806,50.759572],[6.054912,50.759468],[6.05518,50.759301]],[[6.054538,50.760208],[6.054835,50.760292],[6.055104,50.760302],[6.055477,50.760129],[6.055601,50.760023]],[[6.054538,50.760208],[6.05459,50.760323],[6.054886,50.760668]],[[6.05518,50.759301],[6.05558,50.759068],[6.056159,50.758834]]]},"id":408},{"type":"Feature","properties":{"id":"0ipy7hr","name":"Ambrosiusstraße","kind":"minor","district":"aachen-mitte","level":"aachen-mitte-34","importance":1175,"center":[6.131526,50.757619],"length":349},"geometry":{"type":"LineString","coordinates":[[6.129837,50.758444],[6.131027,50.758444],[6.131469,50.7584],[6.131584,50.758302],[6.131558,50.757721],[6.131406,50.757329],[6.131177,50.756961],[6.130655,50.756468]]},"id":409},{"type":"Feature","properties":{"id":"0iqcpig","name":"Metzgerstraße","kind":"minor","district":"aachen-mitte","level":"aachen-mitte-26","importance":1252,"center":[6.111663,50.788257],"length":504},"geometry":{"type":"MultiLineString","coordinates":[[[6.113452,50.787372],[6.112352,50.787905]],[[6.111807,50.790312],[6.11014,50.789001],[6.112352,50.787905]],[[6.111807,50.790312],[6.112002,50.790463]]]},"id":410},{"type":"Feature","properties":{"id":"0irapiv","name":"Leinergasse","kind":"minor","district":"eilendorf","level":"eilendorf-5","importance":1160,"center":[6.162171,50.77428],"length":320},"geometry":{"type":"MultiLineString","coordinates":[[[6.160928,50.775217],[6.161502,50.774703],[6.161597,50.774743],[6.162075,50.774338],[6.162268,50.774222],[6.16259,50.774098],[6.163011,50.77399],[6.163409,50.773939],[6.164157,50.773959]],[[6.161597,50.774743],[6.161681,50.774783],[6.16152,50.774932]]]},"id":411},{"type":"Feature","properties":{"id":"0irhph3","name":"Nikolausstraße","kind":"minor","district":"aachen-mitte","level":"aachen-mitte-9","importance":1056,"center":[6.085951,50.776141],"length":112},"geometry":{"type":"LineString","coordinates":[[6.086218,50.775733],[6.085918,50.776185],[6.085526,50.776638]]},"id":412},{"type":"Feature","properties":{"id":"0is904l","name":"Wolfsbendenstraße","kind":"major","district":"eilendorf","level":"eilendorf-1","importance":3245,"center":[6.151894,50.786376],"length":490},"geometry":{"type":"MultiLineString","coordinates":[[[6.152004,50.786888],[6.151893,50.787087],[6.15165,50.787383],[6.151099,50.787825]],[[6.152227,50.785082],[6.152198,50.785129]],[[6.152198,50.785129],[6.152092,50.785359]],[[6.152089,50.785825],[6.152108,50.786487],[6.152004,50.786888]],[[6.151826,50.785839],[6.152089,50.785825]],[[6.151826,50.785839],[6.151896,50.786478],[6.15184,50.786779]],[[6.152076,50.785465],[6.152089,50.785825]],[[6.152092,50.785359],[6.152076,50.785465]],[[6.15126,50.785895],[6.151826,50.785839]]]},"id":413},{"type":"Feature","properties":{"id":"0iu66y4","name":"Blondelstraße","kind":"minor","district":"aachen-mitte","level":"aachen-mitte-11","importance":1228,"center":[6.089991,50.775938],"length":455},"geometry":{"type":"MultiLineString","coordinates":[[[6.089763,50.776465],[6.089979,50.776319],[6.090408,50.776112],[6.090674,50.775993],[6.090904,50.775936]],[[6.088534,50.775596],[6.08865,50.775528]],[[6.088828,50.775436],[6.089022,50.775408],[6.08969,50.775509],[6.090575,50.775553],[6.090729,50.775728]],[[6.08865,50.775528],[6.088828,50.775436]],[[6.090729,50.775728],[6.090058,50.775942],[6.089923,50.775934],[6.08954,50.77566],[6.089447,50.775475]],[[6.091295,50.775841],[6.090904,50.775936]],[[6.090729,50.775728],[6.090904,50.775936]]]},"id":414},{"type":"Feature","properties":{"id":"0ivulhs","name":"Iternberg","kind":"major","district":"kornelimuenster-walheim","level":"kornelimuenster-walheim-1","importance":3695,"center":[6.186361,50.721982],"length":1390},"geometry":{"type":"MultiLineString","coordinates":[[[6.187011,50.725256],[6.186817,50.72494],[6.186717,50.724573]],[[6.187206,50.727714],[6.187799,50.727517],[6.18813,50.727374],[6.188273,50.727199],[6.188348,50.727032]],[[6.188438,50.72669],[6.188354,50.726374],[6.18803,50.72603]],[[6.18803,50.72603],[6.187833,50.725884]],[[6.187833,50.725884],[6.18718,50.725413],[6.187011,50.725256]],[[6.186717,50.724573],[6.18634,50.723129],[6.186278,50.72262]],[[6.186704,50.720364],[6.187014,50.718946]],[[6.186278,50.72262],[6.186316,50.722193],[6.186704,50.720364]],[[6.187014,50.718946],[6.187419,50.71689],[6.18733,50.716273],[6.187223,50.715997]],[[6.188348,50.727032],[6.188438,50.72669]]]},"id":415},{"type":"Feature","properties":{"id":"0izy761","name":"An der Unterbahn","kind":"minor","district":"brand","level":"brand-2","importance":1407,"center":[6.155993,50.754524],"length":813},"geometry":{"type":"MultiLineString","coordinates":[[[6.154502,50.753836],[6.154832,50.754127],[6.154958,50.754184],[6.156917,50.754845],[6.15789,50.754901]],[[6.155222,50.754256],[6.154845,50.754664]],[[6.155517,50.754358],[6.15519,50.754733]],[[6.155838,50.754469],[6.155486,50.754871]],[[6.156148,50.754579],[6.155784,50.754973]],[[6.156464,50.754699],[6.156084,50.755097]],[[6.156148,50.754579],[6.156501,50.754214],[6.156503,50.754138],[6.156409,50.754006],[6.156524,50.753838],[6.156522,50.753794],[6.156112,50.753647]],[[6.155222,50.754256],[6.155779,50.754236],[6.156664,50.754581],[6.157025,50.75481],[6.157036,50.754851]]]},"id":416},{"type":"Feature","properties":{"id":"0j06kba","name":"Hickelweg","kind":"path","district":"aachen-mitte","level":"aachen-mitte-39","importance":91,"center":[6.129994,50.768662],"length":183},"geometry":{"type":"MultiLineString","coordinates":[[[6.12991,50.768614],[6.12925,50.768244],[6.128805,50.768452]],[[6.130588,50.769209],[6.130078,50.76871],[6.12991,50.768614]]]},"id":417},{"type":"Feature","properties":{"id":"0j29hmd","name":"Dennewartstraße","kind":"minor","district":"aachen-mitte","level":"aachen-mitte-17","importance":1199,"center":[6.104827,50.780131],"length":397},"geometry":{"type":"MultiLineString","coordinates":[[[6.104226,50.780086],[6.104497,50.78006],[6.104781,50.780113],[6.106058,50.78077]],[[6.106058,50.78077],[6.106889,50.781201]],[[6.102984,50.781062],[6.103852,50.780258],[6.104014,50.780145],[6.104226,50.780086]],[[6.102831,50.781251],[6.102984,50.781062]]]},"id":418},{"type":"Feature","properties":{"id":"0j3ga3g","name":"Morillenhang","kind":"minor","district":"aachen-mitte","level":"aachen-mitte-21","importance":1570,"center":[6.067358,50.764806],"length":1141},"geometry":{"type":"MultiLineString","coordinates":[[[6.070151,50.766922],[6.07092,50.766691]],[[6.072711,50.767384],[6.072008,50.767527],[6.071706,50.767553],[6.071362,50.767506],[6.070659,50.767307],[6.07048,50.767213],[6.070151,50.766922],[6.06903,50.76578],[6.068742,50.765531],[6.067913,50.765021],[6.067535,50.76486],[6.066661,50.76459],[6.066047,50.764464],[6.065217,50.764379],[6.065162,50.764471],[6.06507,50.764527],[6.064797,50.764518],[6.063537,50.764019],[6.063209,50.763853],[6.063089,50.763748],[6.063048,50.763628],[6.063074,50.763499],[6.064498,50.762091]]]},"id":419},{"type":"Feature","properties":{"id":"0j3q601","name":"Kitzeterweg","kind":"minor","district":"haaren","level":"haaren-4","importance":1089,"center":[6.129189,50.80215],"length":179},"geometry":{"type":"MultiLineString","coordinates":[[[6.129932,50.801701],[6.129187,50.802209],[6.129083,50.802361]],[[6.12925,50.802161],[6.129127,50.80214],[6.128354,50.802181],[6.128251,50.802245],[6.128257,50.802329]]]},"id":420},{"type":"Feature","properties":{"id":"0j7ew7w","name":"Eichenheck","kind":"minor","district":"kornelimuenster-walheim","level":"kornelimuenster-walheim-6","importance":1181,"center":[6.151278,50.720083],"length":362},"geometry":{"type":"LineString","coordinates":[[6.150432,50.721101],[6.150033,50.720578],[6.14998,50.720458],[6.150021,50.72038],[6.152988,50.719693],[6.153705,50.719607]]},"id":421},{"type":"Feature","properties":{"id":"0j8dbzo","name":"Am Reulert","kind":"minor","district":"brand","level":"brand-5","importance":1281,"center":[6.174418,50.749875],"length":563},"geometry":{"type":"MultiLineString","coordinates":[[[6.175629,50.750164],[6.17503,50.75004],[6.174432,50.749858],[6.173573,50.749519],[6.173009,50.749224],[6.172959,50.74917],[6.172994,50.749053],[6.173411,50.748624]],[[6.174432,50.749858],[6.173985,50.750399]],[[6.172863,50.74963],[6.17324,50.749349]],[[6.172501,50.74946],[6.172959,50.74917]],[[6.177229,50.750487],[6.175629,50.750164]]]},"id":422},{"type":"Feature","properties":{"id":"0ja5oua","name":"Bilstermühler Straße","kind":"major","district":"brand","level":"brand-1","importance":3528,"center":[6.181222,50.737306],"length":1056},"geometry":{"type":"MultiLineString","coordinates":[[[6.175002,50.739241],[6.175133,50.739245],[6.175513,50.738789],[6.175727,50.738605],[6.17597,50.738487],[6.176288,50.738425],[6.177211,50.738399],[6.177509,50.738331],[6.177743,50.738225],[6.177924,50.738102],[6.178608,50.737423]],[[6.178608,50.737423],[6.178747,50.737333]],[[6.178747,50.737333],[6.179267,50.737042],[6.179661,50.736943],[6.180107,50.736912],[6.180563,50.736983],[6.180659,50.737022]],[[6.184913,50.739654],[6.184513,50.740068]],[[6.18273,50.738375],[6.183645,50.738968],[6.184715,50.739584],[6.185118,50.739699],[6.185791,50.739796]],[[6.181303,50.737357],[6.18273,50.738375]],[[6.180659,50.737022],[6.181303,50.737357]]]},"id":423},{"type":"Feature","properties":{"id":"0jbzill","name":"Wilfried-König-Straße","kind":"minor","district":"laurensberg","level":"laurensberg-3","importance":1060,"center":[6.043486,50.783149],"length":120},"geometry":{"type":"LineString","coordinates":[[6.042577,50.783152],[6.044077,50.783147],[6.044276,50.78317]]},"id":424},{"type":"Feature","properties":{"id":"0jcv0wj","name":"Am Beulardstein","kind":"minor","district":"laurensberg","level":"laurensberg-8","importance":1507,"center":[6.067296,50.803278],"length":1015},"geometry":{"type":"MultiLineString","coordinates":[[[6.067846,50.803587],[6.068269,50.803416]],[[6.065342,50.802686],[6.066139,50.802784],[6.066545,50.802912],[6.067015,50.803138]],[[6.066797,50.8047],[6.066801,50.80493],[6.066753,50.804988],[6.065999,50.805293]],[[6.067253,50.804565],[6.067606,50.80479]],[[6.067876,50.804202],[6.06833,50.804375],[6.068576,50.804301],[6.068657,50.804206]],[[6.068016,50.803887],[6.069071,50.803865]],[[6.066202,50.804539],[6.065824,50.804714]],[[6.066139,50.802784],[6.066291,50.802501]],[[6.067015,50.803138],[6.067846,50.803587],[6.067986,50.803762],[6.068006,50.803993],[6.067876,50.804202],[6.067123,50.804634],[6.066991,50.804678],[6.066632,50.804693],[6.066474,50.804665],[6.066202,50.804539],[6.066078,50.804398],[6.065342,50.802686]]]},"id":425},{"type":"Feature","properties":{"id":"0jd5833","name":"Hans-Stercken-Platz","kind":"path","district":"aachen-mitte","level":"aachen-mitte-38","importance":38,"center":[6.081081,50.772588],"length":77},"geometry":{"type":"LineString","coordinates":[[6.080488,50.772651],[6.081296,50.772565],[6.081252,50.772394]]},"id":426},{"type":"Feature","properties":{"id":"0jea24l","name":"Membachweg","kind":"minor","district":"brand","level":"brand-4","importance":1121,"center":[6.152601,50.743743],"length":243},"geometry":{"type":"MultiLineString","coordinates":[[[6.153303,50.743342],[6.152842,50.743572],[6.152359,50.743914]],[[6.152359,50.743914],[6.153008,50.744344]],[[6.152359,50.743914],[6.151455,50.744413]]]},"id":427},{"type":"Feature","properties":{"id":"0jg29dk","name":"Im Brander Feld","kind":"minor","district":"brand","level":"brand-4","importance":1440,"center":[6.156356,50.744054],"length":881},"geometry":{"type":"MultiLineString","coordinates":[[[6.154433,50.742172],[6.155247,50.743145],[6.155786,50.743642],[6.156597,50.744227],[6.157789,50.744929],[6.158145,50.745112],[6.158688,50.745273]],[[6.155786,50.743642],[6.155195,50.743974]],[[6.155519,50.743413],[6.15487,50.743707]],[[6.156115,50.743881],[6.155432,50.744303]],[[6.158145,50.745112],[6.157919,50.745396]],[[6.157789,50.744929],[6.15746,50.745283]],[[6.1575,50.744752],[6.157137,50.745122]],[[6.155009,50.742868],[6.154397,50.743106]],[[6.155247,50.743145],[6.154589,50.743433]]]},"id":428},{"type":"Feature","properties":{"id":"0jhm22j","name":"Thomashofstraße","kind":"minor","district":"aachen-mitte","level":"aachen-mitte-17","importance":1150,"center":[6.09934,50.781201],"length":300},"geometry":{"type":"MultiLineString","coordinates":[[[6.098567,50.781962],[6.098164,50.782175],[6.098037,50.782182]],[[6.100513,50.780038],[6.098567,50.781962]]]},"id":429},{"type":"Feature","properties":{"id":"0ji5yah","name":"Broichweidener Weg","kind":"minor","district":"haaren","level":"haaren-5","importance":1696,"center":[6.181843,50.802769],"length":1393},"geometry":{"type":"MultiLineString","coordinates":[[[6.175939,50.79835],[6.176057,50.799097],[6.17716,50.799967],[6.177847,50.800158],[6.17905,50.800668],[6.180835,50.80197]],[[6.185,50.805139],[6.185567,50.805305],[6.186844,50.805293],[6.188332,50.80544],[6.188804,50.805689],[6.189353,50.806076],[6.18968,50.806372]],[[6.180835,50.80197],[6.182259,50.803092],[6.185,50.805139]]]},"id":430},{"type":"Feature","properties":{"id":"0jpgw35","name":"Wüllnerstraße","kind":"major","district":"aachen-mitte","level":"aachen-mitte-3","importance":3185,"center":[6.077658,50.779559],"length":370},"geometry":{"type":"MultiLineString","coordinates":[[[6.07587,50.780688],[6.076228,50.780449]],[[6.078153,50.779232],[6.078982,50.778562]],[[6.077565,50.779651],[6.077602,50.779593],[6.078153,50.779232]],[[6.076228,50.780449],[6.076436,50.780325]],[[6.078982,50.778562],[6.079366,50.778216]],[[6.077045,50.779961],[6.077565,50.779651]],[[6.076436,50.780325],[6.077045,50.779961]]]},"id":431},{"type":"Feature","properties":{"id":"0jty61w","name":"Haarhofstraße","kind":"minor","district":"eilendorf","level":"eilendorf-2","importance":1222,"center":[6.15421,50.774473],"length":444},"geometry":{"type":"LineString","coordinates":[[6.153303,50.77619],[6.155222,50.772591],[6.155268,50.77254],[6.155461,50.772476]]},"id":432},{"type":"Feature","properties":{"id":"0jy4ab3","name":"Schönforststraße","kind":"minor","district":"aachen-mitte","level":"aachen-mitte-35","importance":1210,"center":[6.132791,50.762037],"length":419},"geometry":{"type":"MultiLineString","coordinates":[[[6.131104,50.760789],[6.133886,50.762846]],[[6.133131,50.762294],[6.132245,50.762731]],[[6.133012,50.762351],[6.132773,50.762167]],[[6.133886,50.762846],[6.134008,50.762932]]]},"id":433},{"type":"Feature","properties":{"id":"0k1ejqq","name":"Trautnerstraße","kind":"minor","district":"aachen-mitte","level":"aachen-mitte-27","importance":1089,"center":[6.083332,50.752964],"length":179},"geometry":{"type":"LineString","coordinates":[[6.082843,50.753825],[6.083498,50.752671],[6.0836,50.752295]]},"id":434},{"type":"Feature","properties":{"id":"0k2q6z4","name":"Mühle","kind":"minor","district":"kornelimuenster-walheim","level":"kornelimuenster-walheim-3","importance":1155,"center":[6.172832,50.686395],"length":310},"geometry":{"type":"MultiLineString","coordinates":[[[6.174124,50.687374],[6.173965,50.687296],[6.173643,50.687205],[6.173438,50.687073],[6.172965,50.686503],[6.17212,50.685879],[6.171621,50.685605],[6.171356,50.685361]],[[6.174183,50.687434],[6.174124,50.687374]]]},"id":435},{"type":"Feature","properties":{"id":"0k45gua","name":"Hexenberg","kind":"minor","district":"aachen-mitte","level":"aachen-mitte-18","importance":1070,"center":[6.066286,50.776436],"length":141},"geometry":{"type":"LineString","coordinates":[[6.06567,50.776754],[6.065662,50.776656],[6.066798,50.776257],[6.0673,50.776126]]},"id":436},{"type":"Feature","properties":{"id":"0k4izt5","name":"Am Ziegelweiher","kind":"minor","district":"aachen-mitte","level":"aachen-mitte-31","importance":1183,"center":[6.108036,50.758521],"length":367},"geometry":{"type":"MultiLineString","coordinates":[[[6.108236,50.758602],[6.108609,50.758175]],[[6.109817,50.759146],[6.109153,50.75887],[6.108236,50.758602],[6.107138,50.758161],[6.106893,50.757959],[6.106784,50.757781],[6.106761,50.75763],[6.106906,50.757403]]]},"id":437},{"type":"Feature","properties":{"id":"0k4qp95","name":"Bleiberger Straße","kind":"minor","district":"aachen-mitte","level":"aachen-mitte-18","importance":1803,"center":[6.061388,50.773579],"length":1607},"geometry":{"type":"MultiLineString","coordinates":[[[6.072268,50.773919],[6.071499,50.773663],[6.071,50.773533],[6.070232,50.773437],[6.069022,50.773492],[6.066579,50.773782]],[[6.066579,50.773782],[6.065518,50.773917],[6.064799,50.773942],[6.063547,50.773877],[6.062719,50.773803],[6.061642,50.773635],[6.060616,50.773384],[6.059888,50.773135],[6.059264,50.772876],[6.058037,50.772221]],[[6.057786,50.772086],[6.053805,50.769906],[6.052171,50.769098]],[[6.058037,50.772221],[6.057786,50.772086]]]},"id":438},{"type":"Feature","properties":{"id":"0k82kd7","name":"Christian-Quix-Straße","kind":"minor","district":"aachen-mitte","level":"aachen-mitte-29","importance":1095,"center":[6.110063,50.765992],"length":191},"geometry":{"type":"LineString","coordinates":[[6.109417,50.765381],[6.109642,50.765466],[6.109674,50.765828],[6.110452,50.766156],[6.11134,50.76635]]},"id":439},{"type":"Feature","properties":{"id":"0k8ea6w","name":"Schlottfelder Straße","kind":"minor","district":"laurensberg","level":"laurensberg-5","importance":1306,"center":[6.063331,50.793278],"length":612},"geometry":{"type":"MultiLineString","coordinates":[[[6.060997,50.792459],[6.061474,50.792637]],[[6.061641,50.793219],[6.061347,50.793576],[6.061348,50.793633]],[[6.063129,50.79322],[6.062597,50.793885],[6.062699,50.793918]],[[6.062597,50.793885],[6.062484,50.793848]],[[6.061474,50.792637],[6.062477,50.793017],[6.066162,50.794096]],[[6.066162,50.794096],[6.066226,50.794109]],[[6.061951,50.792816],[6.061641,50.793219]]]},"id":440},{"type":"Feature","properties":{"id":"0kbaup2","name":"Geusenweg","kind":"minor","district":"laurensberg","level":"laurensberg-7","importance":1223,"center":[6.033185,50.758137],"length":445},"geometry":{"type":"MultiLineString","coordinates":[[[6.033149,50.757116],[6.033275,50.757055],[6.033395,50.757061],[6.034081,50.757213],[6.034477,50.757336]],[[6.032037,50.759935],[6.032309,50.759815],[6.032571,50.759653],[6.032862,50.759353],[6.033314,50.757648]],[[6.033314,50.757648],[6.033315,50.757345],[6.033149,50.757116]]]},"id":441},{"type":"Feature","properties":{"id":"0kbjjab","name":"Venwegener Straße","kind":"major","district":"kornelimuenster-walheim","level":"kornelimuenster-walheim-1","importance":3863,"center":[6.195815,50.722167],"length":1726},"geometry":{"type":"MultiLineString","coordinates":[[[6.188438,50.72669],[6.188601,50.72667],[6.189738,50.726055],[6.190718,50.725619]],[[6.197839,50.719663],[6.197589,50.719818],[6.197372,50.719888],[6.197325,50.719998],[6.197459,50.720223],[6.197608,50.720276]],[[6.190342,50.725785],[6.190444,50.725668],[6.190887,50.725467],[6.190967,50.725343],[6.190451,50.725265]],[[6.197683,50.720331],[6.198221,50.720968]],[[6.197608,50.720276],[6.197683,50.720331]],[[6.190718,50.725619],[6.192002,50.725043],[6.192872,50.724449],[6.193117,50.724252],[6.193444,50.723891],[6.194091,50.722883],[6.194448,50.722614],[6.194657,50.722515],[6.198114,50.721474]],[[6.198114,50.721474],[6.198958,50.721253],[6.199328,50.721235],[6.200615,50.721302]],[[6.200615,50.721302],[6.20094,50.721278],[6.201244,50.721195],[6.202948,50.720513],[6.203478,50.7204],[6.204265,50.720367]],[[6.198221,50.720968],[6.198592,50.721341]]]},"id":442},{"type":"Feature","properties":{"id":"0kfsrmi","name":"Gallierstraße","kind":"minor","district":"laurensberg","level":"laurensberg-5","importance":1303,"center":[6.039138,50.76843],"length":607},"geometry":{"type":"MultiLineString","coordinates":[[[6.040094,50.768473],[6.04013,50.768474]],[[6.03963,50.768416],[6.03956,50.768418]],[[6.035435,50.769168],[6.035673,50.769077],[6.036412,50.76897],[6.036768,50.768732]],[[6.039396,50.768423],[6.037806,50.768466]],[[6.040542,50.768465],[6.041287,50.76844],[6.041606,50.768514],[6.041766,50.768519],[6.042386,50.768431],[6.043154,50.768373]],[[6.03986,50.768518],[6.039777,50.768494],[6.039749,50.768438],[6.039865,50.768374],[6.039943,50.768396],[6.039976,50.768449],[6.039946,50.768495],[6.03986,50.768518]],[[6.039756,50.768421],[6.03963,50.768416]],[[6.040094,50.768473],[6.03997,50.768468]],[[6.036768,50.768732],[6.036966,50.768599],[6.037234,50.768505],[6.037806,50.768466]],[[6.04013,50.768474],[6.040542,50.768465]],[[6.03956,50.768418],[6.039396,50.768423]]]},"id":443},{"type":"Feature","properties":{"id":"0kgtbg8","name":"Am Wackerpütz","kind":"minor","district":"kornelimuenster-walheim","level":"kornelimuenster-walheim-6","importance":1078,"center":[6.153443,50.722572],"length":156},"geometry":{"type":"LineString","coordinates":[[6.152276,50.722815],[6.153091,50.722549],[6.154237,50.722633],[6.154376,50.722665]]},"id":444},{"type":"Feature","properties":{"id":"0kgyzuu","name":"Heidchen","kind":"minor","district":"kornelimuenster-walheim","level":"kornelimuenster-walheim-4","importance":1224,"center":[6.18813,50.714002],"length":447},"geometry":{"type":"LineString","coordinates":[[6.185613,50.712935],[6.186506,50.713125],[6.187238,50.713556],[6.18835,50.71412],[6.189713,50.714652],[6.190499,50.714849],[6.19093,50.715053]]},"id":445},{"type":"Feature","properties":{"id":"0kkekba","name":"Rosfeld","kind":"minor","district":"aachen-mitte","level":"aachen-mitte-24","importance":1283,"center":[6.063389,50.767603],"length":565},"geometry":{"type":"MultiLineString","coordinates":[[[6.063755,50.767391],[6.062909,50.766808],[6.062582,50.7668]],[[6.064579,50.766897],[6.06318,50.767724],[6.062448,50.768231],[6.062413,50.768284],[6.062426,50.768334],[6.062685,50.768482],[6.064181,50.769187],[6.064966,50.769643]]]},"id":446},{"type":"Feature","properties":{"id":"0kl0uvm","name":"Diepenbenden","kind":"minor","district":"aachen-mitte","level":"aachen-mitte-34","importance":1563,"center":[6.08419,50.744088],"length":1125},"geometry":{"type":"MultiLineString","coordinates":[[[6.082904,50.743846],[6.084009,50.744036],[6.084372,50.74414],[6.085354,50.74452],[6.086194,50.744991],[6.087507,50.745913]],[[6.081849,50.742798],[6.082283,50.742823],[6.082441,50.742932],[6.082609,50.743152]],[[6.082835,50.744143],[6.082887,50.744208],[6.082771,50.744451],[6.082871,50.744517]],[[6.082904,50.743846],[6.082914,50.744007],[6.082867,50.744105],[6.082771,50.744191],[6.082599,50.744245],[6.082471,50.74425],[6.081718,50.744053],[6.081292,50.743982],[6.081059,50.74397],[6.079743,50.744045],[6.079514,50.743997]],[[6.085201,50.744456],[6.084773,50.744815]],[[6.083785,50.744477],[6.084773,50.744815],[6.085098,50.744959]],[[6.087507,50.745913],[6.087835,50.746151]],[[6.082609,50.743152],[6.082747,50.743372],[6.082904,50.743846]],[[6.082871,50.744517],[6.083019,50.744554],[6.083183,50.744681],[6.083181,50.744761],[6.083087,50.744747]]]},"id":447},{"type":"Feature","properties":{"id":"0kobg5h","name":"Am Schiefen Eck","kind":"path","district":"brand","level":"brand-7","importance":73,"center":[6.152297,50.75273],"length":145},"geometry":{"type":"MultiLineString","coordinates":[[[6.15187,50.753125],[6.15216,50.7529],[6.15267,50.752297]],[[6.15311,50.754464],[6.152629,50.754331]]]},"id":448},{"type":"Feature","properties":{"id":"0kornco","name":"Severinusplatz","kind":"square","district":"eilendorf","level":"eilendorf-1","importance":3000,"center":[6.154574,50.779713],"length":0},"geometry":{"type":"Polygon","coordinates":[[[6.154276,50.779546],[6.154358,50.77953],[6.154426,50.779651],[6.154529,50.779738],[6.154645,50.779767],[6.154776,50.779769],[6.154979,50.779743],[6.155138,50.779695],[6.155187,50.779733],[6.154745,50.78007],[6.154183,50.779737],[6.154272,50.779675],[6.154296,50.779608],[6.154276,50.779546]]]},"id":449},{"type":"Feature","properties":{"id":"0kp25ez","name":"Adele-Weidtman-Straße","kind":"minor","district":"laurensberg","level":"laurensberg-7","importance":1136,"center":[6.066116,50.800034],"length":272},"geometry":{"type":"MultiLineString","coordinates":[[[6.065393,50.800689],[6.065399,50.800628],[6.065448,50.800599],[6.065547,50.800602],[6.065593,50.800634],[6.065588,50.800696],[6.065537,50.800725],[6.065469,50.800729],[6.065393,50.800689]],[[6.065566,50.800713],[6.065745,50.80073],[6.066213,50.799885],[6.066749,50.799088],[6.066885,50.79898]]]},"id":450},{"type":"Feature","properties":{"id":"0kqxq6p","name":"Schlehenweg","kind":"minor","district":"kornelimuenster-walheim","level":"kornelimuenster-walheim-5","importance":1116,"center":[6.129144,50.712054],"length":233},"geometry":{"type":"MultiLineString","coordinates":[[[6.128009,50.712179],[6.127635,50.712096]],[[6.130059,50.712254],[6.12823,50.711854],[6.128174,50.711869],[6.12788,50.712419]]]},"id":451},{"type":"Feature","properties":{"id":"0ktk82m","name":"Am Adamshäuschen","kind":"minor","district":"aachen-mitte","level":"aachen-mitte-28","importance":1109,"center":[6.053063,50.753591],"length":218},"geometry":{"type":"LineString","coordinates":[[6.053918,50.754313],[6.053455,50.754158],[6.053176,50.753912],[6.053073,50.75369],[6.053053,50.753493],[6.053105,50.753125],[6.053073,50.753039],[6.053012,50.752975],[6.05253,50.75278]]},"id":452},{"type":"Feature","properties":{"id":"0kvoi62","name":"Altstraße","kind":"minor","district":"aachen-mitte","level":"aachen-mitte-31","importance":1454,"center":[6.122047,50.766668],"length":908},"geometry":{"type":"MultiLineString","coordinates":[[[6.126253,50.765516],[6.124822,50.76598]],[[6.12641,50.765467],[6.126253,50.765516]],[[6.124822,50.76598],[6.124778,50.765926]],[[6.124689,50.765806],[6.124574,50.765646],[6.1244,50.765516],[6.124403,50.76543],[6.124251,50.765296],[6.124127,50.76527],[6.124006,50.765184],[6.123785,50.765298]],[[6.123867,50.766229],[6.123088,50.766436],[6.1213,50.76683],[6.120874,50.766972],[6.119678,50.767518],[6.119465,50.767652],[6.117579,50.769327]],[[6.124778,50.765926],[6.124689,50.765806]],[[6.124822,50.76598],[6.123867,50.766229]]]},"id":453},{"type":"Feature","properties":{"id":"0kvqh1q","name":"Heidestraße","kind":"minor","district":"brand","level":"brand-2","importance":1091,"center":[6.161279,50.751766],"length":181},"geometry":{"type":"LineString","coordinates":[[6.161751,50.75256],[6.16117,50.751587],[6.160728,50.751068]]},"id":454},{"type":"Feature","properties":{"id":"0kwc8oo","name":"Heinzenstraße","kind":"minor","district":"aachen-mitte","level":"aachen-mitte-11","importance":1102,"center":[6.09036,50.779471],"length":204},"geometry":{"type":"LineString","coordinates":[[6.09006,50.778529],[6.090152,50.779108],[6.090317,50.779426],[6.090403,50.779515],[6.091335,50.780069]]},"id":455},{"type":"Feature","properties":{"id":"0l0bsev","name":"Im Ellerbruch","kind":"minor","district":"eilendorf","level":"eilendorf-3","importance":1045,"center":[6.146116,50.774424],"length":90},"geometry":{"type":"LineString","coordinates":[[6.145849,50.774794],[6.146383,50.774054]]},"id":456},{"type":"Feature","properties":{"id":"0l10mpe","name":"Karlshöher Hochweg","kind":"minor","district":"aachen-mitte","level":"aachen-mitte-35","importance":1658,"center":[6.056506,50.744903],"length":1316},"geometry":{"type":"MultiLineString","coordinates":[[[6.061455,50.74391],[6.061339,50.743923]],[[6.060756,50.743483],[6.060433,50.74314],[6.059169,50.742176],[6.058869,50.742051],[6.05869,50.742019],[6.058338,50.742043],[6.05785,50.742137]],[[6.05785,50.742137],[6.057346,50.742286],[6.057101,50.742441],[6.056676,50.743036],[6.056524,50.744065],[6.05649,50.74499],[6.056339,50.745323],[6.056146,50.745594],[6.055749,50.745987],[6.054355,50.746578]],[[6.061339,50.743923],[6.061107,50.743852],[6.060756,50.743483]],[[6.054355,50.746578],[6.050747,50.748086],[6.049945,50.748192]]]},"id":457},{"type":"Feature","properties":{"id":"0l14l09","name":"Clermontstraße","kind":"minor","district":"aachen-mitte","level":"aachen-mitte-29","importance":1334,"center":[6.115965,50.768109],"length":668},"geometry":{"type":"MultiLineString","coordinates":[[[6.114016,50.765932],[6.114516,50.766241],[6.114965,50.766588],[6.11524,50.766946],[6.115913,50.768041]],[[6.116751,50.768725],[6.117149,50.768514],[6.117273,50.768494],[6.117345,50.768445],[6.117509,50.768294],[6.117508,50.768258],[6.117429,50.768215],[6.117313,50.768232],[6.117156,50.768356],[6.117123,50.768416],[6.117149,50.768514]],[[6.117974,50.769623],[6.118302,50.769871]],[[6.116017,50.768176],[6.117579,50.769327]],[[6.117579,50.769327],[6.117974,50.769623]],[[6.115913,50.768041],[6.116017,50.768176]]]},"id":458},{"type":"Feature","properties":{"id":"0l35cby","name":"Steinkaulplatz","kind":"major","district":"kornelimuenster-walheim","level":"kornelimuenster-walheim-1","importance":3064,"center":[6.17864,50.729231],"length":129},"geometry":{"type":"MultiLineString","coordinates":[[[6.177979,50.728875],[6.178239,50.729003]],[[6.178514,50.729159],[6.179244,50.729562],[6.179397,50.7296]],[[6.178311,50.729045],[6.178514,50.729159]],[[6.178239,50.729003],[6.178311,50.729045]]]},"id":459},{"type":"Feature","properties":{"id":"0l39vag","name":"Josefsallee","kind":"minor","district":"brand","level":"brand-5","importance":1093,"center":[6.166987,50.749251],"length":187},"geometry":{"type":"MultiLineString","coordinates":[[[6.167827,50.749928],[6.16787,50.749838],[6.167207,50.749389]],[[6.167207,50.749389],[6.166136,50.748691]]]},"id":460},{"type":"Feature","properties":{"id":"0l5af0t","name":"St.-Annaberg-Straße","kind":"minor","district":"aachen-mitte","level":"aachen-mitte-37","importance":1070,"center":[6.140508,50.752145],"length":140},"geometry":{"type":"LineString","coordinates":[[6.139736,50.752534],[6.141284,50.751738]]},"id":461},{"type":"Feature","properties":{"id":"0l67jns","name":"Siefer Weg","kind":"minor","district":"kornelimuenster-walheim","level":"kornelimuenster-walheim-2","importance":1144,"center":[6.151144,50.69703],"length":287},"geometry":{"type":"LineString","coordinates":[[6.149305,50.696422],[6.151616,50.697204],[6.151919,50.697249],[6.152614,50.697475],[6.152961,50.697532]]},"id":462},{"type":"Feature","properties":{"id":"0l8nwpn","name":"Hans-von-Reutlingen-Gasse","kind":"square","district":"aachen-mitte","level":"aachen-mitte-1","importance":3000,"center":[6.083646,50.774319],"length":0},"geometry":{"type":"Polygon","coordinates":[[[6.083627,50.774266],[6.083672,50.774215],[6.083669,50.77439],[6.083625,50.774371],[6.083627,50.774266]]]},"id":463},{"type":"Feature","properties":{"id":"0l8s3c4","name":"Luerweg","kind":"minor","district":"aachen-mitte","level":"aachen-mitte-35","importance":1365,"center":[6.040171,50.723384],"length":730},"geometry":{"type":"MultiLineString","coordinates":[[[6.036872,50.721732],[6.037216,50.721721],[6.037414,50.721743],[6.038211,50.722272],[6.038409,50.722352],[6.039397,50.722425]],[[6.04171,50.723723],[6.041565,50.723876],[6.041771,50.724144],[6.042112,50.725143]],[[6.039397,50.722425],[6.039265,50.722909],[6.039292,50.723005],[6.039414,50.723084],[6.040109,50.723371],[6.041013,50.723496],[6.04171,50.723723],[6.043024,50.724048]]]},"id":464},{"type":"Feature","properties":{"id":"0la8i1k","name":"Mies-van-der-Rohe-Straße","kind":"major","district":"aachen-mitte","level":"aachen-mitte-6","importance":3437,"center":[6.063732,50.778367],"length":875},"geometry":{"type":"MultiLineString","coordinates":[[[6.067693,50.780381],[6.067812,50.780419],[6.068102,50.780653]],[[6.065113,50.779085],[6.064385,50.778672],[6.063704,50.778356]],[[6.067984,50.780706],[6.067735,50.780472],[6.067693,50.780381]],[[6.058902,50.777983],[6.059031,50.777986]],[[6.059108,50.777984],[6.060012,50.777942]],[[6.060012,50.777942],[6.059708,50.778017],[6.059018,50.778072]],[[6.059018,50.778072],[6.058892,50.778068]],[[6.067693,50.780381],[6.06618,50.779701],[6.065113,50.779085]],[[6.059031,50.777986],[6.059108,50.777984]],[[6.061532,50.777875],[6.060925,50.777854],[6.060572,50.777879]],[[6.060572,50.777879],[6.060012,50.777942]],[[6.062531,50.778018],[6.061877,50.777905],[6.061532,50.777875]],[[6.063704,50.778356],[6.063263,50.778204],[6.062531,50.778018]]]},"id":465},{"type":"Feature","properties":{"id":"0lanufm","name":"Sonnenweg","kind":"minor","district":"laurensberg","level":"laurensberg-8","importance":1248,"center":[6.093707,50.801716],"length":495},"geometry":{"type":"MultiLineString","coordinates":[[[6.092685,50.80293],[6.093511,50.801874]],[[6.092685,50.80293],[6.092264,50.80314],[6.092034,50.803291],[6.09157,50.803676]],[[6.093511,50.801874],[6.093904,50.801559]],[[6.09473,50.800729],[6.095229,50.800194],[6.095429,50.800088]],[[6.095429,50.800088],[6.095538,50.80006]],[[6.093904,50.801559],[6.093988,50.801474]],[[6.093988,50.801474],[6.09473,50.800729]]]},"id":466},{"type":"Feature","properties":{"id":"0lev08e","name":"Verlautenheidener Straße","kind":"major","district":"haaren","level":"haaren-1","importance":4000,"center":[6.161929,50.795734],"length":3224},"geometry":{"type":"MultiLineString","coordinates":[[[6.155516,50.796791],[6.155564,50.796757]],[[6.167578,50.793806],[6.175061,50.791015],[6.17583,50.790662],[6.176533,50.790215]],[[6.16171,50.795615],[6.162089,50.795814],[6.162043,50.795865],[6.16161,50.795977]],[[6.148031,50.80425],[6.148577,50.803421]],[[6.148577,50.803421],[6.148713,50.803166]],[[6.156941,50.795866],[6.157404,50.795827],[6.160433,50.795796],[6.161148,50.795726],[6.16171,50.795615],[6.164451,50.794898],[6.165283,50.794645],[6.166804,50.794103]],[[6.15336,50.798264],[6.154878,50.797231]],[[6.176533,50.790215],[6.178048,50.788798]],[[6.166804,50.794103],[6.167578,50.793806]],[[6.15615,50.796334],[6.156565,50.796015]],[[6.151306,50.7997],[6.15138,50.79964]],[[6.149879,50.801146],[6.149922,50.801085]],[[6.150238,50.800752],[6.15027,50.800719]],[[6.149922,50.801085],[6.150108,50.800876]],[[6.15138,50.79964],[6.151697,50.799392]],[[6.150203,50.800785],[6.150219,50.800913],[6.149904,50.801332],[6.149799,50.801417]],[[6.178953,50.788192],[6.179297,50.788012]],[[6.179297,50.788012],[6.179333,50.787995]],[[6.149636,50.801429],[6.149826,50.801227]],[[6.149518,50.801768],[6.149527,50.801643],[6.149636,50.801429]],[[6.150947,50.800017],[6.151306,50.7997]],[[6.150108,50.800876],[6.150203,50.800785]],[[6.152776,50.798654],[6.153001,50.798512]],[[6.149799,50.801417],[6.149635,50.80167],[6.149518,50.801768]],[[6.150418,50.800551],[6.15078,50.800173]],[[6.15078,50.800173],[6.150947,50.800017]],[[6.155645,50.796695],[6.15615,50.796334]],[[6.155266,50.796967],[6.155516,50.796791]],[[6.153001,50.798512],[6.15336,50.798264]],[[6.155564,50.796757],[6.155645,50.796695]],[[6.156809,50.795899],[6.156941,50.795866]],[[6.178048,50.788798],[6.178416,50.788528]],[[6.178416,50.788528],[6.178953,50.788192]],[[6.149826,50.801227],[6.149799,50.801417]],[[6.148713,50.803166],[6.149518,50.801768]],[[6.152584,50.798788],[6.152776,50.798654]],[[6.152341,50.798948],[6.152584,50.798788]],[[6.15027,50.800719],[6.150418,50.800551]],[[6.150203,50.800785],[6.150238,50.800752]],[[6.149826,50.801227],[6.149879,50.801146]],[[6.151697,50.799392],[6.151916,50.799235]],[[6.154878,50.797231],[6.155266,50.796967]],[[6.156565,50.796015],[6.156809,50.795899]],[[6.151916,50.799235],[6.152341,50.798948]]]},"id":467},{"type":"Feature","properties":{"id":"0lf2wsv","name":"Junkerstraße","kind":"major","district":"aachen-mitte","level":"aachen-mitte-3","importance":3470,"center":[6.072269,50.774453],"length":940},"geometry":{"type":"MultiLineString","coordinates":[[[6.072153,50.775042],[6.072177,50.774588]],[[6.072263,50.774379],[6.072304,50.774627]],[[6.072651,50.775309],[6.07383,50.77687]],[[6.072333,50.773561],[6.07246,50.773026]],[[6.072236,50.774259],[6.072242,50.774193]],[[6.072495,50.772815],[6.072536,50.772578]],[[6.072304,50.774627],[6.072468,50.775016]],[[6.07383,50.77687],[6.07405,50.777337]],[[6.074095,50.777457],[6.074261,50.777952]],[[6.072572,50.772397],[6.072905,50.770918]],[[6.072905,50.770918],[6.072981,50.770567]],[[6.072268,50.773919],[6.072271,50.773896]],[[6.07246,50.773026],[6.072495,50.772815]],[[6.072242,50.774193],[6.072268,50.773919]],[[6.072536,50.772578],[6.072572,50.772397]],[[6.072177,50.774588],[6.072189,50.774335],[6.072236,50.774259]],[[6.072236,50.774259],[6.072263,50.774379]],[[6.072292,50.773786],[6.072333,50.773561]],[[6.072271,50.773896],[6.072292,50.773786]],[[6.072468,50.775016],[6.072651,50.775309]],[[6.07405,50.777337],[6.074095,50.777457]]]},"id":468},{"type":"Feature","properties":{"id":"0lfwi23","name":"Försterstraße","kind":"minor","district":"aachen-mitte","level":"aachen-mitte-15","importance":1130,"center":[6.076049,50.785174],"length":261},"geometry":{"type":"LineString","coordinates":[[6.075387,50.786452],[6.075259,50.786114],[6.075353,50.785779],[6.075519,50.785598],[6.076545,50.784756],[6.076599,50.784555],[6.076579,50.784383]]},"id":469},{"type":"Feature","properties":{"id":"0lg6201","name":"Tannenallee","kind":"minor","district":"kornelimuenster-walheim","level":"kornelimuenster-walheim-5","importance":1241,"center":[6.140732,50.718004],"length":483},"geometry":{"type":"MultiLineString","coordinates":[[[6.141709,50.716429],[6.141672,50.71679],[6.141627,50.71686],[6.140297,50.718568],[6.140126,50.718714],[6.139174,50.719251]],[[6.14023,50.718629],[6.139434,50.718164]],[[6.140538,50.718904],[6.140126,50.718714]]]},"id":470},{"type":"Feature","properties":{"id":"0lg9w7g","name":"Montebourgstraße","kind":"major","district":"kornelimuenster-walheim","level":"kornelimuenster-walheim-1","importance":3222,"center":[6.179892,50.70826],"length":444},"geometry":{"type":"MultiLineString","coordinates":[[[6.177669,50.709669],[6.178695,50.709132],[6.179791,50.708328],[6.180342,50.707984],[6.181079,50.70766],[6.181821,50.707457]],[[6.182184,50.707373],[6.182579,50.707282]],[[6.181821,50.707457],[6.182184,50.707373]]]},"id":471},{"type":"Feature","properties":{"id":"0lgv8rp","name":"Körbergasse","kind":"square","district":"aachen-mitte","level":"aachen-mitte-1","importance":3000,"center":[6.085346,50.775886],"length":0},"geometry":{"type":"Polygon","coordinates":[[[6.085444,50.77601],[6.085459,50.776019],[6.085541,50.775955],[6.085455,50.775919],[6.0852,50.775717],[6.085184,50.775721],[6.085164,50.775729],[6.085444,50.77601]]]},"id":472},{"type":"Feature","properties":{"id":"0lkmmmo","name":"Am Bahnhof","kind":"path","district":"kornelimuenster-walheim","level":"kornelimuenster-walheim-9","importance":61,"center":[6.176785,50.729455],"length":123},"geometry":{"type":"MultiLineString","coordinates":[[[6.177354,50.729212],[6.177235,50.729336],[6.176872,50.729566]],[[6.176872,50.729566],[6.176698,50.729344]],[[6.176872,50.729566],[6.176665,50.72977],[6.176665,50.729817],[6.176765,50.729885]]]},"id":473},{"type":"Feature","properties":{"id":"0lrn1i5","name":"Am Ravelsberg","kind":"minor","district":"haaren","level":"haaren-4","importance":1236,"center":[6.121313,50.802307],"length":473},"geometry":{"type":"MultiLineString","coordinates":[[[6.120939,50.80112],[6.120494,50.802481],[6.120497,50.802718],[6.120547,50.802775]],[[6.123472,50.801544],[6.12329,50.802225],[6.123177,50.802412],[6.122886,50.802447],[6.122053,50.802391],[6.120573,50.802223]]]},"id":474},{"type":"Feature","properties":{"id":"0lut7n9","name":"Von-Brandis-Straße","kind":"minor","district":"aachen-mitte","level":"aachen-mitte-14","importance":1064,"center":[6.071777,50.770789],"length":127},"geometry":{"type":"LineString","coordinates":[[6.072099,50.770339],[6.071724,50.770842],[6.071126,50.77129]]},"id":475},{"type":"Feature","properties":{"id":"0lvf0tc","name":"Alsenstraße","kind":"minor","district":"aachen-mitte","level":"aachen-mitte-26","importance":1120,"center":[6.115681,50.772471],"length":239},"geometry":{"type":"LineString","coordinates":[[6.116799,50.773118],[6.11429,50.771664]]},"id":476},{"type":"Feature","properties":{"id":"0ly51o8","name":"Römerstraße","kind":"major","district":"aachen-mitte","level":"aachen-mitte-4","importance":3187,"center":[6.093136,50.768746],"length":374},"geometry":{"type":"MultiLineString","coordinates":[[[6.094394,50.768598],[6.094772,50.768565],[6.094919,50.76858],[6.095016,50.768623]],[[6.095016,50.768623],[6.094809,50.768729],[6.094514,50.768756]],[[6.094514,50.768756],[6.094016,50.768698]],[[6.092605,50.768761],[6.093433,50.768738]],[[6.090836,50.768769],[6.092605,50.768761]],[[6.093433,50.768738],[6.093845,50.768712]],[[6.093845,50.768712],[6.094016,50.768698]],[[6.094016,50.768698],[6.094394,50.768598]]]},"id":477},{"type":"Feature","properties":{"id":"0lzqaea","name":"Heidchenweg","kind":"minor","district":"haaren","level":"haaren-4","importance":1063,"center":[6.12585,50.801927],"length":126},"geometry":{"type":"LineString","coordinates":[[6.125821,50.801576],[6.12588,50.802279],[6.125941,50.802338],[6.126401,50.802135]]},"id":478},{"type":"Feature","properties":{"id":"0m0w9c4","name":"Judengasse","kind":"minor","district":"aachen-mitte","level":"aachen-mitte-9","importance":1061,"center":[6.081041,50.775754],"length":123},"geometry":{"type":"LineString","coordinates":[[6.080321,50.776262],[6.081482,50.775435]]},"id":479},{"type":"Feature","properties":{"id":"0m5a025","name":"Vaalser Straße","kind":"major","district":"laurensberg","level":"laurensberg-1","importance":4000,"center":[6.049408,50.769272],"length":6145},"geometry":{"type":"MultiLineString","coordinates":[[[6.026608,50.770633],[6.026709,50.770605]],[[6.072981,50.770567],[6.07333,50.770643]],[[6.030933,50.769608],[6.030932,50.769674],[6.031522,50.770904],[6.031806,50.77124],[6.032191,50.77153],[6.032347,50.771701],[6.032666,50.772211],[6.032759,50.772555],[6.032773,50.77286],[6.032727,50.773186]],[[6.034688,50.769684],[6.035607,50.769725]],[[6.033233,50.769658],[6.034571,50.769699]],[[6.031423,50.769613],[6.031936,50.769622]],[[6.031936,50.769622],[6.032825,50.769649]],[[6.032825,50.769649],[6.033233,50.769658]],[[6.030594,50.769625],[6.031423,50.769613]],[[6.060139,50.769532],[6.059495,50.769416]],[[6.055723,50.768861],[6.0566,50.768871]],[[6.0566,50.768871],[6.056691,50.768853]],[[6.057552,50.769053],[6.056988,50.768961]],[[6.058366,50.769085],[6.059462,50.769324]],[[6.05825,50.769181],[6.057739,50.769086]],[[6.046,50.769443],[6.046432,50.769418]],[[6.036188,50.769739],[6.03797,50.769766]],[[6.028642,50.770081],[6.029626,50.769814]],[[6.054225,50.768958],[6.052739,50.769043]],[[6.046432,50.769418],[6.046722,50.769343],[6.048164,50.769266]],[[6.048969,50.769272],[6.04934,50.769248]],[[6.064466,50.770265],[6.06505,50.770363]],[[6.062522,50.76986],[6.06289,50.769366],[6.063127,50.769158],[6.063792,50.769435],[6.063738,50.769498]],[[6.062312,50.769818],[6.062598,50.769334]],[[6.039051,50.769812],[6.039254,50.769763],[6.040473,50.769722],[6.042002,50.769613]],[[6.056988,50.768961],[6.056776,50.768936]],[[6.057798,50.768974],[6.058366,50.769085]],[[6.057618,50.768945],[6.057798,50.768974]],[[6.057739,50.769086],[6.057552,50.769053]],[[6.060159,50.769488],[6.060499,50.769535],[6.060639,50.769584]],[[6.071148,50.770169],[6.070226,50.770285]],[[6.043965,50.769526],[6.044209,50.769482],[6.045295,50.769437]],[[6.070428,50.77018],[6.071139,50.770108]],[[6.04584,50.769453],[6.045623,50.769495],[6.044364,50.769565]],[[6.074699,50.770911],[6.075285,50.770999],[6.075621,50.771096]],[[6.038315,50.769817],[6.038744,50.769817]],[[6.071786,50.770259],[6.072981,50.770567]],[[6.050986,50.769139],[6.051558,50.769104]],[[6.038315,50.769817],[6.036607,50.769794]],[[6.059462,50.769324],[6.060159,50.769488]],[[6.062312,50.769818],[6.062196,50.769815]],[[6.069214,50.770374],[6.069917,50.77028]],[[6.025544,50.770921],[6.025711,50.770876]],[[6.025504,50.770956],[6.025158,50.771037]],[[6.025123,50.77098],[6.025281,50.770948]],[[6.065427,50.770416],[6.065587,50.770436]],[[6.06527,50.770396],[6.065427,50.770416]],[[6.065587,50.770436],[6.066205,50.770495]],[[6.06505,50.770363],[6.06527,50.770396]],[[6.066205,50.770495],[6.066942,50.770525]],[[6.066942,50.770525],[6.067901,50.770496]],[[6.056776,50.768936],[6.056684,50.768906]],[[6.058871,50.769295],[6.05825,50.769181]],[[6.054225,50.768958],[6.054351,50.768924],[6.055055,50.768869]],[[6.067901,50.770496],[6.069098,50.770353],[6.069214,50.770374]],[[6.069214,50.770374],[6.069115,50.770424],[6.068963,50.770442],[6.068456,50.770487],[6.067901,50.770496]],[[6.025711,50.770876],[6.026608,50.770633]],[[6.029626,50.769814],[6.030086,50.769693],[6.030594,50.769625]],[[6.026709,50.770605],[6.028642,50.770081]],[[6.062312,50.769818],[6.064466,50.770265]],[[6.056684,50.768906],[6.0566,50.768871]],[[6.056691,50.768853],[6.057618,50.768945]],[[6.059215,50.769362],[6.058871,50.769295]],[[6.055533,50.768917],[6.055062,50.768942]],[[6.055062,50.768942],[6.054355,50.768979],[6.054225,50.768958]],[[6.055055,50.768869],[6.055546,50.768834],[6.055723,50.768861]],[[6.055723,50.768861],[6.055533,50.768917]],[[6.050986,50.769139],[6.050752,50.769189],[6.049456,50.769275],[6.04934,50.769248]],[[6.052739,50.769043],[6.052564,50.769079],[6.052171,50.769098]],[[6.04934,50.769248],[6.049447,50.769192],[6.050734,50.769111],[6.050986,50.769139]],[[6.052171,50.769098],[6.051777,50.76912],[6.051558,50.769104]],[[6.051558,50.769104],[6.051765,50.769057],[6.052504,50.769023],[6.052739,50.769043]],[[6.048718,50.769318],[6.046805,50.769424],[6.046432,50.769418]],[[6.048969,50.769272],[6.048718,50.769318]],[[6.048164,50.769266],[6.048722,50.769242]],[[6.043323,50.769563],[6.043965,50.769526]],[[6.045295,50.769437],[6.045617,50.76942],[6.04584,50.769453]],[[6.044364,50.769565],[6.043965,50.769526]],[[6.043323,50.769563],[6.043115,50.769629],[6.040572,50.769779],[6.039228,50.769836],[6.039051,50.769812]],[[6.042002,50.769613],[6.043101,50.76954],[6.043323,50.769563]],[[6.038744,50.769817],[6.039051,50.769812]],[[6.04584,50.769453],[6.046,50.769443]],[[6.035607,50.769725],[6.036188,50.769739]],[[6.035607,50.769725],[6.035439,50.769757],[6.034687,50.769721]],[[6.034687,50.769721],[6.034571,50.769699]],[[6.034571,50.769699],[6.034688,50.769684]],[[6.036607,50.769794],[6.036188,50.769739]],[[6.03797,50.769766],[6.038315,50.769817]],[[6.048722,50.769242],[6.048969,50.769272]],[[6.071444,50.770188],[6.071786,50.770259]],[[6.069917,50.77028],[6.0702,50.770212]],[[6.0702,50.770212],[6.070428,50.77018]],[[6.071139,50.770108],[6.071284,50.770138]],[[6.071444,50.770188],[6.071343,50.770182]],[[6.070226,50.770285],[6.069917,50.77028]],[[6.071266,50.770176],[6.071284,50.770138]],[[6.071284,50.770138],[6.071356,50.770152]],[[6.071356,50.770152],[6.071444,50.770188]],[[6.071343,50.770182],[6.071266,50.770176]],[[6.071266,50.770176],[6.071148,50.770169]],[[6.060989,50.769635],[6.061405,50.769644],[6.062003,50.76973],[6.062209,50.769785]],[[6.060639,50.769584],[6.060452,50.769585],[6.060139,50.769532]],[[6.060989,50.769635],[6.060639,50.769584]],[[6.062209,50.769785],[6.062312,50.769818]],[[6.062196,50.769815],[6.060989,50.769635]],[[6.059495,50.769416],[6.059215,50.769362]],[[6.025014,50.771001],[6.025123,50.77098]],[[6.032727,50.773186],[6.032671,50.773524],[6.032738,50.773729]],[[6.025544,50.770921],[6.025504,50.770956]],[[6.02548,50.770908],[6.025544,50.770921]],[[6.025158,50.771037],[6.0251,50.771051]],[[6.073487,50.770675],[6.073773,50.770735]],[[6.07333,50.770643],[6.073487,50.770675]],[[6.073773,50.770735],[6.074699,50.770911]],[[6.025281,50.770948],[6.02548,50.770908]]]},"id":480},{"type":"Feature","properties":{"id":"0m7hgk3","name":"Auf der Wildnis","kind":"minor","district":"kornelimuenster-walheim","level":"kornelimuenster-walheim-3","importance":1067,"center":[6.17871,50.702669],"length":133},"geometry":{"type":"LineString","coordinates":[[6.178109,50.702135],[6.178112,50.70252],[6.179309,50.702818]]},"id":481},{"type":"Feature","properties":{"id":"0ma1xld","name":"Abteistraße","kind":"minor","district":"aachen-mitte","level":"aachen-mitte-25","importance":1186,"center":[6.096095,50.761249],"length":372},"geometry":{"type":"MultiLineString","coordinates":[[[6.097561,50.760074],[6.097017,50.760632],[6.095368,50.761739]],[[6.095368,50.761739],[6.094156,50.76253],[6.09406,50.762547]]]},"id":482},{"type":"Feature","properties":{"id":"0mav145","name":"Am Berghang","kind":"path","district":"haaren","level":"haaren-5","importance":40,"center":[6.166092,50.792161],"length":80},"geometry":{"type":"MultiLineString","coordinates":[[[6.165924,50.792324],[6.16626,50.791998]],[[6.166458,50.792075],[6.166027,50.791895]]]},"id":483},{"type":"Feature","properties":{"id":"0mcgyn6","name":"Karlshöher Talweg","kind":"path","district":"aachen-mitte","level":"aachen-mitte-40","importance":33,"center":[6.061175,50.746027],"length":65},"geometry":{"type":"MultiLineString","coordinates":[[[6.061529,50.745931],[6.061428,50.745918]],[[6.061428,50.745918],[6.06121,50.745989],[6.060953,50.746311]]]},"id":484},{"type":"Feature","properties":{"id":"0mdvfg8","name":"Platz der Wasserkunst","kind":"square","district":"aachen-mitte","level":"aachen-mitte-1","importance":3000,"center":[6.085591,50.775418],"length":0},"geometry":{"type":"Polygon","coordinates":[[[6.085398,50.775391],[6.085378,50.77536],[6.085395,50.775343],[6.085541,50.775388],[6.085613,50.775301],[6.085719,50.77534],[6.085705,50.775582],[6.085663,50.775599],[6.085398,50.775391]]]},"id":485},{"type":"Feature","properties":{"id":"0mfgynq","name":"Schopenhauerstraße","kind":"minor","district":"aachen-mitte","level":"aachen-mitte-36","importance":1264,"center":[6.135081,50.759824],"length":529},"geometry":{"type":"MultiLineString","coordinates":[[[6.133838,50.759019],[6.133447,50.758917],[6.13274,50.758848]],[[6.133838,50.759019],[6.134113,50.759175]],[[6.134113,50.759175],[6.135049,50.759795],[6.137025,50.761597]],[[6.133091,50.758799],[6.133502,50.758867],[6.13374,50.758953],[6.133838,50.759019]],[[6.132752,50.758769],[6.133091,50.758799]]]},"id":486},{"type":"Feature","properties":{"id":"0mfrx9g","name":"Würselener Straße","kind":"minor","district":"haaren","level":"haaren-4","importance":1292,"center":[6.128925,50.800698],"length":584},"geometry":{"type":"MultiLineString","coordinates":[[[6.127214,50.798676],[6.127114,50.798789],[6.127208,50.798947],[6.130397,50.802158],[6.130765,50.802575]],[[6.130765,50.802575],[6.130912,50.802983],[6.130929,50.803238]]]},"id":487},{"type":"Feature","properties":{"id":"0mhj7tq","name":"Luisenstraße","kind":"minor","district":"aachen-mitte","level":"aachen-mitte-17","importance":1195,"center":[6.100931,50.771432],"length":390},"geometry":{"type":"MultiLineString","coordinates":[[[6.103305,50.771354],[6.100279,50.771448]],[[6.100279,50.771448],[6.098911,50.771399],[6.097776,50.771321]]]},"id":488},{"type":"Feature","properties":{"id":"0mn8pdh","name":"Kelmiser Straße","kind":"minor","district":"aachen-mitte","level":"aachen-mitte-35","importance":1062,"center":[6.042248,50.739154],"length":124},"geometry":{"type":"LineString","coordinates":[[6.042981,50.739054],[6.042424,50.739148],[6.04124,50.739142]]},"id":489},{"type":"Feature","properties":{"id":"0mnxrzo","name":"Am Mühlenteich","kind":"minor","district":"haaren","level":"haaren-3","importance":1049,"center":[6.131034,50.791727],"length":98},"geometry":{"type":"LineString","coordinates":[[6.130283,50.791343],[6.131191,50.791808],[6.131406,50.79185]]},"id":490},{"type":"Feature","properties":{"id":"0mozea6","name":"Kellershaustraße","kind":"minor","district":"eilendorf","level":"eilendorf-5","importance":1416,"center":[6.159703,50.767474],"length":832},"geometry":{"type":"MultiLineString","coordinates":[[[6.157504,50.766513],[6.158315,50.766968],[6.159306,50.767397],[6.159768,50.767487],[6.160158,50.767527],[6.160784,50.767529],[6.16116,50.767472],[6.161712,50.767314],[6.162191,50.767082],[6.163931,50.765934]],[[6.158982,50.767276],[6.157776,50.768093]],[[6.155772,50.766024],[6.156061,50.765904],[6.156398,50.765903]],[[6.156398,50.765903],[6.156564,50.765957],[6.157504,50.766513]]]},"id":491},{"type":"Feature","properties":{"id":"0mpu7h8","name":"Wilhelmstraße","kind":"major","district":"aachen-mitte","level":"aachen-mitte-4","importance":3288,"center":[6.09571,50.772072],"length":576},"geometry":{"type":"MultiLineString","coordinates":[[[6.096087,50.774576],[6.096009,50.773904]],[[6.096009,50.773904],[6.095895,50.773211]],[[6.095812,50.772694],[6.095695,50.771984]],[[6.095541,50.771006],[6.095522,50.770885]],[[6.095522,50.770885],[6.095375,50.770011]],[[6.095375,50.770011],[6.095244,50.769429]],[[6.095895,50.773211],[6.095812,50.772694]],[[6.095695,50.771984],[6.095541,50.771006]]]},"id":492},{"type":"Feature","properties":{"id":"0mq1lv7","name":"Kasinostraße","kind":"major","district":"aachen-mitte","level":"aachen-mitte-5","importance":3287,"center":[6.092322,50.767254],"length":573},"geometry":{"type":"MultiLineString","coordinates":[[[6.09031,50.765991],[6.091172,50.766441],[6.092644,50.767482]],[[6.095016,50.768167],[6.094799,50.76785]],[[6.094688,50.767723],[6.094655,50.767672]],[[6.094799,50.76785],[6.094688,50.767723]],[[6.094517,50.767458],[6.094633,50.767636]],[[6.093284,50.767538],[6.094093,50.767377]],[[6.094093,50.767377],[6.094226,50.767359]],[[6.094226,50.767359],[6.094403,50.767378],[6.094517,50.767458]],[[6.092644,50.767482],[6.092818,50.76756]],[[6.089124,50.765352],[6.089252,50.765445],[6.09031,50.765991]],[[6.092818,50.76756],[6.092978,50.767579],[6.093284,50.767538]],[[6.094655,50.767672],[6.094639,50.767644]],[[6.094633,50.767636],[6.094639,50.767644]]]},"id":493},{"type":"Feature","properties":{"id":"0ms07hd","name":"Pieter-Bruegel-Straße","kind":"minor","district":"aachen-mitte","level":"aachen-mitte-24","importance":1046,"center":[6.059444,50.765254],"length":92},"geometry":{"type":"LineString","coordinates":[[6.059957,50.76526],[6.058655,50.765249]]},"id":494},{"type":"Feature","properties":{"id":"0mwhpa5","name":"Bremenberg","kind":"minor","district":"richterich","level":"richterich-2","importance":1380,"center":[6.049975,50.834526],"length":759},"geometry":{"type":"MultiLineString","coordinates":[[[6.048316,50.831311],[6.048491,50.831413],[6.04916,50.833085],[6.049622,50.834001]],[[6.050588,50.837442],[6.050439,50.837674]],[[6.050609,50.837411],[6.050588,50.837442]],[[6.050062,50.834648],[6.051083,50.83612],[6.051245,50.836529],[6.051143,50.836732],[6.050609,50.837411]],[[6.049622,50.834001],[6.050062,50.834648]]]},"id":495},{"type":"Feature","properties":{"id":"0mx59j9","name":"Hermannstraße","kind":"minor","district":"aachen-mitte","level":"aachen-mitte-12","importance":1079,"center":[6.082749,50.780714],"length":157},"geometry":{"type":"LineString","coordinates":[[6.082417,50.781083],[6.083497,50.779847]]},"id":496},{"type":"Feature","properties":{"id":"0mzouus","name":"Neuköllner Straße","kind":"minor","district":"haaren","level":"haaren-5","importance":1456,"center":[6.12769,50.788471],"length":912},"geometry":{"type":"MultiLineString","coordinates":[[[6.130947,50.78513],[6.130971,50.785885]],[[6.129362,50.787577],[6.128983,50.787797]],[[6.128983,50.787797],[6.127867,50.788398],[6.127155,50.788663],[6.125919,50.789023],[6.12554,50.78916],[6.125302,50.789263],[6.124821,50.789554]],[[6.123641,50.790637],[6.123405,50.790535]],[[6.123405,50.790535],[6.123583,50.790416],[6.123923,50.790352]],[[6.123923,50.790352],[6.123641,50.790637]],[[6.123989,50.790294],[6.123923,50.790352]],[[6.124821,50.789554],[6.123989,50.790294]],[[6.130948,50.78603],[6.130884,50.786276],[6.130618,50.786714],[6.130124,50.78714],[6.129362,50.787577]],[[6.130971,50.785885],[6.130948,50.78603]]]},"id":497},{"type":"Feature","properties":{"id":"0n2adet","name":"Birkenstraße","kind":"minor","district":"brand","level":"brand-6","importance":1190,"center":[6.187919,50.75425],"length":380},"geometry":{"type":"MultiLineString","coordinates":[[[6.185533,50.753466],[6.185707,50.753705],[6.185911,50.75382],[6.188333,50.754347]],[[6.188333,50.754347],[6.189588,50.754758],[6.189578,50.754879],[6.189756,50.755205]]]},"id":498},{"type":"Feature","properties":{"id":"0n2dwo9","name":"In den Zwanzigmorgen","kind":"minor","district":"aachen-mitte","level":"aachen-mitte-25","importance":1240,"center":[6.107995,50.761993],"length":480},"geometry":{"type":"MultiLineString","coordinates":[[[6.105035,50.761303],[6.105537,50.761238],[6.106136,50.761283]],[[6.110628,50.763364],[6.109564,50.763041],[6.109098,50.76283],[6.107933,50.761938],[6.107509,50.761658],[6.106995,50.761465],[6.106136,50.761283]]]},"id":499},{"type":"Feature","properties":{"id":"0n2p93z","name":"Atherstraße","kind":"minor","district":"aachen-mitte","level":"aachen-mitte-35","importance":1136,"center":[6.038325,50.719042],"length":272},"geometry":{"type":"LineString","coordinates":[[6.036827,50.720021],[6.036955,50.719984],[6.037157,50.719828],[6.037344,50.719614],[6.037589,50.719425],[6.037987,50.719238],[6.03901,50.718648],[6.039357,50.718438],[6.039472,50.718289]]},"id":500},{"type":"Feature","properties":{"id":"0n3ztaf","name":"Komphausbadstraße","kind":"major","district":"aachen-mitte","level":"aachen-mitte-2","importance":3138,"center":[6.088587,50.776997],"length":276},"geometry":{"type":"MultiLineString","coordinates":[[[6.088135,50.777967],[6.088571,50.777594]],[[6.088531,50.777162],[6.088742,50.776662]],[[6.088809,50.777394],[6.088876,50.777334]],[[6.088571,50.777594],[6.088809,50.777394]],[[6.0885,50.777652],[6.088398,50.777557],[6.088531,50.777162]],[[6.089037,50.776141],[6.089082,50.776092]],[[6.088742,50.776662],[6.089037,50.776141]],[[6.089082,50.776092],[6.089132,50.776062]]]},"id":501},{"type":"Feature","properties":{"id":"0n4msbv","name":"Eichelhäherweg","kind":"minor","district":"brand","level":"brand-4","importance":1036,"center":[6.164444,50.744305],"length":73},"geometry":{"type":"LineString","coordinates":[[6.164122,50.744094],[6.164818,50.744576]]},"id":502},{"type":"Feature","properties":{"id":"0n7shqw","name":"Liebigstraße","kind":"minor","district":"aachen-mitte","level":"aachen-mitte-32","importance":1309,"center":[6.11077,50.790992],"length":618},"geometry":{"type":"MultiLineString","coordinates":[[[6.108974,50.7917],[6.111572,50.790678],[6.112642,50.790143]],[[6.113687,50.789594],[6.113238,50.789825]],[[6.113912,50.789479],[6.113687,50.789594]],[[6.110155,50.791223],[6.109729,50.790746],[6.109296,50.790151]],[[6.112642,50.790143],[6.112714,50.790107]],[[6.112714,50.790107],[6.113238,50.789825]],[[6.108296,50.791988],[6.108685,50.79182]],[[6.108685,50.79182],[6.108974,50.7917]]]},"id":503},{"type":"Feature","properties":{"id":"0n8o7o5","name":"Altenberger Straße","kind":"minor","district":"aachen-mitte","level":"aachen-mitte-35","importance":1110,"center":[6.042735,50.740156],"length":221},"geometry":{"type":"MultiLineString","coordinates":[[[6.043391,50.74017],[6.042071,50.740134],[6.042062,50.740288],[6.042647,50.740307],[6.04266,50.740153]],[[6.044104,50.740092],[6.043969,50.740141],[6.043391,50.74017]]]},"id":504},{"type":"Feature","properties":{"id":"0nbkkje","name":"AachenMünchener-Platz","kind":"square","district":"aachen-mitte","level":"aachen-mitte-2","importance":3000,"center":[6.086906,50.771164],"length":0},"geometry":{"type":"MultiPolygon","coordinates":[[[[6.086945,50.771034],[6.086888,50.771085],[6.086702,50.771162],[6.0868,50.771241],[6.086336,50.771425],[6.086413,50.771503],[6.086427,50.771497],[6.086401,50.771471],[6.086499,50.771431],[6.086525,50.771458],[6.087539,50.771056],[6.087296,50.77081],[6.087209,50.77084],[6.087295,50.770922],[6.0871,50.770989],[6.087092,50.771038],[6.086978,50.771058],[6.086945,50.771034]]],[[[6.086945,50.771034],[6.086978,50.771058],[6.087078,50.771042],[6.087099,50.771028],[6.0871,50.770989],[6.086945,50.771034]]]]},"id":505},{"type":"Feature","properties":{"id":"0nbv7qf","name":"Nonnenhofstraße","kind":"major","district":"laurensberg","level":"laurensberg-1","importance":3486,"center":[6.005213,50.797866],"length":973},"geometry":{"type":"MultiLineString","coordinates":[[[6.002728,50.796703],[6.004169,50.797456],[6.006258,50.798276],[6.01074,50.800286],[6.010992,50.800356]],[[5.999954,50.795394],[6.000258,50.795441],[6.001276,50.795859],[6.002275,50.796423]],[[6.000122,50.79527],[6.000165,50.795415]],[[6.002275,50.796423],[6.002728,50.796703]]]},"id":506},{"type":"Feature","properties":{"id":"0nc45e8","name":"Malteserstraße","kind":"minor","district":"aachen-mitte","level":"aachen-mitte-12","importance":1151,"center":[6.077963,50.780549],"length":302},"geometry":{"type":"MultiLineString","coordinates":[[[6.078261,50.781328],[6.078065,50.781201],[6.077982,50.781188]],[[6.077885,50.781382],[6.077781,50.781537]],[[6.077969,50.780443],[6.077982,50.781188]],[[6.078153,50.779232],[6.077986,50.779432],[6.077969,50.780443]],[[6.077982,50.781188],[6.077885,50.781382]],[[6.077781,50.781537],[6.077726,50.781664]]]},"id":507},{"type":"Feature","properties":{"id":"0ndlv9a","name":"Johanneswinkel","kind":"minor","district":"eilendorf","level":"eilendorf-2","importance":1095,"center":[6.158695,50.778583],"length":190},"geometry":{"type":"LineString","coordinates":[[6.158503,50.779344],[6.158427,50.779279],[6.158289,50.778926],[6.158361,50.77878],[6.159115,50.778361],[6.159291,50.778373],[6.159661,50.778642]]},"id":508},{"type":"Feature","properties":{"id":"0nenhqe","name":"Katzenpolsweg","kind":"path","district":"richterich","level":"richterich-5","importance":44,"center":[6.037343,50.845495],"length":88},"geometry":{"type":"LineString","coordinates":[[6.038101,50.845232],[6.037,50.845603]]},"id":509},{"type":"Feature","properties":{"id":"0nerazy","name":"Hermann-Löns-Allee","kind":"path","district":"aachen-mitte","level":"aachen-mitte-39","importance":36,"center":[6.060328,50.754434],"length":72},"geometry":{"type":"MultiLineString","coordinates":[[[6.059949,50.7544],[6.06015,50.754406]],[[6.06015,50.754406],[6.060869,50.75446]],[[6.059851,50.754399],[6.059949,50.7544]]]},"id":510},{"type":"Feature","properties":{"id":"0nf6dyc","name":"Templergraben","kind":"major","district":"aachen-mitte","level":"aachen-mitte-3","importance":3410,"center":[6.078487,50.777619],"length":820},"geometry":{"type":"MultiLineString","coordinates":[[[6.079366,50.778216],[6.079695,50.778319]],[[6.078991,50.778032],[6.077596,50.777115]],[[6.075672,50.775512],[6.075748,50.775821],[6.075907,50.776014],[6.077596,50.777115]],[[6.081033,50.778964],[6.079477,50.778321],[6.079366,50.778216]],[[6.079238,50.778112],[6.077998,50.777299]],[[6.079366,50.778216],[6.079149,50.778134],[6.078991,50.778032]],[[6.079695,50.778319],[6.081089,50.778919]]]},"id":511},{"type":"Feature","properties":{"id":"0ng642k","name":"Teichwinkel","kind":"minor","district":"laurensberg","level":"laurensberg-5","importance":1150,"center":[6.062363,50.794751],"length":300},"geometry":{"type":"MultiLineString","coordinates":[[[6.063432,50.7955],[6.063675,50.795117],[6.061051,50.794385]],[[6.061051,50.794385],[6.060361,50.794206]]]},"id":512},{"type":"Feature","properties":{"id":"0ngvnkj","name":"Auf dem Foerbrich","kind":"minor","district":"eilendorf","level":"eilendorf-4","importance":1156,"center":[6.163159,50.781451],"length":313},"geometry":{"type":"MultiLineString","coordinates":[[[6.163191,50.781447],[6.163452,50.781291],[6.163482,50.781242],[6.163447,50.781109],[6.163532,50.780992],[6.163957,50.780745],[6.164126,50.780546]],[[6.161802,50.781068],[6.161881,50.781116],[6.162157,50.781505],[6.162226,50.781552],[6.162398,50.781567],[6.163021,50.781475]],[[6.163021,50.781475],[6.163127,50.781456]],[[6.163127,50.781456],[6.163576,50.781437],[6.163952,50.781488]]]},"id":513},{"type":"Feature","properties":{"id":"0nhz4ep","name":"Rollefstraße","kind":"minor","district":"brand","level":"brand-5","importance":1396,"center":[6.167976,50.745501],"length":791},"geometry":{"type":"MultiLineString","coordinates":[[[6.164037,50.747104],[6.164866,50.746702],[6.165707,50.746421]],[[6.170683,50.743806],[6.171034,50.743993]],[[6.170664,50.743684],[6.170909,50.743685],[6.171426,50.743839],[6.171484,50.743902]],[[6.16801,50.745486],[6.16762,50.745105],[6.167359,50.745018]],[[6.165707,50.746421],[6.166129,50.7463],[6.169193,50.744954],[6.170534,50.744029],[6.170641,50.743921],[6.170683,50.743806],[6.170643,50.74363]]]},"id":514},{"type":"Feature","properties":{"id":"0nk7qt7","name":"Am Hangeweiher","kind":"minor","district":"aachen-mitte","level":"aachen-mitte-27","importance":1248,"center":[6.071486,50.758852],"length":496},"geometry":{"type":"MultiLineString","coordinates":[[[6.072829,50.757026],[6.072815,50.75672]],[[6.069981,50.760676],[6.070474,50.760401],[6.070716,50.760214],[6.070814,50.760079],[6.071013,50.759466],[6.071114,50.759287],[6.07269,50.757528],[6.072829,50.757026]]]},"id":515},{"type":"Feature","properties":{"id":"0nlb0kt","name":"Buschstraße","kind":"minor","district":"brand","level":"brand-6","importance":1190,"center":[6.179635,50.753236],"length":380},"geometry":{"type":"LineString","coordinates":[[6.177168,50.752167],[6.177894,50.752376],[6.17844,50.752595],[6.181492,50.754188]]},"id":516},{"type":"Feature","properties":{"id":"0nmme6x","name":"Höhenweg","kind":"minor","district":"aachen-mitte","level":"aachen-mitte-18","importance":1354,"center":[6.061521,50.775892],"length":709},"geometry":{"type":"MultiLineString","coordinates":[[[6.065401,50.77678],[6.065332,50.77666],[6.059235,50.775408]],[[6.057827,50.775157],[6.058024,50.77514],[6.058743,50.775297]],[[6.061885,50.775967],[6.061686,50.776368]],[[6.059882,50.775545],[6.059249,50.775611],[6.059203,50.775521],[6.059235,50.775408]],[[6.062485,50.776516],[6.062683,50.776126]],[[6.057626,50.77521],[6.057827,50.775157]]]},"id":517},{"type":"Feature","properties":{"id":"0npasek","name":"Orthstraße","kind":"minor","district":"laurensberg","level":"laurensberg-6","importance":1162,"center":[6.056023,50.801408],"length":325},"geometry":{"type":"LineString","coordinates":[[6.057675,50.802505],[6.05623,50.801891],[6.056115,50.801798],[6.056022,50.801593],[6.056062,50.800106]]},"id":518},{"type":"Feature","properties":{"id":"0nvcuce","name":"In der Lohn","kind":"minor","district":"kornelimuenster-walheim","level":"kornelimuenster-walheim-8","importance":1073,"center":[6.171271,50.729095],"length":147},"geometry":{"type":"LineString","coordinates":[[6.17065,50.729094],[6.172733,50.729066]]},"id":519},{"type":"Feature","properties":{"id":"0nxh0mu","name":"In der Heide","kind":"minor","district":"richterich","level":"richterich-4","importance":1045,"center":[6.070162,50.809265],"length":91},"geometry":{"type":"LineString","coordinates":[[6.069809,50.8093],[6.070516,50.80923],[6.071006,50.809219],[6.071076,50.809249]]},"id":520},{"type":"Feature","properties":{"id":"0o37q1h","name":"Gut Steeg","kind":"minor","district":"aachen-mitte","level":"aachen-mitte-28","importance":1536,"center":[6.066959,50.750067],"length":1071},"geometry":{"type":"MultiLineString","coordinates":[[[6.071523,50.750293],[6.071391,50.750324],[6.071233,50.750316],[6.070271,50.750001],[6.069779,50.750003],[6.069354,50.750107],[6.068198,50.750602],[6.067681,50.750741]],[[6.067681,50.750741],[6.066482,50.749602]],[[6.069003,50.750259],[6.068966,50.749817],[6.068884,50.749707],[6.068253,50.749355],[6.068096,50.749302]],[[6.067681,50.750741],[6.067023,50.750799],[6.066616,50.750768],[6.066473,50.750665],[6.065296,50.74951],[6.065024,50.749353],[6.064716,50.749317],[6.063616,50.749442]],[[6.062797,50.748712],[6.062954,50.748881],[6.063092,50.74921],[6.063228,50.749368],[6.063355,50.749442],[6.063616,50.749442]]]},"id":521},{"type":"Feature","properties":{"id":"0o4cgs4","name":"Marderweg","kind":"minor","district":"kornelimuenster-walheim","level":"kornelimuenster-walheim-6","importance":1038,"center":[6.153422,50.722251],"length":76},"geometry":{"type":"LineString","coordinates":[[6.154022,50.72224],[6.153889,50.722216],[6.152955,50.722286]]},"id":522},{"type":"Feature","properties":{"id":"0o62akr","name":"Schloss-Rahe-Straße","kind":"minor","district":"laurensberg","level":"laurensberg-7","importance":1481,"center":[6.069826,50.79729],"length":962},"geometry":{"type":"MultiLineString","coordinates":[[[6.072504,50.800376],[6.072512,50.799954],[6.073011,50.799414],[6.073064,50.799295],[6.072383,50.798296],[6.072214,50.798217],[6.071724,50.798141]],[[6.071635,50.798137],[6.070494,50.798183],[6.070325,50.798056],[6.070234,50.797894]],[[6.071724,50.798141],[6.071635,50.798137]],[[6.070218,50.797865],[6.070069,50.797592],[6.069739,50.797175],[6.069452,50.796953]],[[6.070234,50.797894],[6.070218,50.797865]],[[6.06681,50.795062],[6.066006,50.794606]],[[6.067674,50.795417],[6.067663,50.795311],[6.067514,50.795247]],[[6.069452,50.796953],[6.068286,50.796828],[6.067995,50.796739],[6.067916,50.796674],[6.067701,50.796401],[6.06759,50.796136],[6.067539,50.795767],[6.067674,50.795417]],[[6.067514,50.795247],[6.067075,50.795144]],[[6.067075,50.795144],[6.06681,50.795062]]]},"id":523},{"type":"Feature","properties":{"id":"0oau5nu","name":"Intzestraße","kind":"minor","district":"aachen-mitte","level":"aachen-mitte-15","importance":1080,"center":[6.07381,50.780902],"length":160},"geometry":{"type":"LineString","coordinates":[[6.072992,50.780881],[6.073196,50.780936],[6.073565,50.780919],[6.075224,50.780775]]},"id":524},{"type":"Feature","properties":{"id":"0ob7ckt","name":"Halfendriesch","kind":"minor","district":"eilendorf","level":"eilendorf-3","importance":1095,"center":[6.150204,50.773984],"length":190},"geometry":{"type":"MultiLineString","coordinates":[[[6.149521,50.774025],[6.150887,50.773944]],[[6.149406,50.773264],[6.150594,50.773189],[6.150716,50.773159]]]},"id":525},{"type":"Feature","properties":{"id":"0oc0vgk","name":"Müselterwinkel","kind":"path","district":"eilendorf","level":"eilendorf-5","importance":30,"center":[6.162938,50.776486],"length":59},"geometry":{"type":"LineString","coordinates":[[6.163175,50.776199],[6.162943,50.776436],[6.162934,50.776536],[6.162818,50.776671]]},"id":526},{"type":"Feature","properties":{"id":"0ocbjr7","name":"Ungarnstraße","kind":"minor","district":"aachen-mitte","level":"aachen-mitte-17","importance":1113,"center":[6.099032,50.782389],"length":226},"geometry":{"type":"MultiLineString","coordinates":[[[6.098065,50.781557],[6.098197,50.781576],[6.098544,50.781886],[6.098567,50.781962]],[[6.098567,50.781962],[6.098995,50.782361],[6.10003,50.783121]]]},"id":527},{"type":"Feature","properties":{"id":"0oef70v","name":"Kantstraße","kind":"minor","district":"aachen-mitte","level":"aachen-mitte-36","importance":1135,"center":[6.134614,50.761557],"length":270},"geometry":{"type":"LineString","coordinates":[[6.133074,50.762247],[6.136218,50.760857]]},"id":528},{"type":"Feature","properties":{"id":"0ofafs6","name":"Küpperstraße","kind":"minor","district":"aachen-mitte","level":"aachen-mitte-16","importance":1047,"center":[6.091559,50.764692],"length":94},"geometry":{"type":"LineString","coordinates":[[6.09131,50.764298],[6.091807,50.765085]]},"id":529},{"type":"Feature","properties":{"id":"0ohb4l9","name":"Hahner Straße","kind":"major","district":"kornelimuenster-walheim","level":"kornelimuenster-walheim-1","importance":4000,"center":[6.193339,50.709661],"length":2510},"geometry":{"type":"MultiLineString","coordinates":[[[6.182579,50.707282],[6.182861,50.707238],[6.184629,50.707989],[6.185133,50.708144],[6.185728,50.708281],[6.187,50.708419],[6.188257,50.708724],[6.189858,50.709058],[6.190351,50.709018],[6.190911,50.708918]],[[6.191545,50.70884],[6.191573,50.708739]],[[6.183949,50.707702],[6.183965,50.707506],[6.183843,50.707159],[6.183693,50.706919],[6.183536,50.706545]],[[6.193967,50.710408],[6.194046,50.710382]],[[6.193938,50.71014],[6.193402,50.709477],[6.193007,50.70924]],[[6.193587,50.709669],[6.193878,50.709449],[6.194323,50.709574],[6.194586,50.709702]],[[6.190911,50.708918],[6.191276,50.708854],[6.191545,50.70884]],[[6.191545,50.70884],[6.191976,50.708928]],[[6.191589,50.708697],[6.191436,50.708686],[6.190932,50.708728],[6.190579,50.708699],[6.189968,50.708589]],[[6.191573,50.708739],[6.191589,50.708697]],[[6.194869,50.710796],[6.195984,50.711329]],[[6.194751,50.710908],[6.195098,50.711059],[6.195775,50.711432]],[[6.195775,50.711432],[6.196007,50.711513],[6.196237,50.711547],[6.197068,50.711435]],[[6.198009,50.711357],[6.198044,50.711355]],[[6.197183,50.711419],[6.198009,50.711357]],[[6.197068,50.711435],[6.197183,50.711419]],[[6.198044,50.711355],[6.198133,50.71135]],[[6.198133,50.71135],[6.198661,50.71135],[6.199046,50.711389],[6.19926,50.711446],[6.199449,50.711545]],[[6.201694,50.713035],[6.202106,50.71331]],[[6.202106,50.71331],[6.202435,50.713609],[6.203376,50.714594]],[[6.199449,50.711545],[6.2008,50.712536],[6.201694,50.713035]],[[6.191976,50.708928],[6.19267,50.709181],[6.193235,50.709552],[6.193645,50.709974],[6.193914,50.710424]],[[6.194869,50.710796],[6.194266,50.710545],[6.194096,50.710368]],[[6.193914,50.710424],[6.194043,50.710582],[6.194191,50.710682],[6.194751,50.710908]],[[6.194096,50.710368],[6.193938,50.71014]],[[6.194046,50.710382],[6.194096,50.710368]],[[6.193914,50.710424],[6.193967,50.710408]]]},"id":530},{"type":"Feature","properties":{"id":"0oi6mzq","name":"Kroitzheider Weg","kind":"minor","district":"kornelimuenster-walheim","level":"kornelimuenster-walheim-6","importance":1398,"center":[6.152895,50.723099],"length":797},"geometry":{"type":"MultiLineString","coordinates":[[[6.149251,50.721374],[6.149658,50.721652],[6.153473,50.723363],[6.153678,50.723414]],[[6.153678,50.723414],[6.153825,50.72332],[6.156451,50.72019]]]},"id":531},{"type":"Feature","properties":{"id":"0oivni2","name":"Binsenweg","kind":"minor","district":"kornelimuenster-walheim","level":"kornelimuenster-walheim-6","importance":1036,"center":[6.156664,50.719671],"length":72},"geometry":{"type":"LineString","coordinates":[[6.156483,50.71983],[6.15708,50.719304]]},"id":532},{"type":"Feature","properties":{"id":"0ojpv1w","name":"Adenauerallee","kind":"major","district":"aachen-mitte","level":"aachen-mitte-8","importance":4000,"center":[6.115226,50.75929],"length":3467},"geometry":{"type":"MultiLineString","coordinates":[[[6.098099,50.752415],[6.098986,50.752699]],[[6.123823,50.764347],[6.125251,50.764641]],[[6.125609,50.764875],[6.125875,50.76502],[6.126126,50.765232],[6.126872,50.766113]],[[6.126634,50.765995],[6.126253,50.765516]],[[6.112416,50.758654],[6.113458,50.758656]],[[6.123461,50.764321],[6.123993,50.764459],[6.125084,50.76468],[6.125609,50.764875]],[[6.113829,50.758704],[6.114552,50.758928],[6.115106,50.75921],[6.117119,50.760579]],[[6.107292,50.75731],[6.110451,50.758414]],[[6.106182,50.756916],[6.107161,50.757263]],[[6.120195,50.762633],[6.121591,50.76345],[6.122839,50.764066]],[[6.125843,50.7649],[6.12616,50.765154],[6.12641,50.765467]],[[6.125689,50.765017],[6.125372,50.764865],[6.124971,50.764732],[6.123752,50.764477]],[[6.103101,50.754037],[6.103607,50.754565]],[[6.098986,50.752699],[6.099904,50.752997]],[[6.118547,50.76154],[6.1196,50.762245]],[[6.118346,50.761403],[6.118547,50.76154]],[[6.108609,50.758175],[6.108868,50.757859]],[[6.102558,50.753649],[6.103101,50.754037]],[[6.103946,50.75498],[6.105011,50.754657],[6.105137,50.75483],[6.104786,50.754934]],[[6.100862,50.753168],[6.101502,50.753266],[6.102068,50.75342]],[[6.111583,50.758655],[6.112416,50.758654]],[[6.103789,50.754785],[6.104703,50.755951],[6.104984,50.756238]],[[6.105322,50.756497],[6.105804,50.75676],[6.106182,50.756916]],[[6.125251,50.764641],[6.125372,50.76468]],[[6.125372,50.76468],[6.125717,50.764826]],[[6.126253,50.765516],[6.125993,50.765223],[6.125689,50.765017]],[[6.12641,50.765467],[6.12676,50.765882]],[[6.1196,50.762245],[6.120195,50.762633]],[[6.122839,50.764066],[6.12319,50.76422]],[[6.123306,50.764265],[6.123461,50.764321]],[[6.12319,50.76422],[6.123306,50.764265]],[[6.123461,50.764321],[6.123823,50.764347]],[[6.123752,50.764477],[6.123461,50.764321]],[[6.125717,50.764826],[6.125843,50.7649]],[[6.126758,50.766138],[6.126634,50.765995]],[[6.12676,50.765882],[6.126962,50.766051]],[[6.107161,50.757263],[6.107292,50.75731]],[[6.110451,50.758414],[6.110844,50.758537],[6.111237,50.758621]],[[6.111237,50.758621],[6.111583,50.758655]],[[6.113458,50.758656],[6.113829,50.758704]],[[6.117119,50.760579],[6.118346,50.761403]],[[6.099904,50.752997],[6.100862,50.753168]],[[6.102068,50.75342],[6.102558,50.753649]],[[6.103607,50.754565],[6.103789,50.754785]],[[6.104984,50.756238],[6.105322,50.756497]]]},"id":533},{"type":"Feature","properties":{"id":"0omsqhi","name":"Rutherford","kind":"path","district":"richterich","level":"richterich-5","importance":243,"center":[6.015632,50.832152],"length":485},"geometry":{"type":"LineString","coordinates":[[6.01794,50.832596],[6.014703,50.832221],[6.014753,50.832049],[6.018043,50.832432]]},"id":534},{"type":"Feature","properties":{"id":"0on34sn","name":"Holsteinstraße","kind":"minor","district":"aachen-mitte","level":"aachen-mitte-26","importance":1069,"center":[6.111966,50.774087],"length":138},"geometry":{"type":"MultiLineString","coordinates":[[[6.112707,50.774145],[6.112326,50.774116]],[[6.112326,50.774116],[6.110764,50.773995]]]},"id":535},{"type":"Feature","properties":{"id":"0op7wxs","name":"Gartenstraße","kind":"minor","district":"aachen-mitte","level":"aachen-mitte-14","importance":1148,"center":[6.071053,50.7716],"length":295},"geometry":{"type":"MultiLineString","coordinates":[[[6.070918,50.77233],[6.071126,50.77129],[6.070249,50.770351],[6.0702,50.770212]],[[6.070725,50.772828],[6.070655,50.773198]]]},"id":536},{"type":"Feature","properties":{"id":"0oprhn4","name":"Scheidstraße","kind":"minor","district":"kornelimuenster-walheim","level":"kornelimuenster-walheim-5","importance":1291,"center":[6.128491,50.717133],"length":582},"geometry":{"type":"MultiLineString","coordinates":[[[6.131673,50.715685],[6.131234,50.716078],[6.130665,50.716309]],[[6.128349,50.717225],[6.126643,50.718332],[6.127429,50.719237]],[[6.130665,50.716309],[6.128873,50.716896],[6.128349,50.717225]]]},"id":537},{"type":"Feature","properties":{"id":"0oqd6nf","name":"Waldenburger Straße","kind":"minor","district":"aachen-mitte","level":"aachen-mitte-37","importance":1065,"center":[6.141469,50.752957],"length":131},"geometry":{"type":"LineString","coordinates":[[6.140797,50.753315],[6.142232,50.752567]]},"id":538},{"type":"Feature","properties":{"id":"0oqs52w","name":"Freunder Weg","kind":"minor","district":"aachen-mitte","level":"aachen-mitte-33","importance":1425,"center":[6.125627,50.770434],"length":850},"geometry":{"type":"MultiLineString","coordinates":[[[6.11984,50.770984],[6.120038,50.770898],[6.121265,50.770862],[6.122569,50.770757],[6.126706,50.770302],[6.127471,50.770165],[6.128167,50.769984],[6.129297,50.769771],[6.130551,50.769226]],[[6.131025,50.76893],[6.131126,50.768837]],[[6.130551,50.769226],[6.130755,50.769121]],[[6.130755,50.769121],[6.131025,50.76893]]]},"id":539},{"type":"Feature","properties":{"id":"0oquh5y","name":"Heussstraße","kind":"minor","district":"brand","level":"brand-2","importance":1229,"center":[6.15563,50.751898],"length":457},"geometry":{"type":"MultiLineString","coordinates":[[[6.154103,50.750932],[6.155466,50.751833]],[[6.155398,50.751786],[6.156253,50.751331],[6.156417,50.751487]],[[6.156482,50.752674],[6.156684,50.752861]],[[6.155584,50.751924],[6.156482,50.752674]],[[6.155466,50.751833],[6.155584,50.751924]],[[6.156417,50.751487],[6.155584,50.751924]]]},"id":540},{"type":"Feature","properties":{"id":"0ovbps7","name":"Rathausstraße","kind":"major","district":"laurensberg","level":"laurensberg-1","importance":3573,"center":[6.05546,50.798807],"length":1146},"geometry":{"type":"MultiLineString","coordinates":[[[6.052733,50.799329],[6.053751,50.799136]],[[6.049236,50.800786],[6.051166,50.799678],[6.051612,50.799544],[6.052733,50.799329]],[[6.051612,50.799544],[6.051732,50.799735]],[[6.053751,50.799136],[6.053825,50.799121]],[[6.054915,50.798913],[6.058782,50.798165]],[[6.054204,50.799048],[6.054915,50.798913]],[[6.054204,50.799048],[6.053969,50.799117],[6.053825,50.799121]],[[6.053825,50.799121],[6.054047,50.799052],[6.054204,50.799048]],[[6.060335,50.797863],[6.060375,50.797821],[6.060499,50.797795],[6.060754,50.797785]],[[6.060754,50.797785],[6.060398,50.797873],[6.060335,50.797863]],[[6.060754,50.797785],[6.062567,50.797443]],[[6.062567,50.797443],[6.062854,50.797391],[6.063052,50.797409]],[[6.058942,50.798134],[6.060335,50.797863]],[[6.058782,50.798165],[6.058942,50.798134]]]},"id":541},{"type":"Feature","properties":{"id":"0p214vi","name":"Am Beverbach","kind":"minor","district":"aachen-mitte","level":"aachen-mitte-29","importance":1101,"center":[6.115513,50.761612],"length":202},"geometry":{"type":"LineString","coordinates":[[6.116524,50.761033],[6.116118,50.761378],[6.114894,50.761849],[6.114488,50.762073],[6.114409,50.762198]]},"id":542},{"type":"Feature","properties":{"id":"0p3kp3u","name":"Elsassstraße","kind":"minor","district":"aachen-mitte","level":"aachen-mitte-26","importance":1583,"center":[6.11911,50.775638],"length":1166},"geometry":{"type":"MultiLineString","coordinates":[[[6.113117,50.772135],[6.113288,50.772202],[6.11431,50.772796],[6.114531,50.772963],[6.115438,50.773493],[6.115651,50.773539],[6.116184,50.773513]],[[6.116207,50.773918],[6.116184,50.773513]],[[6.122535,50.778514],[6.121442,50.777205],[6.121149,50.776969],[6.119988,50.776206]],[[6.11964,50.775969],[6.117749,50.774805],[6.116207,50.773918]],[[6.124145,50.779509],[6.123326,50.779139],[6.122968,50.778906]],[[6.122594,50.77858],[6.122535,50.778514]],[[6.122968,50.778906],[6.122594,50.77858]],[[6.119988,50.776206],[6.11964,50.775969]]]},"id":543},{"type":"Feature","properties":{"id":"0p46em8","name":"Marktstraße","kind":"minor","district":"brand","level":"brand-4","importance":1064,"center":[6.161265,50.74812],"length":129},"geometry":{"type":"MultiLineString","coordinates":[[[6.16076,50.747899],[6.161316,50.748142]],[[6.161316,50.748142],[6.16197,50.748433]],[[6.162089,50.748473],[6.162166,50.748487]],[[6.16197,50.748433],[6.162089,50.748473]],[[6.160651,50.747851],[6.16076,50.747899]]]},"id":544},{"type":"Feature","properties":{"id":"0p66gsz","name":"Sonnenhutweg","kind":"path","district":"aachen-mitte","level":"aachen-mitte-39","importance":76,"center":[6.064905,50.765428],"length":152},"geometry":{"type":"LineString","coordinates":[[6.064303,50.765063],[6.065857,50.766011]]},"id":545},{"type":"Feature","properties":{"id":"0p6xb6b","name":"Lufter Weg","kind":"path","district":"kornelimuenster-walheim","level":"kornelimuenster-walheim-9","importance":121,"center":[6.170881,50.732924],"length":242},"geometry":{"type":"MultiLineString","coordinates":[[[6.170346,50.732331],[6.169878,50.732013]],[[6.171699,50.733839],[6.171004,50.733118],[6.170758,50.73273],[6.170346,50.732331]]]},"id":546},{"type":"Feature","properties":{"id":"0p8a56p","name":"Am Sonnenlehen","kind":"minor","district":"richterich","level":"richterich-3","importance":1053,"center":[6.062937,50.809899],"length":107},"geometry":{"type":"LineString","coordinates":[[6.062854,50.809455],[6.06302,50.810344],[6.062985,50.810407]]},"id":547},{"type":"Feature","properties":{"id":"0pepv0r","name":"An der Haupttribüne","kind":"minor","district":"aachen-mitte","level":"aachen-mitte-23","importance":1085,"center":[6.093159,50.789821],"length":170},"geometry":{"type":"MultiLineString","coordinates":[[[6.09288,50.789306],[6.093586,50.790593]],[[6.092777,50.78915],[6.09288,50.789306]]]},"id":548},{"type":"Feature","properties":{"id":"0phql58","name":"Rolandplatz","kind":"minor","district":"aachen-mitte","level":"aachen-mitte-15","importance":1059,"center":[6.092478,50.784783],"length":118},"geometry":{"type":"LineString","coordinates":[[6.092728,50.784609],[6.092651,50.784735],[6.092438,50.784785],[6.092291,50.784747],[6.092193,50.784613],[6.092313,50.784475],[6.092477,50.784447],[6.092634,50.784488],[6.092728,50.784609]]},"id":549},{"type":"Feature","properties":{"id":"0pkpwfq","name":"Alter Schlachthof","kind":"minor","district":"aachen-mitte","level":"aachen-mitte-26","importance":1058,"center":[6.11166,50.788893],"length":116},"geometry":{"type":"LineString","coordinates":[[6.112191,50.789323],[6.111178,50.788503]]},"id":550},{"type":"Feature","properties":{"id":"0pnb1h8","name":"Virchowstraße","kind":"minor","district":"aachen-mitte","level":"aachen-mitte-29","importance":1063,"center":[6.119359,50.768609],"length":125},"geometry":{"type":"LineString","coordinates":[[6.118769,50.768288],[6.119488,50.768686],[6.119999,50.769093]]},"id":551},{"type":"Feature","properties":{"id":"0pnqlp7","name":"Süsterfeldwinkel","kind":"minor","district":"aachen-mitte","level":"aachen-mitte-19","importance":1230,"center":[6.059589,50.787058],"length":461},"geometry":{"type":"MultiLineString","coordinates":[[[6.060214,50.786301],[6.058885,50.786613],[6.061606,50.788336]],[[6.059274,50.786855],[6.060214,50.786301]]]},"id":552},{"type":"Feature","properties":{"id":"0pnriuj","name":"Debyestraße","kind":"major","district":"eilendorf","level":"eilendorf-1","importance":4000,"center":[6.158295,50.762527],"length":2129},"geometry":{"type":"MultiLineString","coordinates":[[[6.149669,50.755997],[6.149941,50.756259]],[[6.163556,50.765719],[6.165092,50.764583]],[[6.164747,50.766407],[6.165816,50.76702],[6.166246,50.767165],[6.166769,50.767255],[6.16708,50.76727],[6.167394,50.767261],[6.167928,50.76718]],[[6.149941,50.756259],[6.150035,50.756349]],[[6.149642,50.75617],[6.149302,50.756159]],[[6.155502,50.760831],[6.156545,50.761477]],[[6.150008,50.75585],[6.149943,50.75605]],[[6.150901,50.757074],[6.152206,50.758196]],[[6.152206,50.758196],[6.152646,50.758574]],[[6.152646,50.758574],[6.153031,50.758911]],[[6.153031,50.758911],[6.154116,50.759834]],[[6.154116,50.759834],[6.155502,50.760831]],[[6.156545,50.761477],[6.158892,50.762894]],[[6.158892,50.762894],[6.159532,50.763267]],[[6.159532,50.763267],[6.160199,50.763668]],[[6.160199,50.763668],[6.162729,50.765198]],[[6.162729,50.765198],[6.163931,50.765934]],[[6.163931,50.765934],[6.164747,50.766407]],[[6.150565,50.756803],[6.150901,50.757074]],[[6.149943,50.75605],[6.149941,50.756259]],[[6.149941,50.756259],[6.149642,50.75617]],[[6.167928,50.76718],[6.1682,50.767161],[6.168429,50.767208]],[[6.150035,50.756349],[6.150565,50.756803]]]},"id":553},{"type":"Feature","properties":{"id":"0po7me6","name":"Saarstraße","kind":"major","district":"aachen-mitte","level":"aachen-mitte-3","importance":3421,"center":[6.082465,50.782007],"length":841},"geometry":{"type":"MultiLineString","coordinates":[[[6.077726,50.781664],[6.077881,50.781683]],[[6.078567,50.78127],[6.078592,50.781438],[6.0792,50.781775],[6.079246,50.781917]],[[6.078474,50.781873],[6.079246,50.781917]],[[6.079246,50.781917],[6.080036,50.782077],[6.080496,50.782096]],[[6.080496,50.782096],[6.081142,50.782085],[6.082102,50.782001],[6.083631,50.782061],[6.086525,50.782032]],[[6.086525,50.782032],[6.087938,50.781958]],[[6.087938,50.781958],[6.088202,50.78188]],[[6.077881,50.781683],[6.078474,50.781873]]]},"id":554},{"type":"Feature","properties":{"id":"0poji0y","name":"Kohlweg","kind":"minor","district":"richterich","level":"richterich-3","importance":1049,"center":[6.064663,50.813839],"length":99},"geometry":{"type":"LineString","coordinates":[[6.06417,50.813522],[6.065156,50.814155]]},"id":555},{"type":"Feature","properties":{"id":"0poofh6","name":"Apolloniastraße","kind":"minor","district":"eilendorf","level":"eilendorf-5","importance":1352,"center":[6.171499,50.779046],"length":704},"geometry":{"type":"MultiLineString","coordinates":[[[6.174382,50.780196],[6.174084,50.779952],[6.173822,50.779833]],[[6.172649,50.779371],[6.172063,50.779957],[6.171971,50.780005]],[[6.170501,50.778924],[6.169746,50.779938]],[[6.173822,50.779833],[6.172381,50.779274],[6.171694,50.779073],[6.169418,50.778809],[6.168868,50.778905]],[[6.170188,50.779384],[6.170973,50.779612]]]},"id":556},{"type":"Feature","properties":{"id":"0pputco","name":"Professor-Pirlet-Straße","kind":"minor","district":"aachen-mitte","level":"aachen-mitte-18","importance":1286,"center":[6.071041,50.779004],"length":572},"geometry":{"type":"MultiLineString","coordinates":[[[6.073825,50.777608],[6.07344,50.777786]],[[6.073048,50.778157],[6.072474,50.778494],[6.071259,50.778911],[6.070393,50.779284],[6.069843,50.779591],[6.06889,50.77993]],[[6.07344,50.777786],[6.073734,50.777517]],[[6.07344,50.777786],[6.073048,50.778157]],[[6.06889,50.77993],[6.067693,50.780381]]]},"id":557},{"type":"Feature","properties":{"id":"0pqdxyj","name":"Augustinerplatz","kind":"square","district":"aachen-mitte","level":"aachen-mitte-1","importance":3000,"center":[6.081077,50.776206],"length":0},"geometry":{"type":"Polygon","coordinates":[[[6.081037,50.775863],[6.080953,50.775924],[6.081138,50.776026],[6.080628,50.776371],[6.080708,50.776423],[6.080842,50.776342],[6.081028,50.776475],[6.081498,50.776121],[6.081037,50.775863]]]},"id":558},{"type":"Feature","properties":{"id":"0prfbk8","name":"Buschbenden","kind":"minor","district":"eilendorf","level":"eilendorf-5","importance":1129,"center":[6.172799,50.778427],"length":257},"geometry":{"type":"MultiLineString","coordinates":[[[6.172045,50.779172],[6.172477,50.778709],[6.1726,50.778689],[6.173041,50.778108],[6.17314,50.778092],[6.174118,50.778344]],[[6.17424,50.778407],[6.174118,50.778344]],[[6.174118,50.778344],[6.174261,50.778149]]]},"id":559},{"type":"Feature","properties":{"id":"0ptz7vh","name":"Grüner Weg","kind":"major","district":"aachen-mitte","level":"aachen-mitte-6","importance":4000,"center":[6.106092,50.790195],"length":2358},"geometry":{"type":"MultiLineString","coordinates":[[[6.098592,50.784122],[6.099098,50.78455]],[[6.106125,50.796638],[6.108253,50.795364],[6.110423,50.794223]],[[6.111725,50.794841],[6.112174,50.795254]],[[6.111342,50.79451],[6.11122,50.794461],[6.110785,50.794116],[6.110746,50.794031]],[[6.103809,50.788358],[6.104403,50.788098],[6.103904,50.78744],[6.102998,50.786458]],[[6.111525,50.794657],[6.111725,50.794841]],[[6.09921,50.784642],[6.103531,50.788119]],[[6.110397,50.793734],[6.110746,50.794031]],[[6.103809,50.788358],[6.105687,50.789878]],[[6.103531,50.788119],[6.103809,50.788358]],[[6.110423,50.794223],[6.110746,50.794031]],[[6.110746,50.794031],[6.110866,50.794082],[6.111292,50.794433],[6.111342,50.79451]],[[6.111342,50.79451],[6.111525,50.794657]],[[6.099098,50.78455],[6.09921,50.784642]],[[6.106663,50.790642],[6.110397,50.793734]],[[6.105687,50.789878],[6.106663,50.790642]],[[6.112174,50.795254],[6.112331,50.795333]],[[6.098454,50.784004],[6.098592,50.784122]]]},"id":560},{"type":"Feature","properties":{"id":"0pugsia","name":"Engelbertstraße","kind":"minor","district":"aachen-mitte","level":"aachen-mitte-33","importance":1234,"center":[6.134658,50.765342],"length":468},"geometry":{"type":"LineString","coordinates":[[6.132367,50.763917],[6.133576,50.765023],[6.133771,50.76512],[6.137756,50.766098]]},"id":561},{"type":"Feature","properties":{"id":"0q22u8d","name":"Rottstraße","kind":"major","district":"aachen-mitte","level":"aachen-mitte-7","importance":3348,"center":[6.129548,50.778172],"length":696},"geometry":{"type":"MultiLineString","coordinates":[[[6.125774,50.7761],[6.126273,50.776372]],[[6.127169,50.776989],[6.127692,50.777303],[6.129714,50.778243],[6.130865,50.778683],[6.133226,50.779474]],[[6.133515,50.779584],[6.133793,50.779691]],[[6.133226,50.779474],[6.133515,50.779584]],[[6.1266,50.776605],[6.127169,50.776989]],[[6.126273,50.776372],[6.1266,50.776605]]]},"id":562},{"type":"Feature","properties":{"id":"0q5xlr8","name":"Am Weißenberg","kind":"minor","district":"aachen-mitte","level":"aachen-mitte-18","importance":1268,"center":[6.066981,50.774803],"length":536},"geometry":{"type":"LineString","coordinates":[[6.070466,50.775499],[6.070384,50.775394],[6.070224,50.775323],[6.068586,50.774769],[6.068396,50.774737],[6.067859,50.77472],[6.066317,50.774845],[6.06561,50.774829],[6.064635,50.77473],[6.063465,50.774496],[6.063324,50.77444]]},"id":563},{"type":"Feature","properties":{"id":"0q7vlt5","name":"Nievelshecker Straße","kind":"minor","district":"kornelimuenster-walheim","level":"kornelimuenster-walheim-6","importance":1067,"center":[6.148053,50.726135],"length":134},"geometry":{"type":"LineString","coordinates":[[6.1484,50.725898],[6.147117,50.726786]]},"id":564},{"type":"Feature","properties":{"id":"0q81gs3","name":"Mattschö-Moll-Weg","kind":"minor","district":"aachen-mitte","level":"aachen-mitte-21","importance":1232,"center":[6.075144,50.763351],"length":463},"geometry":{"type":"MultiLineString","coordinates":[[[6.073467,50.762514],[6.074484,50.762819],[6.0743,50.763092],[6.074321,50.763125],[6.075114,50.763333],[6.075366,50.763577],[6.07598,50.763438],[6.076633,50.764002]],[[6.074484,50.762819],[6.075461,50.763074],[6.075657,50.76317],[6.07598,50.763438]]]},"id":565},{"type":"Feature","properties":{"id":"0q8qt2o","name":"Philipp-Neri-Weg","kind":"path","district":"laurensberg","level":"laurensberg-9","importance":159,"center":[6.040289,50.771872],"length":319},"geometry":{"type":"MultiLineString","coordinates":[[[6.041665,50.771856],[6.040651,50.771869]],[[6.040605,50.771869],[6.040592,50.771096],[6.040626,50.770873]],[[6.038866,50.771781],[6.03878,50.771735]],[[6.040651,50.771869],[6.039148,50.771878],[6.038866,50.771781]]]},"id":566},{"type":"Feature","properties":{"id":"0q9j91q","name":"Alter Tivoli","kind":"minor","district":"aachen-mitte","level":"aachen-mitte-23","importance":1094,"center":[6.09414,50.789673],"length":189},"geometry":{"type":"MultiLineString","coordinates":[[[6.093595,50.789006],[6.094012,50.789423],[6.094527,50.790389]],[[6.093437,50.788849],[6.093595,50.789006]]]},"id":567},{"type":"Feature","properties":{"id":"0qczwgs","name":"Alte Vaalser Straße","kind":"minor","district":"laurensberg","level":"laurensberg-4","importance":1667,"center":[6.029745,50.768668],"length":1335},"geometry":{"type":"MultiLineString","coordinates":[[[6.035607,50.769725],[6.035612,50.769635]],[[6.024306,50.769074],[6.024418,50.769071]],[[6.023295,50.768926],[6.023257,50.76874],[6.022953,50.768399],[6.022492,50.767637]],[[6.023295,50.768926],[6.0238,50.76905],[6.024306,50.769074]],[[6.02802,50.768965],[6.026265,50.769099]],[[6.035508,50.76913],[6.036427,50.769607],[6.036928,50.769628]],[[6.035599,50.769415],[6.035832,50.769419],[6.035958,50.769547],[6.036052,50.769588],[6.036148,50.769576],[6.036225,50.769516]],[[6.035612,50.769635],[6.035557,50.769303],[6.035435,50.769168],[6.035128,50.76902],[6.03279,50.76837],[6.032175,50.76826],[6.031726,50.768256],[6.031316,50.768303],[6.029494,50.768721],[6.02802,50.768965]],[[6.022492,50.767637],[6.023061,50.7675]],[[6.024953,50.769011],[6.024418,50.769071]],[[6.026265,50.769099],[6.025772,50.76912],[6.024953,50.769011]]]},"id":568},{"type":"Feature","properties":{"id":"0qf1cxl","name":"Seilgraben","kind":"major","district":"aachen-mitte","level":"aachen-mitte-2","importance":3181,"center":[6.086204,50.778389],"length":363},"geometry":{"type":"MultiLineString","coordinates":[[[6.084473,50.778622],[6.085581,50.778472]],[[6.086465,50.778637],[6.086127,50.778597]],[[6.086465,50.778637],[6.086483,50.778349]],[[6.086483,50.778349],[6.087518,50.778249],[6.087868,50.778116],[6.088135,50.777967]],[[6.085581,50.778472],[6.086483,50.778349]],[[6.084863,50.778563],[6.084757,50.778259]]]},"id":569},{"type":"Feature","properties":{"id":"0qidyj7","name":"Prunkweg","kind":"minor","district":"eilendorf","level":"eilendorf-5","importance":1528,"center":[6.161508,50.792388],"length":1057},"geometry":{"type":"MultiLineString","coordinates":[[[6.165889,50.789716],[6.165867,50.78966],[6.165768,50.789617],[6.165536,50.789565],[6.164279,50.789319],[6.163897,50.789291]],[[6.163639,50.789328],[6.163311,50.789547],[6.162801,50.790011],[6.162555,50.790372],[6.162593,50.790431],[6.16303,50.790645],[6.16306,50.790714]],[[6.16306,50.790714],[6.163052,50.790801],[6.162943,50.790942],[6.161938,50.791984]],[[6.161683,50.792254],[6.161432,50.792433],[6.160913,50.792612],[6.158386,50.793082],[6.157282,50.793224]],[[6.155126,50.793605],[6.155085,50.793627]],[[6.163897,50.789291],[6.163639,50.789328]],[[6.157282,50.793224],[6.155126,50.793605]],[[6.161938,50.791984],[6.161683,50.792254]]]},"id":570},{"type":"Feature","properties":{"id":"0qlfc4p","name":"Knipp","kind":"minor","district":"kornelimuenster-walheim","level":"kornelimuenster-walheim-4","importance":1381,"center":[6.193991,50.712897],"length":762},"geometry":{"type":"MultiLineString","coordinates":[[[6.19093,50.715053],[6.191405,50.714762],[6.192502,50.713947],[6.192957,50.713791],[6.193502,50.713379],[6.194238,50.712696],[6.194395,50.712652],[6.19465,50.712693],[6.1947,50.712659]],[[6.195316,50.712368],[6.195436,50.712173]],[[6.195436,50.712173],[6.195917,50.712412],[6.196186,50.712593],[6.1964,50.713195]],[[6.195436,50.712173],[6.195497,50.711817],[6.195597,50.711675]],[[6.1947,50.712659],[6.19482,50.71258]],[[6.19482,50.71258],[6.195112,50.712518],[6.195316,50.712368]],[[6.195597,50.711675],[6.195775,50.711432]],[[6.1964,50.713195],[6.196044,50.71344],[6.196008,50.713511],[6.196106,50.713687]]]},"id":571},{"type":"Feature","properties":{"id":"0qoeu76","name":"An der Weide","kind":"minor","district":"haaren","level":"haaren-2","importance":1202,"center":[6.155731,50.799615],"length":404},"geometry":{"type":"MultiLineString","coordinates":[[[6.157555,50.797985],[6.157033,50.798475],[6.156812,50.798806],[6.156523,50.799073],[6.155156,50.800007]],[[6.155156,50.800007],[6.154006,50.800817]]]},"id":572},{"type":"Feature","properties":{"id":"0qqk31r","name":"Valkenburger Straße","kind":"major","district":"laurensberg","level":"laurensberg-1","importance":3329,"center":[6.05274,50.773705],"length":659},"geometry":{"type":"MultiLineString","coordinates":[[[6.049897,50.773234],[6.050827,50.773321]],[[6.04818,50.773211],[6.048943,50.773153],[6.049268,50.773155],[6.049897,50.773234]],[[6.056939,50.774348],[6.057262,50.774333]],[[6.054162,50.774042],[6.055107,50.774233],[6.056077,50.774325]],[[6.050827,50.773321],[6.05153,50.773441],[6.052696,50.773695]],[[6.052696,50.773695],[6.053749,50.773942]],[[6.053749,50.773942],[6.054162,50.774042]],[[6.056077,50.774325],[6.056939,50.774348]]]},"id":573},{"type":"Feature","properties":{"id":"0qruykh","name":"Adalbertsberg","kind":"minor","district":"aachen-mitte","level":"aachen-mitte-13","importance":1054,"center":[6.092257,50.773788],"length":108},"geometry":{"type":"MultiLineString","coordinates":[[[6.092429,50.773443],[6.092085,50.774134]],[[6.092085,50.774134],[6.091984,50.774368]]]},"id":574},{"type":"Feature","properties":{"id":"0qv0fqk","name":"Alkuinstraße","kind":"minor","district":"aachen-mitte","level":"aachen-mitte-23","importance":1243,"center":[6.098674,50.787751],"length":486},"geometry":{"type":"LineString","coordinates":[[6.096639,50.786316],[6.097973,50.787182],[6.098575,50.787658],[6.09896,50.788058],[6.099126,50.788344],[6.099173,50.78872],[6.099025,50.78905],[6.09892,50.789185],[6.098673,50.789397],[6.098367,50.789566],[6.097784,50.789683]]},"id":575},{"type":"Feature","properties":{"id":"0r0cjwx","name":"Am Gastes","kind":"minor","district":"haaren","level":"haaren-5","importance":1139,"center":[6.122483,50.79305],"length":278},"geometry":{"type":"MultiLineString","coordinates":[[[6.123613,50.793041],[6.122811,50.792723],[6.122156,50.793377],[6.122933,50.793703]],[[6.122811,50.792723],[6.123194,50.792313],[6.12327,50.792281]]]},"id":576},{"type":"Feature","properties":{"id":"0r168em","name":"Im Krähenfeld","kind":"minor","district":"brand","level":"brand-5","importance":1060,"center":[6.166916,50.742668],"length":121},"geometry":{"type":"LineString","coordinates":[[6.166357,50.742431],[6.166759,50.742582],[6.167074,50.742755],[6.167252,50.74291],[6.167491,50.743207]]},"id":577},{"type":"Feature","properties":{"id":"0r35slf","name":"Im Erb","kind":"minor","district":"brand","level":"brand-3","importance":1143,"center":[6.167475,50.75706],"length":287},"geometry":{"type":"MultiLineString","coordinates":[[[6.166417,50.757134],[6.167087,50.756856],[6.167996,50.757221],[6.167516,50.757455]],[[6.167087,50.756856],[6.166921,50.756709]],[[6.167996,50.757221],[6.168324,50.757438]],[[6.168324,50.757438],[6.167771,50.757691]],[[6.167534,50.757032],[6.167415,50.757088]]]},"id":578},{"type":"Feature","properties":{"id":"0r3dp38","name":"Rotsiefweg","kind":"path","district":"aachen-mitte","level":"aachen-mitte-40","importance":157,"center":[6.086626,50.72459],"length":315},"geometry":{"type":"MultiLineString","coordinates":[[[6.089429,50.724741],[6.087958,50.724659]],[[6.089746,50.724762],[6.089642,50.724755]],[[6.089642,50.724755],[6.089429,50.724741]],[[6.087958,50.724659],[6.085294,50.724521]]]},"id":579},{"type":"Feature","properties":{"id":"0rb3pa1","name":"Hubert-Wienen-Straße","kind":"minor","district":"laurensberg","level":"laurensberg-8","importance":1584,"center":[6.100427,50.797441],"length":1168},"geometry":{"type":"MultiLineString","coordinates":[[[6.099398,50.794603],[6.099862,50.795502],[6.100183,50.795899],[6.100643,50.796314],[6.102142,50.797404],[6.10315,50.798377],[6.103208,50.798478],[6.10325,50.799114]],[[6.101561,50.796972],[6.10021,50.797526],[6.100027,50.797556],[6.096391,50.79756],[6.096136,50.797598]],[[6.102251,50.797499],[6.101688,50.797763],[6.10161,50.797942],[6.10172,50.798124],[6.102093,50.798483],[6.102205,50.798641],[6.102234,50.798864]]]},"id":580},{"type":"Feature","properties":{"id":"0rdaukh","name":"Wendelinstraße","kind":"minor","district":"brand","level":"brand-6","importance":1314,"center":[6.171478,50.742732],"length":629},"geometry":{"type":"MultiLineString","coordinates":[[[6.170643,50.74363],[6.170866,50.743333]],[[6.170866,50.743333],[6.17194,50.743732]],[[6.17194,50.743732],[6.172072,50.743779]],[[6.170866,50.743333],[6.170835,50.743164],[6.170564,50.742711],[6.170288,50.74241],[6.169887,50.7422],[6.169839,50.742124],[6.169907,50.74207],[6.17007,50.742083],[6.170479,50.742307],[6.172477,50.743158],[6.172658,50.743286],[6.172736,50.743387],[6.172769,50.74361],[6.17265,50.744072]]]},"id":581},{"type":"Feature","properties":{"id":"0re816d","name":"Petronellastraße","kind":"minor","district":"aachen-mitte","level":"aachen-mitte-30","importance":1060,"center":[6.1054,50.757981],"length":120},"geometry":{"type":"LineString","coordinates":[[6.105991,50.758207],[6.105747,50.758162],[6.105575,50.758091],[6.105226,50.75787],[6.104773,50.75749]]},"id":582},{"type":"Feature","properties":{"id":"0rfc2qk","name":"Marienburger Straße","kind":"minor","district":"aachen-mitte","level":"aachen-mitte-36","importance":1050,"center":[6.140499,50.757379],"length":100},"geometry":{"type":"LineString","coordinates":[[6.140819,50.757752],[6.140564,50.757487],[6.140278,50.756928]]},"id":583},{"type":"Feature","properties":{"id":"0rftfwc","name":"Lesegarten","kind":"square","district":"aachen-mitte","level":"aachen-mitte-6","importance":3000,"center":[6.059914,50.77839],"length":0},"geometry":{"type":"Polygon","coordinates":[[[6.059812,50.778464],[6.059891,50.778481],[6.059985,50.778305],[6.059905,50.778288],[6.059812,50.778464]]]},"id":584},{"type":"Feature","properties":{"id":"0rg7wpk","name":"Kullenhofwinkel","kind":"path","district":"laurensberg","level":"laurensberg-9","importance":74,"center":[6.040937,50.774356],"length":149},"geometry":{"type":"LineString","coordinates":[[6.041448,50.774742],[6.041435,50.774397],[6.041391,50.774369],[6.04056,50.774358],[6.040503,50.7744],[6.040505,50.774765]]},"id":585},{"type":"Feature","properties":{"id":"0rh0bmf","name":"Im Ring","kind":"minor","district":"laurensberg","level":"laurensberg-8","importance":1069,"center":[6.066896,50.803752],"length":138},"geometry":{"type":"LineString","coordinates":[[6.065967,50.804115],[6.066181,50.8041],[6.066427,50.804009],[6.067108,50.803636],[6.06747,50.803365]]},"id":586},{"type":"Feature","properties":{"id":"0rhjuuy","name":"Johannes-Ernst-Platz","kind":"square","district":"aachen-mitte","level":"aachen-mitte-6","importance":3000,"center":[6.060215,50.765899],"length":0},"geometry":{"type":"Polygon","coordinates":[[[6.060111,50.766115],[6.060059,50.765763],[6.060359,50.765749],[6.06041,50.766099],[6.060111,50.766115]]]},"id":587},{"type":"Feature","properties":{"id":"0rir01m","name":"Bergfeld","kind":"minor","district":"kornelimuenster-walheim","level":"kornelimuenster-walheim-2","importance":1241,"center":[6.15972,50.695031],"length":481},"geometry":{"type":"LineString","coordinates":[[6.161951,50.693754],[6.160383,50.694484],[6.160155,50.694614],[6.159827,50.694891],[6.159149,50.695933],[6.159148,50.696013],[6.159438,50.696192],[6.159545,50.696384],[6.159227,50.696981],[6.159241,50.697118],[6.159323,50.697217]]},"id":588},{"type":"Feature","properties":{"id":"0rlkd1y","name":"Granitweg","kind":"minor","district":"haaren","level":"haaren-4","importance":1075,"center":[6.128529,50.801809],"length":150},"geometry":{"type":"MultiLineString","coordinates":[[[6.128355,50.801815],[6.129178,50.801799],[6.129541,50.801959]],[[6.128355,50.801815],[6.128195,50.801823],[6.1276,50.802055]]]},"id":589},{"type":"Feature","properties":{"id":"0rm13da","name":"Rommelsgasse","kind":"square","district":"aachen-mitte","level":"aachen-mitte-1","importance":3000,"center":[6.08502,50.775758],"length":0},"geometry":{"type":"Polygon","coordinates":[[[6.085033,50.77572],[6.084807,50.775784],[6.084847,50.77585],[6.085184,50.775721],[6.085115,50.775697],[6.085033,50.77572]]]},"id":590},{"type":"Feature","properties":{"id":"0rngcr4","name":"Alfons-Gerson-Straße","kind":"minor","district":"kornelimuenster-walheim","level":"kornelimuenster-walheim-8","importance":1237,"center":[6.173217,50.728259],"length":475},"geometry":{"type":"MultiLineString","coordinates":[[[6.17307,50.729804],[6.172733,50.729066],[6.172853,50.728617],[6.173023,50.728377],[6.173412,50.728142],[6.174364,50.727752],[6.174776,50.727516],[6.174967,50.727352]],[[6.173836,50.729249],[6.174657,50.729116]],[[6.172873,50.729406],[6.173836,50.729249]]]},"id":591},{"type":"Feature","properties":{"id":"0rnri3c","name":"Nordstraße","kind":"major","district":"brand","level":"brand-1","importance":4000,"center":[6.167643,50.761915],"length":2686},"geometry":{"type":"MultiLineString","coordinates":[[[6.168392,50.764945],[6.168454,50.764497]],[[6.162611,50.755508],[6.161963,50.754551]],[[6.168454,50.764497],[6.168475,50.763756],[6.168361,50.763168]],[[6.169506,50.768343],[6.169213,50.768055],[6.168849,50.767605]],[[6.168429,50.767208],[6.168493,50.767087],[6.168397,50.766595]],[[6.170155,50.772286],[6.170406,50.771838]],[[6.170406,50.771838],[6.170653,50.771423],[6.170846,50.770942],[6.170899,50.770612],[6.170852,50.770093],[6.170755,50.769798],[6.1704,50.769248],[6.169506,50.768343]],[[6.167913,50.762268],[6.167373,50.761562]],[[6.161963,50.754551],[6.161388,50.75364],[6.159626,50.751563]],[[6.166263,50.760175],[6.166009,50.759847]],[[6.169223,50.77383],[6.169253,50.773759]],[[6.169253,50.773759],[6.169872,50.772713]],[[6.168849,50.767605],[6.168622,50.767315],[6.168429,50.767208]],[[6.168397,50.766595],[6.168346,50.766315],[6.168335,50.765818],[6.168392,50.764945]],[[6.168314,50.763021],[6.16813,50.762616],[6.167913,50.762268]],[[6.167373,50.761562],[6.166263,50.760175]],[[6.166009,50.759847],[6.162611,50.755508]],[[6.169928,50.772622],[6.170155,50.772286]],[[6.169872,50.772713],[6.169928,50.772622]],[[6.168361,50.763168],[6.168314,50.763021]]]},"id":592},{"type":"Feature","properties":{"id":"0rq028l","name":"Schreberstraße","kind":"minor","district":"richterich","level":"richterich-2","importance":1097,"center":[6.060118,50.81722],"length":194},"geometry":{"type":"LineString","coordinates":[[6.059656,50.818041],[6.06058,50.816399]]},"id":593},{"type":"Feature","properties":{"id":"0rqle1x","name":"Jacques-Königstein-Promenade","kind":"path","district":"aachen-mitte","level":"aachen-mitte-38","importance":12,"center":[6.091087,50.780894],"length":25},"geometry":{"type":"LineString","coordinates":[[6.090995,50.78083],[6.09123,50.780995]]},"id":594},{"type":"Feature","properties":{"id":"0rrt0os","name":"Siemensstraße","kind":"minor","district":"aachen-mitte","level":"aachen-mitte-28","importance":1135,"center":[6.055009,50.779141],"length":271},"geometry":{"type":"MultiLineString","coordinates":[[[6.056608,50.778806],[6.055185,50.77913],[6.054834,50.779151],[6.054162,50.779123]],[[6.054162,50.779123],[6.053313,50.77908],[6.052862,50.779142]]]},"id":595},{"type":"Feature","properties":{"id":"0rs5h7r","name":"Wambacher Straße","kind":"minor","district":"haaren","level":"haaren-2","importance":1089,"center":[6.154177,50.799741],"length":177},"geometry":{"type":"LineString","coordinates":[[6.153079,50.799141],[6.154105,50.799712],[6.155156,50.800007]]},"id":596},{"type":"Feature","properties":{"id":"0ruffxs","name":"Veneterstraße","kind":"minor","district":"laurensberg","level":"laurensberg-5","importance":1132,"center":[6.039571,50.7667],"length":264},"geometry":{"type":"MultiLineString","coordinates":[[[6.039712,50.765794],[6.039869,50.766051],[6.039907,50.766694],[6.038846,50.766716],[6.038785,50.766673],[6.038771,50.766448],[6.038602,50.766311]],[[6.039907,50.766694],[6.040401,50.766704]]]},"id":597},{"type":"Feature","properties":{"id":"0rwhsil","name":"Maastrichter Straße","kind":"major","district":"aachen-mitte","level":"aachen-mitte-3","importance":3233,"center":[6.069512,50.775724],"length":465},"geometry":{"type":"MultiLineString","coordinates":[[[6.072468,50.775016],[6.072153,50.775042]],[[6.072153,50.775042],[6.069836,50.775661],[6.068121,50.77596],[6.06766,50.775938]],[[6.068121,50.77596],[6.068096,50.775896],[6.068137,50.775742],[6.06833,50.77567],[6.068516,50.775442],[6.068819,50.775556]],[[6.068516,50.775442],[6.068339,50.775378]]]},"id":598},{"type":"Feature","properties":{"id":"0s0mokd","name":"Jahnplatz","kind":"major","district":"aachen-mitte","level":"aachen-mitte-8","importance":3060,"center":[6.087445,50.750124],"length":119},"geometry":{"type":"MultiLineString","coordinates":[[[6.086849,50.750166],[6.087326,50.750124],[6.087752,50.750141]],[[6.087692,50.75063],[6.087662,50.750522],[6.087752,50.750141]]]},"id":599},{"type":"Feature","properties":{"id":"0s1zc5v","name":"Sandkull","kind":"minor","district":"brand","level":"brand-6","importance":1046,"center":[6.181091,50.753645],"length":92},"geometry":{"type":"LineString","coordinates":[[6.180845,50.753842],[6.181338,50.753448],[6.180943,50.753244]]},"id":600},{"type":"Feature","properties":{"id":"0s275r6","name":"Kirchweidweg","kind":"minor","district":"eilendorf","level":"eilendorf-2","importance":1084,"center":[6.152746,50.778055],"length":169},"geometry":{"type":"LineString","coordinates":[[6.152496,50.77873],[6.152996,50.77738],[6.15306,50.777315],[6.153137,50.777293]]},"id":601},{"type":"Feature","properties":{"id":"0s3a3xf","name":"Rindsbergweg","kind":"path","district":"brand","level":"brand-7","importance":188,"center":[6.158735,50.73493],"length":376},"geometry":{"type":"LineString","coordinates":[[6.160119,50.736149],[6.160041,50.73586],[6.159943,50.735736],[6.159348,50.735393],[6.156847,50.733543]]},"id":602},{"type":"Feature","properties":{"id":"0s42vxh","name":"Limburger Straße","kind":"minor","district":"aachen-mitte","level":"aachen-mitte-21","importance":1243,"center":[6.072467,50.764055],"length":486},"geometry":{"type":"MultiLineString","coordinates":[[[6.071767,50.766224],[6.071971,50.766114],[6.072049,50.765973],[6.072409,50.764241],[6.072526,50.76387],[6.07279,50.763487]],[[6.073087,50.763069],[6.073401,50.762625],[6.073676,50.762092]],[[6.07279,50.763487],[6.07284,50.763412]],[[6.07284,50.763412],[6.073087,50.763069]]]},"id":603},{"type":"Feature","properties":{"id":"0s4evj5","name":"Preusweg","kind":"minor","district":"aachen-mitte","level":"aachen-mitte-28","importance":1780,"center":[6.058469,50.756503],"length":1559},"geometry":{"type":"MultiLineString","coordinates":[[[6.065162,50.760955],[6.065095,50.760886]],[[6.063555,50.759859],[6.063607,50.75977],[6.062972,50.759153]],[[6.052614,50.751664],[6.051547,50.751367]],[[6.065095,50.760886],[6.064462,50.760295],[6.064045,50.760043],[6.063555,50.759859],[6.062754,50.759654],[6.062209,50.759447],[6.061693,50.75914],[6.058943,50.756856],[6.057799,50.756047],[6.057449,50.755685],[6.056849,50.754881],[6.055953,50.753883],[6.054725,50.752693],[6.054341,50.752433],[6.053397,50.751962]],[[6.053199,50.751886],[6.052614,50.751664]],[[6.053397,50.751962],[6.053327,50.751935]],[[6.053327,50.751935],[6.053199,50.751886]]]},"id":604},{"type":"Feature","properties":{"id":"0s6jdoc","name":"Weyhestraße","kind":"minor","district":"aachen-mitte","level":"aachen-mitte-15","importance":1068,"center":[6.080659,50.783171],"length":136},"geometry":{"type":"LineString","coordinates":[[6.079997,50.782559],[6.081076,50.783575]]},"id":605},{"type":"Feature","properties":{"id":"0s6y4ov","name":"Dahmengraben","kind":"minor","district":"aachen-mitte","level":"aachen-mitte-11","importance":1049,"center":[6.08828,50.776149],"length":98},"geometry":{"type":"LineString","coordinates":[[6.088083,50.775727],[6.088258,50.776055],[6.088377,50.776582]]},"id":606},{"type":"Feature","properties":{"id":"0s7nohq","name":"Scheidmühlenweg","kind":"minor","district":"eilendorf","level":"eilendorf-5","importance":1237,"center":[6.153963,50.789986],"length":474},"geometry":{"type":"MultiLineString","coordinates":[[[6.155993,50.788451],[6.155313,50.78908],[6.154834,50.789638],[6.154677,50.789745],[6.154162,50.789948],[6.153391,50.790072],[6.153319,50.790106],[6.153174,50.790461]],[[6.151766,50.791469],[6.152215,50.791282],[6.152365,50.791188],[6.152601,50.790947],[6.153093,50.790598],[6.153174,50.790461]],[[6.151722,50.791498],[6.151766,50.791469]]]},"id":607},{"type":"Feature","properties":{"id":"0s95vwp","name":"Rütscher Straße","kind":"minor","district":"aachen-mitte","level":"aachen-mitte-19","importance":2000,"center":[6.074146,50.791853],"length":2679},"geometry":{"type":"MultiLineString","coordinates":[[[6.073091,50.791567],[6.074647,50.791981],[6.07501,50.792105],[6.07523,50.792223],[6.076398,50.793069],[6.076524,50.793327],[6.076676,50.793852],[6.076648,50.794628],[6.076688,50.794768],[6.076781,50.794879],[6.077251,50.795214],[6.077439,50.795461],[6.077548,50.795879],[6.077537,50.796163],[6.077479,50.796337],[6.077313,50.796698],[6.077032,50.797154]],[[6.070797,50.789833],[6.070866,50.789624],[6.071129,50.789205]],[[6.071577,50.788561],[6.071954,50.788093]],[[6.077004,50.797188],[6.076968,50.797222]],[[6.076968,50.797222],[6.076864,50.797284],[6.076023,50.798131]],[[6.076023,50.798131],[6.075997,50.798172]],[[6.075997,50.798172],[6.076068,50.798506],[6.076885,50.799937]],[[6.071129,50.789205],[6.071577,50.788561]],[[6.070687,50.788357],[6.070247,50.78849],[6.070145,50.788704],[6.07007,50.788765],[6.069679,50.788883]],[[6.071569,50.787548],[6.069447,50.788139]],[[6.077032,50.797154],[6.077004,50.797188]],[[6.072514,50.787473],[6.0723,50.787438],[6.072123,50.787452],[6.071569,50.787548]],[[6.071882,50.788182],[6.071675,50.788141],[6.071436,50.788154],[6.070687,50.788357]],[[6.072584,50.787406],[6.07438,50.785761],[6.07576,50.784334]],[[6.070797,50.789833],[6.070841,50.79001],[6.071203,50.790458],[6.07148,50.790691],[6.071875,50.790947]],[[6.071875,50.790947],[6.072496,50.791327],[6.073091,50.791567]],[[6.071954,50.788093],[6.072584,50.787406]],[[6.07576,50.784334],[6.07661,50.783092],[6.076613,50.782981],[6.076443,50.782889]]]},"id":608},{"type":"Feature","properties":{"id":"0s9lp1t","name":"Kitzenpfad","kind":"minor","district":"brand","level":"brand-5","importance":1062,"center":[6.166633,50.742997],"length":125},"geometry":{"type":"LineString","coordinates":[[6.167106,50.743454],[6.166778,50.743083],[6.166488,50.742912],[6.165879,50.742685]]},"id":609},{"type":"Feature","properties":{"id":"0s9ojd8","name":"Johannes-von-den-Driesch-Weg","kind":"minor","district":"aachen-mitte","level":"aachen-mitte-19","importance":1118,"center":[6.057422,50.780647],"length":237},"geometry":{"type":"MultiLineString","coordinates":[[[6.058757,50.7797],[6.058672,50.779883],[6.058525,50.78005],[6.058317,50.780198],[6.057993,50.78032]],[[6.057993,50.78032],[6.057437,50.780604],[6.057407,50.780691]],[[6.05653,50.781099],[6.056199,50.781266],[6.055483,50.781479]]]},"id":610},{"type":"Feature","properties":{"id":"0sajiq7","name":"Vetschauer Weg","kind":"major","district":"richterich","level":"richterich-1","importance":4000,"center":[6.041676,50.818872],"length":2260},"geometry":{"type":"MultiLineString","coordinates":[[[6.05714,50.817661],[6.056292,50.817488],[6.054848,50.817274],[6.053334,50.817418],[6.05246,50.817578],[6.049085,50.818373],[6.047248,50.81873]],[[6.042697,50.819001],[6.041183,50.818805],[6.040583,50.818697]],[[6.047248,50.81873],[6.046896,50.818801]],[[6.040583,50.818697],[6.036586,50.81844],[6.035876,50.818503],[6.035077,50.818719]],[[6.046896,50.818801],[6.045755,50.818996],[6.044153,50.819128],[6.043835,50.81913],[6.042697,50.819001]],[[6.035077,50.818719],[6.034787,50.818686],[6.034506,50.818584],[6.028677,50.815798]],[[6.028249,50.815587],[6.027817,50.815367]],[[6.027817,50.815367],[6.027519,50.815223]],[[6.028677,50.815798],[6.028249,50.815587]]]},"id":611},{"type":"Feature","properties":{"id":"0shaow2","name":"Hein-Görgen-Straße","kind":"minor","district":"aachen-mitte","level":"aachen-mitte-30","importance":1115,"center":[6.093099,50.753529],"length":229},"geometry":{"type":"LineString","coordinates":[[6.092729,50.752616],[6.092994,50.753179],[6.093205,50.753879],[6.093345,50.754148],[6.093701,50.754569]]},"id":612},{"type":"Feature","properties":{"id":"0siwm7q","name":"Heider-Hof-Weg","kind":"minor","district":"haaren","level":"haaren-2","importance":1320,"center":[6.149427,50.797922],"length":641},"geometry":{"type":"MultiLineString","coordinates":[[[6.153489,50.79818],[6.152991,50.797841],[6.151975,50.797527]],[[6.151975,50.797527],[6.151515,50.797571],[6.149471,50.797915]],[[6.149471,50.797915],[6.148012,50.798194],[6.147382,50.798287],[6.147181,50.798293],[6.146906,50.798228],[6.14623,50.797985]],[[6.14623,50.797985],[6.145173,50.797598]]]},"id":613},{"type":"Feature","properties":{"id":"0sj34ty","name":"Bädersteig","kind":"minor","district":"aachen-mitte","level":"aachen-mitte-11","importance":1030,"center":[6.088456,50.776599],"length":59},"geometry":{"type":"LineString","coordinates":[[6.087926,50.776605],[6.088377,50.776582],[6.088742,50.776662]]},"id":614},{"type":"Feature","properties":{"id":"0sj6po5","name":"Rhein-Maas-Straße","kind":"minor","district":"aachen-mitte","level":"aachen-mitte-22","importance":1164,"center":[6.08764,50.758397],"length":328},"geometry":{"type":"MultiLineString","coordinates":[[[6.088058,50.758083],[6.089863,50.757961]],[[6.085328,50.75876],[6.086631,50.758528],[6.087344,50.758429],[6.088105,50.758363]]]},"id":615},{"type":"Feature","properties":{"id":"0sjcxab","name":"In den Küpperbenden","kind":"minor","district":"aachen-mitte","level":"aachen-mitte-31","importance":1124,"center":[6.110747,50.759702],"length":248},"geometry":{"type":"LineString","coordinates":[[6.109866,50.760656],[6.110381,50.760168],[6.110707,50.759767],[6.110966,50.759301],[6.111237,50.758621]]},"id":616},{"type":"Feature","properties":{"id":"0slxrio","name":"Konradstraße","kind":"minor","district":"laurensberg","level":"laurensberg-4","importance":1068,"center":[6.026449,50.76966],"length":136},"geometry":{"type":"LineString","coordinates":[[6.026402,50.770219],[6.026228,50.769886],[6.02642,50.769784],[6.026455,50.769713],[6.026265,50.769099]]},"id":617},{"type":"Feature","properties":{"id":"0so1k75","name":"Franzstraße","kind":"major","district":"aachen-mitte","level":"aachen-mitte-2","importance":3289,"center":[6.085489,50.769991],"length":578},"geometry":{"type":"MultiLineString","coordinates":[[[6.086657,50.76808],[6.086689,50.768231],[6.086844,50.768416]],[[6.08625,50.769382],[6.085709,50.769854],[6.085569,50.769934]],[[6.087187,50.768272],[6.086844,50.768416]],[[6.086844,50.768416],[6.086806,50.768606],[6.086548,50.769013]],[[6.085301,50.770155],[6.085569,50.769934]],[[6.084613,50.771162],[6.08457,50.771279]],[[6.084658,50.771061],[6.084701,50.770968]],[[6.085116,50.770342],[6.085226,50.770233]],[[6.084639,50.772038],[6.084509,50.771679],[6.084531,50.771504]],[[6.084531,50.771504],[6.084711,50.771874],[6.084639,50.772038]],[[6.084701,50.770968],[6.084868,50.770646]],[[6.085226,50.770233],[6.085301,50.770155]],[[6.086548,50.769013],[6.08625,50.769382]],[[6.084868,50.770646],[6.085001,50.770474]],[[6.085001,50.770474],[6.085116,50.770342]],[[6.084658,50.771061],[6.084613,50.771162]],[[6.08457,50.771279],[6.084544,50.771363]],[[6.084544,50.771363],[6.084531,50.771504]]]},"id":618},{"type":"Feature","properties":{"id":"0suff00","name":"Venn","kind":"minor","district":"aachen-mitte","level":"aachen-mitte-10","importance":1031,"center":[6.078267,50.773134],"length":62},"geometry":{"type":"LineString","coordinates":[[6.077857,50.773449],[6.078416,50.77302]]},"id":619},{"type":"Feature","properties":{"id":"0svswoj","name":"Gut-Dämme-Straße","kind":"minor","district":"aachen-mitte","level":"aachen-mitte-32","importance":1339,"center":[6.104878,50.795607],"length":677},"geometry":{"type":"MultiLineString","coordinates":[[[6.107551,50.797827],[6.107115,50.797454]],[[6.106125,50.796638],[6.104992,50.795709],[6.104124,50.794882],[6.103935,50.794651],[6.103873,50.794515],[6.103854,50.794251],[6.103637,50.794178],[6.103416,50.7942],[6.103166,50.794481],[6.102508,50.794851],[6.10171,50.795157]],[[6.107115,50.797454],[6.106125,50.796638]]]},"id":620},{"type":"Feature","properties":{"id":"0sw4s8p","name":"Lohmühlenstraße","kind":"minor","district":"aachen-mitte","level":"aachen-mitte-27","importance":1224,"center":[6.070137,50.756194],"length":448},"geometry":{"type":"LineString","coordinates":[[6.067866,50.75455],[6.069942,50.756094],[6.070332,50.756294],[6.070898,50.756539],[6.071364,50.756686],[6.072006,50.756735],[6.072815,50.75672]]},"id":621},{"type":"Feature","properties":{"id":"0swtbix","name":"Professor-Wieler-Straße","kind":"minor","district":"aachen-mitte","level":"aachen-mitte-32","importance":1154,"center":[6.111404,50.79181],"length":308},"geometry":{"type":"MultiLineString","coordinates":[[[6.111975,50.792243],[6.112892,50.791834],[6.113069,50.791785]],[[6.111788,50.792216],[6.111855,50.792204],[6.111975,50.792243],[6.111985,50.792333],[6.111934,50.792368],[6.111864,50.792382],[6.111738,50.792339],[6.111717,50.792294],[6.111788,50.792216]],[[6.110657,50.791035],[6.111788,50.792216]]]},"id":622},{"type":"Feature","properties":{"id":"0sy054x","name":"Krähenwäldchen","kind":"minor","district":"aachen-mitte","level":"aachen-mitte-29","importance":1043,"center":[6.111244,50.763533],"length":86},"geometry":{"type":"LineString","coordinates":[[6.110628,50.763364],[6.111747,50.763663]]},"id":623},{"type":"Feature","properties":{"id":"0sziy5i","name":"Landgraben","kind":"minor","district":"richterich","level":"richterich-4","importance":1281,"center":[6.069207,50.806714],"length":562},"geometry":{"type":"MultiLineString","coordinates":[[[6.067252,50.806594],[6.071163,50.806835],[6.073448,50.807047],[6.07368,50.807148],[6.073892,50.80755]],[[6.073892,50.80755],[6.07391,50.807601]],[[6.066531,50.806557],[6.067252,50.806594]]]},"id":624},{"type":"Feature","properties":{"id":"0t12m37","name":"Eintrachtstraße","kind":"minor","district":"aachen-mitte","level":"aachen-mitte-17","importance":1071,"center":[6.103953,50.778859],"length":141},"geometry":{"type":"LineString","coordinates":[[6.104535,50.778369],[6.10457,50.778422],[6.103296,50.779327]]},"id":625},{"type":"Feature","properties":{"id":"0t1dg3n","name":"Lortzingstraße","kind":"minor","district":"aachen-mitte","level":"aachen-mitte-24","importance":1038,"center":[6.058917,50.766533],"length":76},"geometry":{"type":"LineString","coordinates":[[6.059013,50.766152],[6.05889,50.766832]]},"id":626},{"type":"Feature","properties":{"id":"0t448be","name":"Korneliusstraße","kind":"minor","district":"kornelimuenster-walheim","level":"kornelimuenster-walheim-7","importance":1010,"center":[6.181119,50.728252],"length":20},"geometry":{"type":"MultiLineString","coordinates":[[[6.181261,50.728315],[6.181092,50.72824]],[[6.181092,50.72824],[6.181025,50.728212]]]},"id":627},{"type":"Feature","properties":{"id":"0t60km8","name":"Frennetstraße","kind":"minor","district":"kornelimuenster-walheim","level":"kornelimuenster-walheim-3","importance":1375,"center":[6.165253,50.689909],"length":751},"geometry":{"type":"MultiLineString","coordinates":[[[6.164025,50.690989],[6.164743,50.690405],[6.165412,50.689743],[6.165624,50.689586],[6.1665,50.689088],[6.16729,50.688732],[6.167856,50.688579],[6.168166,50.688595]],[[6.168166,50.688595],[6.168455,50.688654]],[[6.168455,50.688654],[6.169303,50.688801],[6.169624,50.688776]],[[6.162336,50.692806],[6.1631,50.691866],[6.163504,50.691433],[6.164025,50.690989]]]},"id":628},{"type":"Feature","properties":{"id":"0t8zxn2","name":"Raafstraße","kind":"major","district":"kornelimuenster-walheim","level":"kornelimuenster-walheim-1","importance":3425,"center":[6.127574,50.713919],"length":850},"geometry":{"type":"MultiLineString","coordinates":[[[6.130953,50.715406],[6.126951,50.713654],[6.123621,50.7129]],[[6.128468,50.714322],[6.127188,50.715524]],[[6.123621,50.7129],[6.123365,50.712844]],[[6.131896,50.715778],[6.130953,50.715406]]]},"id":629},{"type":"Feature","properties":{"id":"0tab8hw","name":"Schurzelter Straße","kind":"major","district":"laurensberg","level":"laurensberg-1","importance":4000,"center":[6.038328,50.787263],"length":4811},"geometry":{"type":"MultiLineString","coordinates":[[[6.064099,50.795725],[6.063432,50.7955],[6.061457,50.794958],[6.061039,50.794887],[6.06001,50.7949]],[[6.06001,50.7949],[6.059614,50.794901]],[[6.031224,50.774043],[6.032086,50.773889],[6.032946,50.773675]],[[6.050105,50.794285],[6.049367,50.794194],[6.046843,50.792932],[6.046248,50.792611],[6.042648,50.790486],[6.04212,50.790125]],[[6.050406,50.794299],[6.050105,50.794285]],[[6.041807,50.789904],[6.041292,50.789547]],[[6.035075,50.773069],[6.03514,50.773003],[6.035353,50.772909],[6.038507,50.771903],[6.03878,50.771735],[6.038981,50.771526],[6.039057,50.771165]],[[6.038831,50.787868],[6.038484,50.787449]],[[6.03979,50.788899],[6.03915,50.788246]],[[6.051427,50.794358],[6.050406,50.794299]],[[6.054828,50.794543],[6.05312,50.794447]],[[6.05312,50.794447],[6.052233,50.794398]],[[6.032946,50.773675],[6.034378,50.773202],[6.034737,50.773103],[6.035075,50.773069]],[[6.03606,50.784494],[6.032134,50.779687]],[[6.032134,50.779687],[6.029593,50.776578],[6.029444,50.776347],[6.029324,50.776002],[6.029287,50.775694],[6.02936,50.775282],[6.029455,50.775065],[6.029728,50.774685],[6.029937,50.774507],[6.030295,50.774313],[6.030577,50.7742],[6.031224,50.774043]],[[6.040385,50.789221],[6.040109,50.789171]],[[6.041292,50.789547],[6.041029,50.789371],[6.040799,50.789276]],[[6.039057,50.771165],[6.039045,50.770632]],[[6.059614,50.794901],[6.058123,50.79479]],[[6.039045,50.770632],[6.039002,50.770517],[6.039002,50.769953],[6.039051,50.769812]],[[6.058123,50.79479],[6.056575,50.794669]],[[6.056116,50.794524],[6.056386,50.794613]],[[6.055932,50.794577],[6.055798,50.794595]],[[6.055762,50.794554],[6.055906,50.794512]],[[6.0556,50.794583],[6.055318,50.794568]],[[6.056575,50.794669],[6.056276,50.79464],[6.056075,50.794584]],[[6.056386,50.794613],[6.056575,50.794669]],[[6.039051,50.769812],[6.039128,50.769978],[6.039118,50.770432],[6.039045,50.770632]],[[6.052233,50.794398],[6.051427,50.794358]],[[6.040109,50.789171],[6.03979,50.788899]],[[6.040799,50.789276],[6.040607,50.78925]],[[6.040607,50.78925],[6.040385,50.789221]],[[6.03915,50.788246],[6.038922,50.787981]],[[6.038484,50.787449],[6.03606,50.784494]],[[6.038922,50.787981],[6.038831,50.787868]],[[6.04212,50.790125],[6.041807,50.789904]],[[6.055686,50.794581],[6.0556,50.794583]],[[6.055798,50.794595],[6.055686,50.794581]],[[6.055686,50.794581],[6.055762,50.794554]],[[6.055318,50.794568],[6.054828,50.794543]]]},"id":630},{"type":"Feature","properties":{"id":"0tads1j","name":"Ardennenstraße","kind":"minor","district":"kornelimuenster-walheim","level":"kornelimuenster-walheim-2","importance":1714,"center":[6.167463,50.691595],"length":1428},"geometry":{"type":"MultiLineString","coordinates":[[[6.170512,50.687822],[6.169876,50.688547]],[[6.164703,50.693027],[6.164781,50.693224],[6.164753,50.693513],[6.165142,50.69367]],[[6.168501,50.692187],[6.168789,50.691888],[6.169227,50.691601],[6.168603,50.691304],[6.168432,50.691182]],[[6.163276,50.694529],[6.163868,50.694091],[6.164042,50.693877],[6.164128,50.69369],[6.164145,50.693476],[6.164205,50.693379],[6.165266,50.692616],[6.167122,50.691825],[6.16769,50.691456],[6.168801,50.691038],[6.168935,50.690931],[6.169078,50.690582],[6.169255,50.689882],[6.169658,50.688868],[6.169624,50.688776]],[[6.164987,50.692814],[6.16541,50.693029],[6.165788,50.692858]],[[6.167122,50.691825],[6.16797,50.692173]],[[6.166085,50.692655],[6.166106,50.692604],[6.165858,50.692369]],[[6.169876,50.688547],[6.169624,50.688776]],[[6.170726,50.687375],[6.170635,50.687645],[6.170512,50.687822]]]},"id":631},{"type":"Feature","properties":{"id":"0tbtvm0","name":"Melanieweg","kind":"minor","district":"richterich","level":"richterich-3","importance":1058,"center":[6.050847,50.815615],"length":115},"geometry":{"type":"LineString","coordinates":[[6.05042,50.816108],[6.050628,50.815646],[6.050688,50.8156],[6.051442,50.815737]]},"id":632},{"type":"Feature","properties":{"id":"0tcd7fh","name":"Coudenhovestraße","kind":"minor","district":"aachen-mitte","level":"aachen-mitte-30","importance":1092,"center":[6.100097,50.755669],"length":184},"geometry":{"type":"LineString","coordinates":[[6.101409,50.755876],[6.098861,50.755498]]},"id":633},{"type":"Feature","properties":{"id":"0th884i","name":"Max-Pechstein-Straße","kind":"minor","district":"kornelimuenster-walheim","level":"kornelimuenster-walheim-6","importance":1158,"center":[6.170604,50.726888],"length":316},"geometry":{"type":"MultiLineString","coordinates":[[[6.171252,50.727308],[6.170269,50.726677],[6.169981,50.726449],[6.169941,50.726364]],[[6.170269,50.726677],[6.170794,50.726377],[6.171533,50.726733],[6.171831,50.726936]],[[6.169976,50.726865],[6.170269,50.726677]]]},"id":634},{"type":"Feature","properties":{"id":"0tjskhq","name":"Ludwigsallee","kind":"major","district":"aachen-mitte","level":"aachen-mitte-3","importance":3396,"center":[6.08293,50.782501],"length":793},"geometry":{"type":"MultiLineString","coordinates":[[[6.088558,50.782175],[6.088345,50.782243],[6.087481,50.782303]],[[6.07783,50.781757],[6.077726,50.781664]],[[6.082122,50.782633],[6.081652,50.782615],[6.080157,50.782436]],[[6.079685,50.782364],[6.078974,50.782156]],[[6.078392,50.781969],[6.07783,50.781757]],[[6.078974,50.782156],[6.078392,50.781969]],[[6.087481,50.782303],[6.087362,50.782313]],[[6.087362,50.782313],[6.083826,50.782372],[6.082122,50.782633]],[[6.080157,50.782436],[6.079685,50.782364]]]},"id":635},{"type":"Feature","properties":{"id":"0tk3jss","name":"Am Finkenschlag","kind":"minor","district":"brand","level":"brand-4","importance":1064,"center":[6.164003,50.743144],"length":128},"geometry":{"type":"LineString","coordinates":[[6.164863,50.74331],[6.163132,50.742976]]},"id":636},{"type":"Feature","properties":{"id":"0tkdoft","name":"Trevererstraße","kind":"minor","district":"laurensberg","level":"laurensberg-5","importance":1151,"center":[6.041407,50.767752],"length":301},"geometry":{"type":"MultiLineString","coordinates":[[[6.043019,50.767537],[6.041963,50.767639],[6.041374,50.767757],[6.040865,50.767787]],[[6.040885,50.768136],[6.040894,50.768297]],[[6.040626,50.767792],[6.040865,50.767787],[6.040885,50.768136],[6.040649,50.768142],[6.040626,50.767792]],[[6.040894,50.768297],[6.040898,50.768365]],[[6.040898,50.768365],[6.040903,50.768452]]]},"id":637},{"type":"Feature","properties":{"id":"0tlz1cr","name":"Mariabrunnstraße","kind":"minor","district":"aachen-mitte","level":"aachen-mitte-14","importance":1215,"center":[6.078509,50.766915],"length":429},"geometry":{"type":"MultiLineString","coordinates":[[[6.078493,50.76527],[6.078334,50.76477]],[[6.078039,50.7678],[6.078104,50.767572],[6.078914,50.766258]],[[6.078914,50.766258],[6.078731,50.76576]],[[6.0783,50.764674],[6.078287,50.764563]],[[6.07867,50.765533],[6.078493,50.76527]],[[6.078334,50.76477],[6.0783,50.764674]],[[6.078055,50.767871],[6.078039,50.7678]],[[6.078184,50.768492],[6.078055,50.767871]]]},"id":638},{"type":"Feature","properties":{"id":"0tmck3z","name":"Marienbongard","kind":"minor","district":"aachen-mitte","level":"aachen-mitte-12","importance":1110,"center":[6.078956,50.779685],"length":220},"geometry":{"type":"MultiLineString","coordinates":[[[6.077565,50.779651],[6.077986,50.779761]],[[6.077986,50.779761],[6.078232,50.779808],[6.078754,50.779728],[6.079884,50.779389],[6.080136,50.779426]],[[6.080136,50.779426],[6.080486,50.779485]]]},"id":639},{"type":"Feature","properties":{"id":"0to1uto","name":"Laurentiushang","kind":"minor","district":"laurensberg","level":"laurensberg-6","importance":1191,"center":[6.058732,50.802975],"length":382},"geometry":{"type":"MultiLineString","coordinates":[[[6.058319,50.802787],[6.057966,50.803044],[6.057855,50.803184]],[[6.058773,50.803005],[6.058941,50.803],[6.059713,50.803087]],[[6.058499,50.803929],[6.058819,50.803361],[6.058837,50.803178],[6.058773,50.803005],[6.058319,50.802787],[6.058769,50.802509],[6.059697,50.802636]]]},"id":640},{"type":"Feature","properties":{"id":"0to29im","name":"Adalbertsteinweg","kind":"major","district":"aachen-mitte","level":"aachen-mitte-4","importance":4000,"center":[6.107278,50.774332],"length":2270},"geometry":{"type":"MultiLineString","coordinates":[[[6.117376,50.770272],[6.117347,50.770329]],[[6.113117,50.772135],[6.113296,50.771993],[6.114307,50.771542]],[[6.113117,50.772135],[6.112378,50.772468]],[[6.105138,50.774422],[6.104978,50.774424]],[[6.11429,50.771664],[6.113384,50.772071],[6.113117,50.772135]],[[6.115084,50.771272],[6.115584,50.771052]],[[6.115084,50.771272],[6.114926,50.771403],[6.11429,50.771664]],[[6.117227,50.770383],[6.117134,50.770426]],[[6.116892,50.770536],[6.116797,50.770578]],[[6.116774,50.770478],[6.117023,50.770365]],[[6.117023,50.770365],[6.117231,50.77027]],[[6.10622,50.774435],[6.105733,50.774418]],[[6.106742,50.774468],[6.10622,50.774435]],[[6.106539,50.774347],[6.107343,50.77433]],[[6.107343,50.77433],[6.107652,50.774326]],[[6.110887,50.773113],[6.110671,50.773209]],[[6.116088,50.770834],[6.116241,50.770767]],[[6.116241,50.770767],[6.116664,50.770586]],[[6.107994,50.774319],[6.107415,50.774412],[6.106742,50.774468]],[[6.108909,50.773995],[6.108498,50.774178],[6.107994,50.774319]],[[6.099384,50.774594],[6.098735,50.774611]],[[6.101485,50.774565],[6.101232,50.774571],[6.10107,50.774532]],[[6.098085,50.774627],[6.09789,50.77459]],[[6.104659,50.77443],[6.104036,50.774443]],[[6.104036,50.774443],[6.102752,50.774473]],[[6.098735,50.774611],[6.098085,50.774627]],[[6.102752,50.774473],[6.102525,50.774543],[6.101485,50.774565]],[[6.098698,50.774514],[6.099711,50.774492],[6.099808,50.774552]],[[6.116664,50.770586],[6.1167,50.770512],[6.116774,50.770478]],[[6.105733,50.774418],[6.105138,50.774422]],[[6.096087,50.774576],[6.096895,50.774607]],[[6.115584,50.771052],[6.115923,50.770905]],[[6.114307,50.771542],[6.11482,50.771315],[6.115084,50.771272]],[[6.111975,50.772654],[6.111241,50.772963]],[[6.107652,50.774326],[6.107994,50.774319]],[[6.10622,50.774435],[6.106539,50.774347]],[[6.099823,50.774552],[6.100324,50.774543]],[[6.101457,50.774461],[6.102521,50.77444],[6.102752,50.774473]],[[6.099808,50.774552],[6.099823,50.774552]],[[6.09789,50.77459],[6.098132,50.774528]],[[6.097168,50.774605],[6.09789,50.77459]],[[6.10107,50.774532],[6.101216,50.774466],[6.101457,50.774461]],[[6.098132,50.774528],[6.098698,50.774514]],[[6.099808,50.774552],[6.099714,50.774587],[6.099384,50.774594]],[[6.110671,50.773209],[6.108909,50.773995]],[[6.111241,50.772963],[6.110887,50.773113]],[[6.112378,50.772468],[6.111975,50.772654]],[[6.115923,50.770905],[6.116088,50.770834]],[[6.117347,50.770329],[6.117227,50.770383]],[[6.100324,50.774543],[6.10107,50.774532]],[[6.104978,50.774424],[6.104659,50.77443]],[[6.116797,50.770578],[6.116664,50.770586]],[[6.117231,50.77027],[6.117376,50.770272]],[[6.117134,50.770426],[6.116892,50.770536]],[[6.096895,50.774607],[6.097168,50.774605]]]},"id":641},{"type":"Feature","properties":{"id":"0toahg6","name":"An der alten Tuchfabrik","kind":"minor","district":"brand","level":"brand-4","importance":1320,"center":[6.160142,50.741609],"length":641},"geometry":{"type":"MultiLineString","coordinates":[[[6.158908,50.741597],[6.161544,50.741612]],[[6.157752,50.740965],[6.159071,50.740967],[6.159893,50.740934],[6.161564,50.740965]],[[6.161544,50.741612],[6.161564,50.740965]],[[6.161535,50.741985],[6.161544,50.741612]],[[6.15851,50.741802],[6.158808,50.741596],[6.158908,50.741597]],[[6.158908,50.741597],[6.158905,50.741632],[6.158613,50.741837]]]},"id":642},{"type":"Feature","properties":{"id":"0tr16er","name":"Taubengasse","kind":"minor","district":"aachen-mitte","level":"aachen-mitte-33","importance":1128,"center":[6.127801,50.761375],"length":256},"geometry":{"type":"LineString","coordinates":[[6.126772,50.762582],[6.127563,50.761621],[6.128582,50.760589]]},"id":643},{"type":"Feature","properties":{"id":"0ttyard","name":"Jägerspfad","kind":"minor","district":"brand","level":"brand-6","importance":1061,"center":[6.18994,50.753198],"length":122},"geometry":{"type":"LineString","coordinates":[[6.189167,50.753037],[6.189801,50.753127],[6.190079,50.75327],[6.190689,50.753366],[6.190703,50.75343]]},"id":644},{"type":"Feature","properties":{"id":"0tvbjxg","name":"Kinkebahn","kind":"minor","district":"kornelimuenster-walheim","level":"kornelimuenster-walheim-5","importance":2000,"center":[6.133676,50.700939],"length":2371},"geometry":{"type":"MultiLineString","coordinates":[[[6.145773,50.705595],[6.145921,50.70569]],[[6.131807,50.699883],[6.129635,50.698793],[6.128502,50.698307],[6.127354,50.697922],[6.126974,50.697743],[6.125869,50.696779],[6.124988,50.695541],[6.1232,50.693512],[6.122899,50.693214]],[[6.143165,50.706517],[6.143148,50.706458],[6.143287,50.706242],[6.143316,50.706032],[6.143209,50.705827],[6.143095,50.705722],[6.142353,50.705402],[6.140288,50.704261]],[[6.140288,50.704261],[6.137256,50.702964],[6.136307,50.702503],[6.132632,50.70033],[6.131807,50.699883]],[[6.145921,50.70569],[6.144943,50.706027],[6.143719,50.706615],[6.143507,50.706676],[6.143364,50.706662]],[[6.143364,50.706662],[6.143165,50.706517]]]},"id":645},{"type":"Feature","properties":{"id":"0twpkx1","name":"Hundertsweg","kind":"minor","district":"kornelimuenster-walheim","level":"kornelimuenster-walheim-3","importance":1192,"center":[6.180883,50.6967],"length":384},"geometry":{"type":"LineString","coordinates":[[6.182319,50.698104],[6.182088,50.697924],[6.181781,50.697597],[6.181169,50.697106],[6.18096,50.696855],[6.180806,50.696544],[6.180406,50.696103],[6.180182,50.695923],[6.179167,50.695346]]},"id":646},{"type":"Feature","properties":{"id":"0txl4tc","name":"Kapellenberg","kind":"minor","district":"kornelimuenster-walheim","level":"kornelimuenster-walheim-7","importance":1129,"center":[6.188815,50.726972],"length":258},"geometry":{"type":"LineString","coordinates":[[6.189738,50.726055],[6.189698,50.726164],[6.189365,50.726581],[6.188758,50.727023],[6.188442,50.727582],[6.187999,50.728069]]},"id":647},{"type":"Feature","properties":{"id":"0tzegd9","name":"Großheidstraße","kind":"minor","district":"haaren","level":"haaren-5","importance":1643,"center":[6.163638,50.794076],"length":1285},"geometry":{"type":"MultiLineString","coordinates":[[[6.16675,50.792525],[6.166743,50.792781],[6.166661,50.792879],[6.166521,50.792996],[6.165903,50.793262]],[[6.163764,50.794008],[6.164048,50.794283],[6.164451,50.794898]],[[6.164322,50.793751],[6.16469,50.794166],[6.164945,50.794628]],[[6.164869,50.793581],[6.165172,50.793898],[6.165502,50.794438]],[[6.165427,50.793414],[6.165819,50.793835],[6.166069,50.794229]],[[6.162097,50.794165],[6.161418,50.794713],[6.160582,50.795112],[6.160521,50.795169],[6.160543,50.795213],[6.16063,50.795222],[6.160674,50.795197],[6.160704,50.795065]],[[6.161685,50.794507],[6.16221,50.794922]],[[6.16127,50.794795],[6.161653,50.795073],[6.16171,50.795615]],[[6.165903,50.793262],[6.164066,50.793847],[6.16315,50.794337],[6.163009,50.794378],[6.162702,50.794402],[6.162551,50.794384],[6.1623,50.794295],[6.161679,50.793897]],[[6.161679,50.793897],[6.16124,50.793597]]]},"id":648},{"type":"Feature","properties":{"id":"0tzli55","name":"Mauerstraße","kind":"minor","district":"aachen-mitte","level":"aachen-mitte-12","importance":1271,"center":[6.07415,50.773138],"length":542},"geometry":{"type":"MultiLineString","coordinates":[[[6.074133,50.77302],[6.074017,50.77229]],[[6.075047,50.775401],[6.075167,50.775231]],[[6.073924,50.77189],[6.07374,50.770885],[6.073773,50.770735]],[[6.075167,50.775231],[6.074641,50.774856],[6.074429,50.774573],[6.074298,50.774089],[6.074167,50.773255]],[[6.074167,50.773255],[6.074133,50.77302]],[[6.074017,50.77229],[6.073924,50.77189]]]},"id":649},{"type":"Feature","properties":{"id":"0tzyu81","name":"Grubenstraße","kind":"minor","district":"eilendorf","level":"eilendorf-2","importance":1134,"center":[6.151341,50.776745],"length":268},"geometry":{"type":"LineString","coordinates":[[6.149447,50.77755],[6.150363,50.77719],[6.152319,50.776301],[6.152507,50.776257],[6.152618,50.776272]]},"id":650},{"type":"Feature","properties":{"id":"0u1uepk","name":"Schroufstraße","kind":"minor","district":"brand","level":"brand-5","importance":1641,"center":[6.175039,50.748054],"length":1282},"geometry":{"type":"MultiLineString","coordinates":[[[6.168748,50.750124],[6.168856,50.750001],[6.169579,50.749696],[6.170873,50.749018],[6.172298,50.748139]],[[6.174968,50.74804],[6.17533,50.748111],[6.175651,50.748217],[6.176662,50.748644],[6.177512,50.748779],[6.177718,50.748855]],[[6.177718,50.748855],[6.177909,50.748686]],[[6.177718,50.748855],[6.177781,50.749021],[6.177614,50.749665],[6.177547,50.749879],[6.177229,50.750487]],[[6.178064,50.751216],[6.177658,50.751072],[6.177058,50.750803]],[[6.177229,50.750487],[6.177058,50.750803],[6.176721,50.75125],[6.176262,50.751744]],[[6.172298,50.748139],[6.172701,50.747873],[6.172878,50.747822],[6.173209,50.747787],[6.173621,50.747826],[6.174968,50.74804]],[[6.177909,50.748686],[6.178175,50.748442],[6.178687,50.748258]]]},"id":651},{"type":"Feature","properties":{"id":"0u3f7ve","name":"Mataréstraße","kind":"minor","district":"aachen-mitte","level":"aachen-mitte-29","importance":1143,"center":[6.12125,50.769935],"length":286},"geometry":{"type":"MultiLineString","coordinates":[[[6.120349,50.770891],[6.120389,50.770607],[6.121125,50.770012]],[[6.121125,50.770012],[6.122886,50.768959]]]},"id":652},{"type":"Feature","properties":{"id":"0u3jos4","name":"Nütheimer Straße","kind":"minor","district":"kornelimuenster-walheim","level":"kornelimuenster-walheim-4","importance":2000,"center":[6.163279,50.71528],"length":3309},"geometry":{"type":"MultiLineString","coordinates":[[[6.165969,50.716605],[6.169918,50.718716],[6.17041,50.719059]],[[6.161689,50.713605],[6.162041,50.713907],[6.163051,50.715072],[6.163328,50.715313]],[[6.178108,50.723297],[6.179232,50.724108],[6.180053,50.724844],[6.180281,50.725165]],[[6.145921,50.70569],[6.146938,50.705601],[6.14727,50.705622],[6.147481,50.7057],[6.147915,50.706023],[6.151277,50.708086],[6.152581,50.708788],[6.153385,50.709266],[6.154345,50.709893],[6.154991,50.710449],[6.155359,50.710685],[6.155998,50.710986],[6.157311,50.711399],[6.157736,50.711586],[6.158618,50.712033],[6.160116,50.712903],[6.16144,50.713474]],[[6.17041,50.719059],[6.171548,50.719825],[6.171853,50.720071]],[[6.171853,50.720071],[6.172441,50.720483],[6.173155,50.720885],[6.17444,50.721505],[6.175151,50.721947],[6.175704,50.722186],[6.177269,50.722773],[6.177512,50.722887],[6.178108,50.723297]],[[6.163328,50.715313],[6.163774,50.715478],[6.16586,50.716546]],[[6.16586,50.716546],[6.165969,50.716605]],[[6.16144,50.713474],[6.161689,50.713605]]]},"id":653},{"type":"Feature","properties":{"id":"0u3tjhq","name":"Lufter Weid","kind":"minor","district":"kornelimuenster-walheim","level":"kornelimuenster-walheim-8","importance":1098,"center":[6.171454,50.730547],"length":196},"geometry":{"type":"MultiLineString","coordinates":[[[6.172303,50.730345],[6.171592,50.730461],[6.171106,50.730476],[6.171045,50.730519],[6.17106,50.730589],[6.171143,50.730626],[6.171317,50.730633]],[[6.171592,50.730461],[6.171317,50.730633],[6.171157,50.730781],[6.170831,50.730944]]]},"id":654},{"type":"Feature","properties":{"id":"0u4w2e3","name":"Freiherrenstraße","kind":"minor","district":"richterich","level":"richterich-4","importance":1183,"center":[6.067478,50.808154],"length":367},"geometry":{"type":"MultiLineString","coordinates":[[[6.067041,50.808931],[6.066952,50.80836],[6.066899,50.808283],[6.066355,50.808437],[6.065939,50.808622]],[[6.066899,50.808283],[6.067275,50.808191],[6.068146,50.808055],[6.068798,50.808013],[6.068877,50.808038]],[[6.068877,50.808038],[6.068927,50.808077],[6.069031,50.808672]]]},"id":655},{"type":"Feature","properties":{"id":"0u5jmuk","name":"Düserhofstraße","kind":"minor","district":"laurensberg","level":"laurensberg-4","importance":1356,"center":[5.99753,50.797415],"length":711},"geometry":{"type":"MultiLineString","coordinates":[[[5.997639,50.796986],[5.997833,50.79704],[5.99784,50.797081],[5.997384,50.797547]],[[5.999954,50.795394],[6.000122,50.79527]],[[5.996205,50.798946],[5.996412,50.79893],[5.996471,50.798898],[5.99677,50.798492]],[[5.996872,50.797681],[5.997316,50.797338],[5.998325,50.796132],[5.998552,50.795929],[5.998896,50.795738],[5.999954,50.795394]],[[5.996236,50.799276],[5.996235,50.799036],[5.996116,50.79868],[5.996115,50.798301],[5.996318,50.798047],[5.996872,50.797681]]]},"id":656},{"type":"Feature","properties":{"id":"0u64to0","name":"Eginhardstraße","kind":"minor","district":"aachen-mitte","level":"aachen-mitte-23","importance":1179,"center":[6.096624,50.787795],"length":358},"geometry":{"type":"MultiLineString","coordinates":[[[6.095768,50.787127],[6.096413,50.787415],[6.096773,50.787736]],[[6.097973,50.787182],[6.097499,50.787434],[6.096773,50.787736]],[[6.096773,50.787736],[6.096474,50.787854],[6.096457,50.787921],[6.097444,50.788815]]]},"id":657},{"type":"Feature","properties":{"id":"0u9qg98","name":"Gut Schwarzenbruch","kind":"path","district":"haaren","level":"haaren-5","importance":11,"center":[6.176654,50.790322],"length":22},"geometry":{"type":"MultiLineString","coordinates":[[[6.176533,50.790215],[6.176599,50.790271]],[[6.176599,50.790271],[6.176709,50.790374]]]},"id":658},{"type":"Feature","properties":{"id":"0u9sjfe","name":"An der Wurm","kind":"minor","district":"haaren","level":"haaren-4","importance":1100,"center":[6.123243,50.795525],"length":200},"geometry":{"type":"LineString","coordinates":[[6.124545,50.795202],[6.123907,50.795123],[6.123834,50.795381],[6.123747,50.795443],[6.122738,50.795606],[6.1229,50.795975]]},"id":659},{"type":"Feature","properties":{"id":"0ub5nox","name":"Rahrfeldweg","kind":"minor","district":"aachen-mitte","level":"aachen-mitte-32","importance":1060,"center":[6.135963,50.781393],"length":120},"geometry":{"type":"MultiLineString","coordinates":[[[6.135662,50.781088],[6.136263,50.781699]],[[6.135472,50.780894],[6.135662,50.781088]],[[6.135368,50.780775],[6.135472,50.780894]]]},"id":660},{"type":"Feature","properties":{"id":"0ue1pka","name":"Franz-Wallraff-Straße","kind":"minor","district":"brand","level":"brand-4","importance":1405,"center":[6.153292,50.745523],"length":809},"geometry":{"type":"MultiLineString","coordinates":[[[6.153927,50.743997],[6.153266,50.744187],[6.153008,50.744344]],[[6.152855,50.744564],[6.151784,50.744827]],[[6.153014,50.745258],[6.151988,50.745458]],[[6.153411,50.74559],[6.153311,50.745809],[6.153503,50.746412]],[[6.153702,50.746369],[6.153503,50.746412],[6.152961,50.746665]],[[6.153311,50.745809],[6.152442,50.746016]],[[6.153014,50.745258],[6.153172,50.745456],[6.153411,50.74559],[6.153743,50.745637],[6.154048,50.745625],[6.154643,50.745521],[6.156077,50.745038]],[[6.153008,50.744344],[6.152855,50.744564],[6.153014,50.745258]]]},"id":661},{"type":"Feature","properties":{"id":"0uej0hp","name":"Brüsseler Ring","kind":"major","district":"aachen-mitte","level":"aachen-mitte-6","importance":3984,"center":[6.068977,50.75385],"length":1967},"geometry":{"type":"MultiLineString","coordinates":[[[6.069952,50.753068],[6.069762,50.752725],[6.069759,50.75257],[6.069873,50.752241],[6.070083,50.75195],[6.070149,50.751909],[6.070356,50.751898],[6.070481,50.751924]],[[6.06317,50.758543],[6.063336,50.758473]],[[6.071786,50.750859],[6.071998,50.750748]],[[6.069796,50.752412],[6.069449,50.752377],[6.069259,50.752391],[6.068545,50.752767],[6.068416,50.752769],[6.068259,50.752718],[6.06824,50.75262],[6.068292,50.752571],[6.068559,50.752499]],[[6.069927,50.752152],[6.069096,50.751806],[6.068922,50.751761],[6.068749,50.751753],[6.068522,50.751899],[6.068442,50.751901],[6.06807,50.751749]],[[6.070907,50.751438],[6.070733,50.751365]],[[6.070274,50.750852],[6.070942,50.751155],[6.070733,50.751365],[6.070641,50.751369],[6.070464,50.751567],[6.07026,50.751661],[6.070187,50.751655],[6.070039,50.751535],[6.069905,50.751478],[6.069605,50.751438],[6.069454,50.751453],[6.069074,50.751627],[6.068933,50.75164],[6.068909,50.75156],[6.069455,50.75113],[6.069374,50.751055],[6.069135,50.751069]],[[6.070089,50.752777],[6.070339,50.752154],[6.070731,50.751608],[6.070907,50.751438]],[[6.069518,50.753512],[6.0698,50.753269],[6.069952,50.753068]],[[6.064178,50.758119],[6.065116,50.757669],[6.065742,50.757233],[6.066197,50.756738],[6.066916,50.755489],[6.067189,50.755134],[6.067762,50.754622],[6.069183,50.753724]],[[6.069445,50.753564],[6.069518,50.753512]],[[6.070907,50.751438],[6.071561,50.750973]],[[6.071561,50.750973],[6.071786,50.750859]],[[6.069952,50.753068],[6.070089,50.752777]],[[6.069374,50.753609],[6.069445,50.753564]],[[6.069183,50.753724],[6.069374,50.753609]],[[6.063986,50.758204],[6.064178,50.758119]],[[6.063336,50.758473],[6.063986,50.758204]],[[6.070942,50.751155],[6.071241,50.750947]]]},"id":662},{"type":"Feature","properties":{"id":"0ufb23m","name":"Severinstraße","kind":"minor","district":"eilendorf","level":"eilendorf-2","importance":1531,"center":[6.153197,50.780402],"length":1062},"geometry":{"type":"MultiLineString","coordinates":[[[6.158778,50.783262],[6.15598,50.781875]],[[6.15598,50.781875],[6.154983,50.781387]],[[6.152354,50.779741],[6.151342,50.779095],[6.150574,50.778748],[6.150411,50.778638],[6.150226,50.778473],[6.149259,50.777341],[6.148224,50.776577]],[[6.154983,50.781387],[6.153788,50.780796]],[[6.152847,50.780125],[6.152354,50.779741]],[[6.153788,50.780796],[6.153548,50.78068],[6.152847,50.780125]]]},"id":663},{"type":"Feature","properties":{"id":"0uha1pq","name":"Reuterweg","kind":"minor","district":"haaren","level":"haaren-3","importance":1175,"center":[6.131955,50.794212],"length":349},"geometry":{"type":"MultiLineString","coordinates":[[[6.131846,50.793144],[6.132,50.794655]],[[6.131846,50.793144],[6.131586,50.792888]],[[6.131776,50.792818],[6.131833,50.792912],[6.131846,50.793144]],[[6.132107,50.795644],[6.132,50.794655]]]},"id":664},{"type":"Feature","properties":{"id":"0uhwdvd","name":"Zum Kirschbäumchen","kind":"minor","district":"aachen-mitte","level":"aachen-mitte-32","importance":1375,"center":[6.11499,50.79319],"length":750},"geometry":{"type":"MultiLineString","coordinates":[[[6.113346,50.793499],[6.113224,50.793548]],[[6.116617,50.791999],[6.113346,50.793499]],[[6.114309,50.793039],[6.115138,50.793679],[6.115684,50.793391]],[[6.115414,50.792543],[6.116062,50.793087]],[[6.114694,50.793334],[6.115286,50.793045]],[[6.115912,50.792317],[6.11662,50.792944]],[[6.114115,50.793129],[6.114503,50.793436],[6.114623,50.793457],[6.115027,50.793797]]]},"id":665},{"type":"Feature","properties":{"id":"0uioa1u","name":"Horngasse","kind":"minor","district":"aachen-mitte","level":"aachen-mitte-16","importance":1099,"center":[6.092227,50.769736],"length":197},"geometry":{"type":"MultiLineString","coordinates":[[[6.091935,50.769526],[6.092191,50.769727],[6.092263,50.769744]],[[6.092081,50.770175],[6.092601,50.769025],[6.092691,50.768969]],[[6.091893,50.77031],[6.092041,50.770254],[6.092081,50.770175]]]},"id":666},{"type":"Feature","properties":{"id":"0ulqr49","name":"Krauthausener Straße","kind":"major","district":"brand","level":"brand-1","importance":3477,"center":[6.189905,50.743224],"length":953},"geometry":{"type":"MultiLineString","coordinates":[[[6.193796,50.743526],[6.194864,50.742907]],[[6.187225,50.741516],[6.187904,50.742005],[6.188314,50.742167],[6.188709,50.742395],[6.189677,50.743081],[6.191566,50.74428],[6.192076,50.744405]],[[6.185925,50.739853],[6.186247,50.740069],[6.186588,50.740428],[6.186755,50.740667],[6.186897,50.741015],[6.187225,50.741516]],[[6.185791,50.739796],[6.185925,50.739853]],[[6.192448,50.74431],[6.193796,50.743526]],[[6.192076,50.744405],[6.192289,50.744375],[6.192448,50.74431]]]},"id":667},{"type":"Feature","properties":{"id":"0ulwibb","name":"Hermann-Sudermann-Straße","kind":"minor","district":"aachen-mitte","level":"aachen-mitte-37","importance":1130,"center":[6.142801,50.749758],"length":260},"geometry":{"type":"MultiLineString","coordinates":[[[6.142224,50.750175],[6.143266,50.749441]],[[6.14253,50.74996],[6.142934,50.750198]],[[6.142822,50.749742],[6.142174,50.74938],[6.142055,50.749253]],[[6.143144,50.749534],[6.143481,50.749749]]]},"id":668},{"type":"Feature","properties":{"id":"0umrujq","name":"Paulusstraße","kind":"minor","district":"aachen-mitte","level":"aachen-mitte-12","importance":1062,"center":[6.078158,50.774391],"length":124},"geometry":{"type":"LineString","coordinates":[[6.077608,50.774829],[6.078708,50.773953]]},"id":669},{"type":"Feature","properties":{"id":"0ungub6","name":"Grüne Eiche","kind":"minor","district":"aachen-mitte","level":"aachen-mitte-35","importance":1927,"center":[6.114452,50.72452],"length":1855},"geometry":{"type":"MultiLineString","coordinates":[[[6.112887,50.722743],[6.11418,50.722426],[6.114599,50.72242],[6.114875,50.72247],[6.115048,50.722543],[6.115747,50.722953],[6.11638,50.723143]],[[6.11638,50.723143],[6.116051,50.723441],[6.11225,50.726024],[6.112034,50.726185],[6.111866,50.726425],[6.111868,50.726615],[6.111924,50.726735],[6.113957,50.730012]],[[6.113957,50.730012],[6.11492,50.731587],[6.115087,50.731735],[6.115283,50.731809]],[[6.115283,50.731809],[6.115376,50.731829]],[[6.119322,50.719798],[6.119307,50.720205],[6.119216,50.72039],[6.11818,50.721401]],[[6.11818,50.721401],[6.11638,50.723143]]]},"id":670},{"type":"Feature","properties":{"id":"0up35vl","name":"Schraungracht","kind":"minor","district":"kornelimuenster-walheim","level":"kornelimuenster-walheim-7","importance":1150,"center":[6.180808,50.72747],"length":300},"geometry":{"type":"MultiLineString","coordinates":[[[6.180281,50.725165],[6.180738,50.725498],[6.180988,50.725735],[6.181197,50.726065]],[[6.180272,50.72849],[6.180381,50.728545]],[[6.180758,50.727505],[6.180457,50.727736],[6.180268,50.728061]],[[6.180268,50.728061],[6.180147,50.72829],[6.180139,50.728413],[6.180272,50.72849]],[[6.181219,50.727232],[6.180758,50.727505]]]},"id":671},{"type":"Feature","properties":{"id":"0uuvaq0","name":"Sittarder Straße","kind":"minor","district":"aachen-mitte","level":"aachen-mitte-36","importance":1509,"center":[6.137359,50.756794],"length":1018},"geometry":{"type":"MultiLineString","coordinates":[[[6.13217,50.760308],[6.134113,50.759175]],[[6.134113,50.759175],[6.134671,50.758756],[6.135345,50.758125]],[[6.135345,50.758125],[6.135774,50.757801],[6.137146,50.756892],[6.137572,50.756695],[6.137972,50.756569],[6.138358,50.756486],[6.139339,50.756355]],[[6.139339,50.756355],[6.140252,50.756245]],[[6.140252,50.756245],[6.142624,50.755956],[6.142912,50.755865],[6.143768,50.755477]]]},"id":672},{"type":"Feature","properties":{"id":"0uxt6rk","name":"II. Rote-Haag-Weg","kind":"minor","district":"aachen-mitte","level":"aachen-mitte-34","importance":1400,"center":[6.091743,50.745312],"length":800},"geometry":{"type":"MultiLineString","coordinates":[[[6.087835,50.746151],[6.088096,50.746185],[6.089426,50.745863],[6.089697,50.745823],[6.090445,50.745818]],[[6.089647,50.746559],[6.089426,50.745863]],[[6.090445,50.745818],[6.090566,50.74582]],[[6.090566,50.74582],[6.090934,50.745818],[6.091169,50.745754],[6.093547,50.743983],[6.094075,50.743648],[6.095043,50.743216]],[[6.095043,50.743216],[6.095063,50.743084],[6.095186,50.742952],[6.095337,50.742965],[6.095346,50.743086]],[[6.095346,50.743086],[6.095043,50.743216]]]},"id":673},{"type":"Feature","properties":{"id":"0v07li0","name":"Am Kreuz","kind":"minor","district":"richterich","level":"richterich-3","importance":1128,"center":[6.062552,50.812571],"length":256},"geometry":{"type":"MultiLineString","coordinates":[[[6.061653,50.813098],[6.063029,50.812265],[6.063101,50.812041],[6.062978,50.811783]],[[6.063029,50.812265],[6.063462,50.81236]],[[6.062445,50.812637],[6.062805,50.812844]]]},"id":674},{"type":"Feature","properties":{"id":"0v0mmbo","name":"Bocholtzer Straße","kind":"minor","district":"laurensberg","level":"laurensberg-8","importance":1268,"center":[6.039177,50.813842],"length":535},"geometry":{"type":"LineString","coordinates":[[6.035452,50.813088],[6.036157,50.813069],[6.036526,50.813132],[6.037783,50.813552],[6.040333,50.814103],[6.04193,50.814674],[6.042462,50.814805]]},"id":675},{"type":"Feature","properties":{"id":"0v0y0xp","name":"Im Johannistal","kind":"minor","district":"aachen-mitte","level":"aachen-mitte-18","importance":1208,"center":[6.070361,50.768326],"length":416},"geometry":{"type":"MultiLineString","coordinates":[[[6.069827,50.767861],[6.069582,50.767605],[6.069531,50.767503],[6.069519,50.767253],[6.069756,50.766947],[6.07004,50.766814]],[[6.072172,50.769893],[6.071515,50.769377],[6.07089,50.768803]],[[6.07089,50.768803],[6.070285,50.768256]],[[6.070285,50.768256],[6.069827,50.767861]]]},"id":676},{"type":"Feature","properties":{"id":"0v3i0ug","name":"Kongressstraße","kind":"minor","district":"aachen-mitte","level":"aachen-mitte-17","importance":1172,"center":[6.102659,50.773023],"length":343},"geometry":{"type":"MultiLineString","coordinates":[[[6.103447,50.771466],[6.102665,50.772974],[6.102667,50.773254]],[[6.102667,50.773254],[6.102694,50.773622]],[[6.102694,50.773622],[6.10272,50.773979]],[[6.10272,50.773979],[6.102752,50.774473]]]},"id":677},{"type":"Feature","properties":{"id":"0v5njfe","name":"Dunantstraße","kind":"major","district":"aachen-mitte","level":"aachen-mitte-4","importance":3063,"center":[6.094787,50.769083],"length":125},"geometry":{"type":"MultiLineString","coordinates":[[[6.095102,50.769277],[6.094906,50.769256],[6.094667,50.768911],[6.094582,50.768848],[6.094595,50.768787]],[[6.09504,50.769093],[6.094738,50.768855]],[[6.094738,50.768855],[6.094595,50.768787]],[[6.094595,50.768787],[6.094514,50.768756]]]},"id":678},{"type":"Feature","properties":{"id":"0va6f96","name":"Paul-Klee-Straße","kind":"minor","district":"kornelimuenster-walheim","level":"kornelimuenster-walheim-8","importance":1023,"center":[6.172257,50.72718],"length":47},"geometry":{"type":"LineString","coordinates":[[6.171934,50.727012],[6.172111,50.727063],[6.172404,50.727297]]},"id":679},{"type":"Feature","properties":{"id":"0vix0gl","name":"Vinzenzstraße","kind":"minor","district":"brand","level":"brand-4","importance":1103,"center":[6.158037,50.744059],"length":205},"geometry":{"type":"LineString","coordinates":[[6.15757,50.744793],[6.158021,50.744402],[6.158123,50.744241],[6.158097,50.744124],[6.157977,50.743993],[6.156926,50.743358]]},"id":680},{"type":"Feature","properties":{"id":"0vjdxpk","name":"Am Sportpark Soers","kind":"path","district":"laurensberg","level":"laurensberg-9","importance":172,"center":[6.09419,50.794742],"length":344},"geometry":{"type":"LineString","coordinates":[[6.096461,50.794282],[6.091796,50.795214]]},"id":681},{"type":"Feature","properties":{"id":"0vl95vd","name":"Pirolweg","kind":"minor","district":"kornelimuenster-walheim","level":"kornelimuenster-walheim-2","importance":1133,"center":[6.169078,50.702852],"length":266},"geometry":{"type":"MultiLineString","coordinates":[[[6.16728,50.702722],[6.1689,50.703142],[6.169908,50.703318]],[[6.1689,50.703142],[6.169257,50.702562]]]},"id":682},{"type":"Feature","properties":{"id":"0votz9n","name":"Rasostraße","kind":"minor","district":"aachen-mitte","level":"aachen-mitte-36","importance":1143,"center":[6.140391,50.758984],"length":285},"geometry":{"type":"MultiLineString","coordinates":[[[6.139735,50.758334],[6.140453,50.759043]],[[6.140032,50.758619],[6.140778,50.758308]],[[6.140329,50.758926],[6.140998,50.758633]],[[6.140453,50.759043],[6.140648,50.759234],[6.140827,50.759163],[6.140775,50.759105],[6.140453,50.759043]]]},"id":683},{"type":"Feature","properties":{"id":"0vrop3w","name":"Kármánhof","kind":"square","district":"aachen-mitte","level":"aachen-mitte-2","importance":3000,"center":[6.079742,50.776896],"length":0},"geometry":{"type":"Polygon","coordinates":[[[6.079064,50.777493],[6.079618,50.777161],[6.079731,50.777236],[6.080042,50.777077],[6.079899,50.776993],[6.080118,50.776832],[6.080144,50.776824],[6.080213,50.776855],[6.080181,50.776878],[6.080206,50.776892],[6.080331,50.776805],[6.080244,50.776755],[6.080273,50.776724],[6.080312,50.776713],[6.080311,50.776694],[6.080269,50.776695],[6.080215,50.776663],[6.080315,50.776588],[6.080023,50.776463],[6.079937,50.776515],[6.079882,50.7765],[6.07988,50.776485],[6.079659,50.776666],[6.079673,50.776682],[6.079649,50.776702],[6.079622,50.776702],[6.079659,50.776749],[6.079697,50.776741],[6.079815,50.776802],[6.07977,50.776927],[6.079702,50.776982],[6.079612,50.776975],[6.079573,50.776995],[6.079537,50.776975],[6.079513,50.776996],[6.07956,50.777024],[6.079532,50.777046],[6.07947,50.777029],[6.07947,50.777053],[6.079377,50.77713],[6.079344,50.777131],[6.079208,50.777062],[6.079211,50.77702],[6.079118,50.776981],[6.079074,50.77701],[6.079077,50.777051],[6.079048,50.777061],[6.079013,50.777043],[6.078807,50.777208],[6.078921,50.777283],[6.078829,50.777336],[6.079064,50.777493]]]},"id":684},{"type":"Feature","properties":{"id":"0vssdc6","name":"Stapperstraße","kind":"major","district":"eilendorf","level":"eilendorf-1","importance":3234,"center":[6.153954,50.783534],"length":469},"geometry":{"type":"MultiLineString","coordinates":[[[6.154983,50.781387],[6.154839,50.781516],[6.154736,50.782741],[6.154083,50.783413],[6.15311,50.78429]],[[6.15311,50.78429],[6.152227,50.785082]]]},"id":685},{"type":"Feature","properties":{"id":"0vv49m3","name":"Am Kupferofen","kind":"minor","district":"aachen-mitte","level":"aachen-mitte-31","importance":1248,"center":[6.121262,50.764782],"length":497},"geometry":{"type":"MultiLineString","coordinates":[[[6.120447,50.764876],[6.120594,50.764992]],[[6.123867,50.766229],[6.12315,50.765582],[6.122319,50.765121],[6.121444,50.764873],[6.12108,50.76469],[6.118992,50.763285]]]},"id":686},{"type":"Feature","properties":{"id":"0vwwas8","name":"Schulberg","kind":"minor","district":"kornelimuenster-walheim","level":"kornelimuenster-walheim-7","importance":1035,"center":[6.17933,50.728553],"length":70},"geometry":{"type":"MultiLineString","coordinates":[[[6.180627,50.728247],[6.180459,50.728136],[6.180268,50.728061]],[[6.179383,50.728518],[6.179172,50.728659],[6.178979,50.728616]]]},"id":687},{"type":"Feature","properties":{"id":"0vzz7rp","name":"Im Kollenbruch","kind":"minor","district":"brand","level":"brand-6","importance":1383,"center":[6.164283,50.742309],"length":767},"geometry":{"type":"MultiLineString","coordinates":[[[6.1598,50.744067],[6.160269,50.743782],[6.162289,50.742696],[6.162828,50.742432],[6.163425,50.742276]],[[6.166719,50.742069],[6.166903,50.742113]],[[6.163425,50.742276],[6.163485,50.742275]],[[6.163485,50.742275],[6.164074,50.742318],[6.164492,50.7423]],[[6.167654,50.742551],[6.167848,50.742826],[6.167981,50.743214],[6.168319,50.743479]],[[6.164492,50.7423],[6.164798,50.742241],[6.165418,50.742063],[6.165783,50.742014],[6.166356,50.742014],[6.166719,50.742069]],[[6.166903,50.742113],[6.167089,50.742175],[6.167408,50.742348],[6.167654,50.742551]]]},"id":688},{"type":"Feature","properties":{"id":"0w07fie","name":"Schmithofer Weg","kind":"minor","district":"kornelimuenster-walheim","level":"kornelimuenster-walheim-3","importance":1126,"center":[6.166035,50.687748],"length":252},"geometry":{"type":"LineString","coordinates":[[6.16729,50.688732],[6.165049,50.686968]]},"id":689},{"type":"Feature","properties":{"id":"0w0pkm0","name":"Am Wolf","kind":"minor","district":"aachen-mitte","level":"aachen-mitte-23","importance":1057,"center":[6.092095,50.78877],"length":114},"geometry":{"type":"LineString","coordinates":[[6.092557,50.789237],[6.092176,50.788829],[6.091842,50.788611],[6.09153,50.788457]]},"id":690},{"type":"Feature","properties":{"id":"0w0qdyu","name":"Ritterstraße","kind":"minor","district":"aachen-mitte","level":"aachen-mitte-19","importance":1179,"center":[6.065558,50.789954],"length":358},"geometry":{"type":"LineString","coordinates":[[6.064695,50.791435],[6.064868,50.791086],[6.065458,50.790261],[6.065564,50.789914],[6.065502,50.789494],[6.065101,50.78835]]},"id":691},{"type":"Feature","properties":{"id":"0w1rquq","name":"Eckertweg","kind":"path","district":"aachen-mitte","level":"aachen-mitte-38","importance":101,"center":[6.069177,50.777336],"length":202},"geometry":{"type":"MultiLineString","coordinates":[[[6.071815,50.776718],[6.071606,50.777085],[6.071361,50.777386],[6.071057,50.777404]],[[6.068353,50.77716],[6.068477,50.777248],[6.068618,50.777291],[6.069339,50.777347]],[[6.068116,50.777011],[6.068353,50.77716]]]},"id":692},{"type":"Feature","properties":{"id":"0w27vb9","name":"Lousbergstraße","kind":"minor","district":"aachen-mitte","level":"aachen-mitte-15","importance":1195,"center":[6.078178,50.783558],"length":390},"geometry":{"type":"LineString","coordinates":[[6.080157,50.782436],[6.079955,50.782586],[6.076705,50.784348],[6.076488,50.784395],[6.076258,50.784396],[6.075802,50.784285]]},"id":693},{"type":"Feature","properties":{"id":"0w9gpif","name":"Domhof","kind":"square","district":"aachen-mitte","level":"aachen-mitte-1","importance":3000,"center":[6.083365,50.774697],"length":0},"geometry":{"type":"Polygon","coordinates":[[[6.082801,50.774796],[6.082943,50.7748],[6.082946,50.774819],[6.083517,50.774818],[6.083517,50.774778],[6.083476,50.774759],[6.083475,50.774716],[6.083514,50.774686],[6.083563,50.774687],[6.08362,50.774645],[6.083528,50.774574],[6.083479,50.774578],[6.083428,50.774663],[6.083067,50.774664],[6.082948,50.774679],[6.082942,50.774723],[6.082812,50.774721],[6.082801,50.774796]]]},"id":694},{"type":"Feature","properties":{"id":"0w9l1ts","name":"Frankenberger Straße","kind":"minor","district":"aachen-mitte","level":"aachen-mitte-20","importance":1225,"center":[6.107604,50.768249],"length":449},"geometry":{"type":"MultiLineString","coordinates":[[[6.110541,50.768608],[6.1086,50.768365]],[[6.1086,50.768365],[6.108347,50.768335]],[[6.108347,50.768335],[6.104523,50.767855],[6.104395,50.767715]]]},"id":695},{"type":"Feature","properties":{"id":"0wadbkd","name":"Ungarnplatz","kind":"square","district":"aachen-mitte","level":"aachen-mitte-4","importance":3000,"center":[6.098254,50.781904],"length":0},"geometry":{"type":"Polygon","coordinates":[[[6.098439,50.781938],[6.098157,50.781674],[6.09814,50.782099],[6.098439,50.781938]]]},"id":696},{"type":"Feature","properties":{"id":"0wbchwl","name":"Karolingerstraße","kind":"minor","district":"aachen-mitte","level":"aachen-mitte-23","importance":1191,"center":[6.091421,50.788554],"length":382},"geometry":{"type":"LineString","coordinates":[[6.089228,50.789081],[6.089664,50.789118],[6.090168,50.789096],[6.090724,50.788958],[6.091052,50.788813],[6.091311,50.788651],[6.092574,50.787492],[6.092877,50.787286],[6.093244,50.787114]]},"id":697},{"type":"Feature","properties":{"id":"0wf8xbg","name":"Meisenweg","kind":"minor","district":"aachen-mitte","level":"aachen-mitte-33","importance":1120,"center":[6.136457,50.768625],"length":239},"geometry":{"type":"LineString","coordinates":[[6.137801,50.768528],[6.136918,50.768637],[6.136181,50.768619],[6.134426,50.768491]]},"id":698},{"type":"Feature","properties":{"id":"0wl2wve","name":"Lintertweg","kind":"path","district":"aachen-mitte","level":"aachen-mitte-40","importance":45,"center":[6.119349,50.745747],"length":90},"geometry":{"type":"LineString","coordinates":[[6.118894,50.745465],[6.119804,50.746029]]},"id":699},{"type":"Feature","properties":{"id":"0wn1vgg","name":"Neuhausstraße","kind":"minor","district":"aachen-mitte","level":"aachen-mitte-36","importance":1195,"center":[6.137385,50.759422],"length":389},"geometry":{"type":"MultiLineString","coordinates":[[[6.135345,50.758125],[6.137599,50.759556]],[[6.137599,50.759556],[6.139014,50.760431],[6.13924,50.76061]]]},"id":700},{"type":"Feature","properties":{"id":"0wn4juv","name":"Hauseter Weg","kind":"minor","district":"aachen-mitte","level":"aachen-mitte-35","importance":1049,"center":[6.047545,50.739075],"length":97},"geometry":{"type":"LineString","coordinates":[[6.047081,50.739416],[6.047628,50.739269],[6.047438,50.738882],[6.047455,50.738795]]},"id":701},{"type":"Feature","properties":{"id":"0wpekgd","name":"Hof","kind":"square","district":"aachen-mitte","level":"aachen-mitte-1","importance":3000,"center":[6.084939,50.775395],"length":0},"geometry":{"type":"Polygon","coordinates":[[[6.084794,50.77539],[6.084969,50.77553],[6.085115,50.775697],[6.085184,50.775721],[6.085417,50.775589],[6.085262,50.775532],[6.085213,50.775493],[6.085152,50.775542],[6.085101,50.775512],[6.084968,50.775369],[6.085052,50.775305],[6.084543,50.775067],[6.084499,50.775036],[6.084452,50.774958],[6.084434,50.775129],[6.084563,50.775127],[6.084625,50.775176],[6.084794,50.77539]]]},"id":702},{"type":"Feature","properties":{"id":"0wq502d","name":"Erlenweg","kind":"minor","district":"aachen-mitte","level":"aachen-mitte-28","importance":1090,"center":[6.055259,50.784154],"length":181},"geometry":{"type":"LineString","coordinates":[[6.054112,50.784171],[6.054814,50.783995],[6.055,50.784011],[6.056042,50.784595],[6.056166,50.784718]]},"id":703},{"type":"Feature","properties":{"id":"0wruuoo","name":"Kreuzerdriesch","kind":"minor","district":"aachen-mitte","level":"aachen-mitte-34","importance":1340,"center":[6.129348,50.740901],"length":680},"geometry":{"type":"MultiLineString","coordinates":[[[6.12619,50.741787],[6.12645,50.741834],[6.126612,50.741791],[6.130318,50.740582]],[[6.130318,50.740582],[6.128547,50.738734],[6.128352,50.738648]],[[6.130318,50.740582],[6.131196,50.740319],[6.131592,50.740242]]]},"id":704},{"type":"Feature","properties":{"id":"0ws2k0j","name":"Margaritenweg","kind":"path","district":"aachen-mitte","level":"aachen-mitte-38","importance":49,"center":[6.066369,50.766717],"length":99},"geometry":{"type":"LineString","coordinates":[[6.065785,50.766472],[6.066952,50.766962]]},"id":705},{"type":"Feature","properties":{"id":"0wsggba","name":"Louis-Beißel-Straße","kind":"minor","district":"aachen-mitte","level":"aachen-mitte-30","importance":1312,"center":[6.092081,50.750619],"length":623},"geometry":{"type":"MultiLineString","coordinates":[[[6.09303,50.752515],[6.09211,50.750709],[6.092016,50.750336],[6.09201,50.750046],[6.092133,50.749554],[6.092412,50.749066],[6.092698,50.748785],[6.09339,50.74826],[6.093584,50.748038]],[[6.093645,50.751482],[6.092613,50.751685]],[[6.093045,50.752578],[6.09303,50.752515]]]},"id":706},{"type":"Feature","properties":{"id":"0wuj12c","name":"Fichtestraße","kind":"minor","district":"aachen-mitte","level":"aachen-mitte-35","importance":1107,"center":[6.13289,50.760839],"length":213},"geometry":{"type":"MultiLineString","coordinates":[[[6.134081,50.761793],[6.133569,50.761339],[6.132212,50.76034]],[[6.132212,50.76034],[6.13217,50.760308]]]},"id":707},{"type":"Feature","properties":{"id":"0wupibx","name":"Florastraße","kind":"minor","district":"kornelimuenster-walheim","level":"kornelimuenster-walheim-4","importance":1265,"center":[6.183039,50.711594],"length":530},"geometry":{"type":"MultiLineString","coordinates":[[[6.181466,50.710363],[6.181909,50.710597],[6.182214,50.710807],[6.182416,50.710883],[6.182799,50.711237],[6.182998,50.711482],[6.18329,50.712357],[6.183312,50.712557],[6.183239,50.712683]],[[6.18329,50.712357],[6.18408,50.712274],[6.184045,50.711917],[6.183808,50.711403],[6.183391,50.710832]]]},"id":708},{"type":"Feature","properties":{"id":"0wuvwxa","name":"Grenzweg","kind":"minor","district":"kornelimuenster-walheim","level":"kornelimuenster-walheim-3","importance":1108,"center":[6.144055,50.685901],"length":215},"geometry":{"type":"LineString","coordinates":[[6.145516,50.686601],[6.145308,50.686576],[6.144981,50.68633],[6.144223,50.685965],[6.143052,50.685504]]},"id":709},{"type":"Feature","properties":{"id":"0wvk9hc","name":"Mallinckrodtstraße","kind":"minor","district":"aachen-mitte","level":"aachen-mitte-25","importance":1105,"center":[6.09932,50.758537],"length":210},"geometry":{"type":"LineString","coordinates":[[6.100181,50.758835],[6.098195,50.758141],[6.097894,50.757919],[6.097805,50.757772]]},"id":710},{"type":"Feature","properties":{"id":"0ww6y40","name":"Suttnerstraße","kind":"minor","district":"eilendorf","level":"eilendorf-3","importance":1288,"center":[6.145643,50.779189],"length":577},"geometry":{"type":"MultiLineString","coordinates":[[[6.147407,50.778545],[6.145135,50.779374]],[[6.149632,50.777755],[6.147407,50.778545]],[[6.145135,50.779374],[6.143622,50.779816],[6.143026,50.780591]]]},"id":711},{"type":"Feature","properties":{"id":"0ww9hwc","name":"Rosberg","kind":"minor","district":"aachen-mitte","level":"aachen-mitte-24","importance":1084,"center":[6.0619,50.769051],"length":169},"geometry":{"type":"MultiLineString","coordinates":[[[6.062685,50.768482],[6.061966,50.769045],[6.061835,50.769058],[6.061594,50.76902]],[[6.061074,50.768795],[6.06098,50.768815],[6.060958,50.768862],[6.06102,50.7689],[6.061594,50.76902]]]},"id":712},{"type":"Feature","properties":{"id":"0wynfkw","name":"Birkenweg","kind":"minor","district":"haaren","level":"haaren-3","importance":1450,"center":[6.131607,50.798683],"length":900},"geometry":{"type":"MultiLineString","coordinates":[[[6.129148,50.797445],[6.129267,50.797383],[6.12937,50.797383],[6.129453,50.797419],[6.132233,50.799063],[6.13332,50.799369]],[[6.132233,50.799063],[6.132074,50.799718]],[[6.135007,50.799709],[6.134761,50.799842],[6.134471,50.799827],[6.13332,50.799369]],[[6.134239,50.79973],[6.134039,50.8],[6.134012,50.800169],[6.133901,50.800271]],[[6.130261,50.797896],[6.130861,50.797442],[6.131075,50.797149]],[[6.130604,50.798095],[6.130999,50.797781]],[[6.130998,50.798322],[6.131395,50.797998]],[[6.131369,50.798536],[6.13184,50.798164]]]},"id":713},{"type":"Feature","properties":{"id":"0x4dlkp","name":"Krebsstraße","kind":"minor","district":"eilendorf","level":"eilendorf-3","importance":1382,"center":[6.150135,50.772817],"length":764},"geometry":{"type":"LineString","coordinates":[[6.155328,50.772324],[6.155189,50.772276],[6.154965,50.772267],[6.153296,50.772455],[6.149932,50.772843],[6.14932,50.773003],[6.148818,50.7732],[6.148504,50.773365],[6.147732,50.773978],[6.146744,50.775334],[6.14667,50.775377]]},"id":714},{"type":"Feature","properties":{"id":"0x5gw92","name":"Püngelerstraße","kind":"minor","district":"laurensberg","level":"laurensberg-4","importance":1222,"center":[6.024428,50.769109],"length":445},"geometry":{"type":"MultiLineString","coordinates":[[[6.024418,50.769071],[6.024648,50.76974],[6.025562,50.770708]],[[6.024306,50.769074],[6.024173,50.768689],[6.024079,50.767611],[6.023924,50.767286],[6.023775,50.767135]],[[6.025562,50.770708],[6.025711,50.770876]]]},"id":715},{"type":"Feature","properties":{"id":"0x8p3n0","name":"Lochnerstraße","kind":"minor","district":"aachen-mitte","level":"aachen-mitte-12","importance":1202,"center":[6.07347,50.773061],"length":403},"geometry":{"type":"MultiLineString","coordinates":[[[6.072085,50.772713],[6.07121,50.772483]],[[6.073314,50.773021],[6.076146,50.773769]],[[6.072495,50.772815],[6.072085,50.772713]],[[6.073149,50.772979],[6.073314,50.773021]],[[6.072495,50.772815],[6.073149,50.772979]],[[6.07121,50.772483],[6.070973,50.772391],[6.070918,50.77233]]]},"id":716},{"type":"Feature","properties":{"id":"0x9jty3","name":"Auf Überhaaren","kind":"minor","district":"haaren","level":"haaren-3","importance":1196,"center":[6.128252,50.791516],"length":391},"geometry":{"type":"LineString","coordinates":[[6.126276,50.792532],[6.128408,50.791426],[6.128816,50.79115],[6.130209,50.790063]]},"id":717},{"type":"Feature","properties":{"id":"0xaf3gh","name":"Felix-Timmermans-Straße","kind":"minor","district":"aachen-mitte","level":"aachen-mitte-24","importance":1045,"center":[6.058388,50.76447],"length":90},"geometry":{"type":"LineString","coordinates":[[6.058983,50.764332],[6.058573,50.764445],[6.057758,50.764548]]},"id":718},{"type":"Feature","properties":{"id":"0xaicx4","name":"Grünenthaler Straße","kind":"minor","district":"richterich","level":"richterich-3","importance":1707,"center":[6.053355,50.814872],"length":1413},"geometry":{"type":"MultiLineString","coordinates":[[[6.058649,50.814613],[6.058387,50.814588],[6.058075,50.814833]],[[6.052522,50.814751],[6.051479,50.814744],[6.051467,50.814999],[6.051396,50.815061],[6.050533,50.815257],[6.049685,50.815362]],[[6.048283,50.815188],[6.048026,50.815734],[6.047922,50.815853]],[[6.048026,50.815734],[6.048371,50.815804]],[[6.049685,50.815362],[6.048971,50.815325],[6.048283,50.815188]],[[6.052898,50.814857],[6.052684,50.815461],[6.053104,50.815782],[6.053305,50.815836]],[[6.052911,50.815657],[6.052814,50.815869]],[[6.054915,50.815131],[6.055105,50.814618],[6.055113,50.814549],[6.055049,50.814443],[6.054893,50.814451],[6.054027,50.81465]],[[6.057579,50.815032],[6.057381,50.814963],[6.056828,50.814545]],[[6.058075,50.814833],[6.057868,50.815006],[6.057779,50.815025],[6.056995,50.815029],[6.056521,50.815062],[6.055481,50.815241],[6.055088,50.815196],[6.054859,50.815114],[6.053514,50.814884],[6.052622,50.814863],[6.052526,50.814819],[6.052522,50.814751]],[[6.054859,50.815114],[6.054432,50.815779],[6.053989,50.815706]]]},"id":719},{"type":"Feature","properties":{"id":"0xavsey","name":"Bobenden","kind":"minor","district":"brand","level":"brand-2","importance":1171,"center":[6.154955,50.74904],"length":342},"geometry":{"type":"MultiLineString","coordinates":[[[6.154721,50.74979],[6.155227,50.749275],[6.155206,50.749225],[6.154699,50.748859],[6.154587,50.748847],[6.154502,50.748879],[6.153988,50.749408]],[[6.154652,50.748846],[6.154636,50.74869],[6.154499,50.748593]],[[6.155219,50.749301],[6.155407,50.749317],[6.155812,50.749543]],[[6.155018,50.749501],[6.155502,50.749782]]]},"id":720},{"type":"Feature","properties":{"id":"0xd0c6n","name":"Birkengrund","kind":"minor","district":"aachen-mitte","level":"aachen-mitte-30","importance":1043,"center":[6.103254,50.749622],"length":86},"geometry":{"type":"LineString","coordinates":[[6.103741,50.749853],[6.102768,50.749392]]},"id":721},{"type":"Feature","properties":{"id":"0xd4vjb","name":"Augustinerweg","kind":"path","district":"aachen-mitte","level":"aachen-mitte-40","importance":228,"center":[6.130923,50.734055],"length":456},"geometry":{"type":"LineString","coordinates":[[6.132997,50.735707],[6.131519,50.734557],[6.130766,50.73391],[6.130244,50.733577],[6.128524,50.732795]]},"id":722},{"type":"Feature","properties":{"id":"0xh97c9","name":"Josef-Ponten-Straße","kind":"minor","district":"richterich","level":"richterich-4","importance":1294,"center":[6.067571,50.809611],"length":589},"geometry":{"type":"MultiLineString","coordinates":[[[6.069809,50.8093],[6.067868,50.809586],[6.066494,50.809694],[6.066566,50.810069]],[[6.066494,50.809694],[6.066385,50.80913],[6.066453,50.809012],[6.066548,50.808972],[6.067041,50.808931],[6.068319,50.808715],[6.069676,50.808629]]]},"id":723},{"type":"Feature","properties":{"id":"0xr7ovk","name":"Bayersbusch","kind":"minor","district":"eilendorf","level":"eilendorf-5","importance":1044,"center":[6.173215,50.77875],"length":88},"geometry":{"type":"LineString","coordinates":[[6.1726,50.778689],[6.17383,50.778812]]},"id":724},{"type":"Feature","properties":{"id":"0xrouyu","name":"Richard-Wagner-Straße","kind":"minor","district":"brand","level":"brand-2","importance":1057,"center":[6.162895,50.754316],"length":114},"geometry":{"type":"LineString","coordinates":[[6.163461,50.754171],[6.161963,50.754551]]},"id":725},{"type":"Feature","properties":{"id":"0xrtduf","name":"Kehrbrückstraße","kind":"minor","district":"eilendorf","level":"eilendorf-4","importance":1172,"center":[6.154683,50.785233],"length":344},"geometry":{"type":"MultiLineString","coordinates":[[[6.156952,50.785682],[6.155749,50.785575],[6.155061,50.785424],[6.155,50.785383]],[[6.155038,50.785253],[6.15458,50.785228],[6.154002,50.785301],[6.153598,50.785279],[6.152227,50.785082]]]},"id":726},{"type":"Feature","properties":{"id":"0xt4x4g","name":"Piusstraße","kind":"minor","district":"aachen-mitte","level":"aachen-mitte-27","importance":1120,"center":[6.082747,50.755078],"length":239},"geometry":{"type":"LineString","coordinates":[[6.081793,50.756047],[6.082124,50.755452],[6.082247,50.755321],[6.082451,50.755191],[6.082697,50.755091],[6.082887,50.755048],[6.083096,50.755046],[6.08406,50.755267],[6.084204,50.755272]]},"id":727},{"type":"Feature","properties":{"id":"0xujogq","name":"Schildchenweg","kind":"minor","district":"kornelimuenster-walheim","level":"kornelimuenster-walheim-7","importance":1282,"center":[6.186932,50.729185],"length":563},"geometry":{"type":"MultiLineString","coordinates":[[[6.183999,50.72984],[6.183573,50.730131],[6.183499,50.730247]],[[6.187919,50.729421],[6.187138,50.729207],[6.18686,50.729183],[6.185783,50.729589],[6.18534,50.729648],[6.184537,50.729693],[6.184253,50.72975],[6.183999,50.72984]],[[6.189525,50.729157],[6.189287,50.729396]],[[6.190232,50.728715],[6.190148,50.728808],[6.189767,50.728982],[6.189525,50.729157]],[[6.189156,50.72948],[6.188882,50.729557],[6.18872,50.729563],[6.18833,50.729522],[6.187919,50.729421]],[[6.189287,50.729396],[6.189156,50.72948]]]},"id":728},{"type":"Feature","properties":{"id":"0y00e5e","name":"Champierweg","kind":"path","district":"aachen-mitte","level":"aachen-mitte-39","importance":129,"center":[6.085327,50.786293],"length":257},"geometry":{"type":"LineString","coordinates":[[6.084499,50.784948],[6.08474,50.785083],[6.084845,50.785268],[6.085005,50.785793],[6.085797,50.787075]]},"id":729},{"type":"Feature","properties":{"id":"0y29ex0","name":"Bayernallee","kind":"minor","district":"aachen-mitte","level":"aachen-mitte-30","importance":1158,"center":[6.096838,50.756432],"length":316},"geometry":{"type":"MultiLineString","coordinates":[[[6.096668,50.756277],[6.097544,50.757199],[6.097876,50.757394],[6.098312,50.757567]],[[6.095246,50.755579],[6.096035,50.755881],[6.096668,50.756277]]]},"id":730},{"type":"Feature","properties":{"id":"0y45eje","name":"Zwergziegen-Streichel-Gehege","kind":"square","district":"aachen-mitte","level":"aachen-mitte-7","importance":3000,"center":[6.11534,50.763943],"length":0},"geometry":{"type":"Polygon","coordinates":[[[6.115148,50.763879],[6.115209,50.763945],[6.115266,50.763928],[6.115371,50.764051],[6.115316,50.76407],[6.115343,50.764108],[6.115609,50.764018],[6.115492,50.763763],[6.115445,50.763732],[6.115148,50.763879]]]},"id":731},{"type":"Feature","properties":{"id":"0y4tt71","name":"Kierstraß","kind":"path","district":"kornelimuenster-walheim","level":"kornelimuenster-walheim-9","importance":66,"center":[6.159716,50.727219],"length":132},"geometry":{"type":"LineString","coordinates":[[6.160224,50.726897],[6.159974,50.727092],[6.159142,50.727536],[6.158969,50.727755]]},"id":732},{"type":"Feature","properties":{"id":"0y5dtah","name":"Schlangenweg","kind":"minor","district":"laurensberg","level":"laurensberg-4","importance":2000,"center":[6.018944,50.789056],"length":3041},"geometry":{"type":"MultiLineString","coordinates":[[[6.03606,50.784494],[6.035206,50.784933],[6.034628,50.785382],[6.034472,50.785446],[6.034096,50.785501],[6.033129,50.785567],[6.032845,50.78554],[6.031927,50.785338],[6.03115,50.785101],[6.030841,50.78506],[6.030676,50.785089],[6.03052,50.785138],[6.030331,50.785324],[6.030365,50.785508],[6.030848,50.786132],[6.030844,50.786267],[6.030791,50.786354],[6.030712,50.78644],[6.030504,50.786523],[6.030124,50.786539],[6.028843,50.78634],[6.02739,50.786276],[6.027062,50.786297],[6.026695,50.786428],[6.025923,50.786794],[6.024166,50.787522],[6.021352,50.788354],[6.006743,50.792618],[6.006353,50.792675],[6.005398,50.792673],[6.004911,50.792772],[6.002528,50.793825],[6.00165,50.794153]],[[6.000528,50.794732],[6.000325,50.794942],[6.000122,50.79527]],[[6.00165,50.794153],[6.000992,50.794411],[6.000528,50.794732]]]},"id":733},{"type":"Feature","properties":{"id":"0y7sex3","name":"Teichstraße","kind":"minor","district":"laurensberg","level":"laurensberg-5","importance":1138,"center":[6.060477,50.79389],"length":275},"geometry":{"type":"MultiLineString","coordinates":[[[6.06001,50.7949],[6.059998,50.794768],[6.060064,50.79457],[6.060361,50.794206]],[[6.060361,50.794206],[6.060503,50.793841],[6.061474,50.792637]]]},"id":734},{"type":"Feature","properties":{"id":"0y8es3y","name":"Monschauer Straße","kind":"major","district":"kornelimuenster-walheim","level":"kornelimuenster-walheim-1","importance":4000,"center":[6.133698,50.714152],"length":10323},"geometry":{"type":"MultiLineString","coordinates":[[[6.098229,50.75229],[6.09839,50.752141]],[[6.111191,50.736695],[6.114924,50.732495],[6.115206,50.732134],[6.115376,50.731829]],[[6.106713,50.745435],[6.107639,50.744934]],[[6.170726,50.687375],[6.172567,50.687536],[6.17338,50.68754],[6.174183,50.687434]],[[6.103773,50.747045],[6.104288,50.746715],[6.105138,50.746248]],[[6.143177,50.706648],[6.143476,50.706504]],[[6.153222,50.700088],[6.153267,50.699981]],[[6.153275,50.69996],[6.153547,50.69922]],[[6.102988,50.747788],[6.103626,50.747153]],[[6.131896,50.715778],[6.132217,50.715445],[6.133047,50.714705]],[[6.138057,50.710458],[6.138882,50.709747]],[[6.127206,50.720121],[6.127292,50.720064]],[[6.143476,50.706504],[6.144814,50.705945],[6.147579,50.704933],[6.148466,50.704544],[6.14923,50.704157],[6.150155,50.703609],[6.151095,50.702896],[6.151935,50.702099],[6.152267,50.701709]],[[6.13921,50.709469],[6.140535,50.708355],[6.141483,50.707637],[6.142358,50.70708],[6.143177,50.706648]],[[6.125252,50.721382],[6.125629,50.721134]],[[6.157692,50.693697],[6.158257,50.693212],[6.158723,50.692648]],[[6.159738,50.689656],[6.160037,50.689087],[6.160256,50.688808],[6.161016,50.688149],[6.161575,50.687812]],[[6.152267,50.701709],[6.152506,50.701392],[6.152854,50.700787]],[[6.169181,50.687221],[6.170726,50.687375]],[[6.153835,50.698382],[6.154225,50.697168],[6.154481,50.696544],[6.154979,50.695757],[6.1556,50.695144],[6.157692,50.693697]],[[6.159227,50.69129],[6.159341,50.690795],[6.159738,50.689656]],[[6.12485,50.721649],[6.125252,50.721382]],[[6.124374,50.721957],[6.124758,50.721708]],[[6.131673,50.715685],[6.13433,50.71343]],[[6.161575,50.687812],[6.162132,50.687561]],[[6.162132,50.687561],[6.162752,50.687329],[6.163527,50.687141],[6.16431,50.687028],[6.165049,50.686968]],[[6.100765,50.750292],[6.100956,50.75014]],[[6.100956,50.75014],[6.101391,50.749798],[6.101753,50.749437],[6.102211,50.748869],[6.102988,50.747788]],[[6.107934,50.744721],[6.108173,50.744493]],[[6.126276,50.720711],[6.12676,50.720402]],[[6.174183,50.687434],[6.175862,50.687058],[6.178569,50.686718]],[[6.165049,50.686968],[6.166594,50.686992],[6.168284,50.687139]],[[6.108406,50.744169],[6.108576,50.743644],[6.108556,50.743253],[6.108381,50.742765],[6.108011,50.742081],[6.107902,50.74179],[6.107823,50.741205],[6.10787,50.740844],[6.107957,50.740573],[6.108545,50.739689],[6.111191,50.736695]],[[6.128408,50.719314],[6.129541,50.718498],[6.130001,50.718092],[6.13053,50.717523]],[[6.12676,50.720402],[6.127206,50.720121]],[[6.178569,50.686718],[6.179058,50.686686]],[[6.099293,50.75141],[6.100765,50.750292]],[[6.127881,50.71967],[6.127292,50.720064]],[[6.123607,50.722459],[6.124374,50.721957]],[[6.105386,50.746119],[6.106713,50.745435]],[[6.115586,50.731444],[6.116467,50.728927],[6.116887,50.727941],[6.117758,50.726725],[6.118481,50.726008],[6.119654,50.725056],[6.123607,50.722459]],[[6.115376,50.731829],[6.115586,50.731444]],[[6.130798,50.717194],[6.131135,50.716745]],[[6.131135,50.716745],[6.131896,50.715778]],[[6.107639,50.744934],[6.107934,50.744721]],[[6.13448,50.713492],[6.135031,50.713024]],[[6.133047,50.714705],[6.13448,50.713492]],[[6.13053,50.717523],[6.130798,50.717194]],[[6.127881,50.71967],[6.128408,50.719314]],[[6.153267,50.699981],[6.153275,50.69996]],[[6.152854,50.700787],[6.153222,50.700088]],[[6.135031,50.713024],[6.137614,50.710845]],[[6.159073,50.691877],[6.159227,50.69129]],[[6.158723,50.692648],[6.158956,50.692206],[6.159073,50.691877]],[[6.153547,50.69922],[6.153835,50.698382]],[[6.09839,50.752141],[6.098619,50.751937]],[[6.124758,50.721708],[6.12485,50.721649]],[[6.098099,50.752415],[6.098229,50.75229]],[[6.105138,50.746248],[6.105386,50.746119]],[[6.108173,50.744493],[6.108406,50.744169]],[[6.126076,50.720843],[6.126276,50.720711]],[[6.125629,50.721134],[6.126076,50.720843]],[[6.137614,50.710845],[6.138057,50.710458]],[[6.103626,50.747153],[6.103773,50.747045]],[[6.138882,50.709747],[6.13921,50.709469]],[[6.168284,50.687139],[6.169181,50.687221]],[[6.098762,50.751814],[6.099293,50.75141]],[[6.098619,50.751937],[6.098762,50.751814]]]},"id":735},{"type":"Feature","properties":{"id":"0y8v8kx","name":"Bierstrauch","kind":"minor","district":"kornelimuenster-walheim","level":"kornelimuenster-walheim-8","importance":1331,"center":[6.14927,50.73225],"length":662},"geometry":{"type":"MultiLineString","coordinates":[[[6.148769,50.732319],[6.14867,50.732349]],[[6.14867,50.732349],[6.147326,50.73295],[6.145225,50.733795]],[[6.15373,50.73164],[6.153198,50.731732],[6.152755,50.731903],[6.15241,50.731974],[6.151792,50.73205],[6.151305,50.732048],[6.150926,50.732008],[6.150598,50.732017],[6.150292,50.73205],[6.14964,50.732203],[6.148769,50.732319]]]},"id":736},{"type":"Feature","properties":{"id":"0ybohwa","name":"Hundskaulweg","kind":"minor","district":"kornelimuenster-walheim","level":"kornelimuenster-walheim-4","importance":1195,"center":[6.162043,50.716472],"length":389},"geometry":{"type":"LineString","coordinates":[[6.161487,50.718373],[6.161477,50.718291],[6.161633,50.717899],[6.161695,50.717615],[6.161719,50.717172],[6.161699,50.717019],[6.161603,50.716874],[6.161593,50.71674],[6.161716,50.716637],[6.162128,50.716434],[6.163043,50.71574],[6.163212,50.715593],[6.163328,50.715313]]},"id":737},{"type":"Feature","properties":{"id":"0ybw713","name":"Forster Straße","kind":"minor","district":"eilendorf","level":"eilendorf-3","importance":1319,"center":[6.145474,50.774525],"length":638},"geometry":{"type":"MultiLineString","coordinates":[[[6.148224,50.776577],[6.147093,50.77568],[6.145098,50.774256],[6.144571,50.773611],[6.144314,50.773374],[6.14389,50.773068],[6.143854,50.772985]],[[6.143854,50.772985],[6.143717,50.772943],[6.143015,50.772418]],[[6.143015,50.772418],[6.142615,50.772122]]]},"id":738},{"type":"Feature","properties":{"id":"0yh80kg","name":"Braunebusch","kind":"path","district":"kornelimuenster-walheim","level":"kornelimuenster-walheim-9","importance":215,"center":[6.200701,50.722115],"length":431},"geometry":{"type":"MultiLineString","coordinates":[[[6.198114,50.721474],[6.198184,50.721592],[6.198503,50.721717],[6.198679,50.721846],[6.198947,50.722234]],[[6.198947,50.722234],[6.199218,50.722158],[6.199425,50.722032],[6.199733,50.722007],[6.201077,50.722157],[6.201688,50.72215],[6.202301,50.722041],[6.202802,50.721902],[6.203281,50.721726]]]},"id":739},{"type":"Feature","properties":{"id":"0yhe0ib","name":"Buschfeldweg","kind":"minor","district":"haaren","level":"haaren-2","importance":1063,"center":[6.153388,50.800442],"length":127},"geometry":{"type":"LineString","coordinates":[[6.152597,50.800129],[6.15316,50.800307],[6.154006,50.800817]]},"id":740},{"type":"Feature","properties":{"id":"0yj8288","name":"Schildstraße","kind":"minor","district":"aachen-mitte","level":"aachen-mitte-13","importance":1070,"center":[6.091046,50.772325],"length":139},"geometry":{"type":"LineString","coordinates":[[6.091986,50.772079],[6.091931,50.772125],[6.090161,50.772526]]},"id":741},{"type":"Feature","properties":{"id":"0ynhz1z","name":"Max-Ernst-Straße","kind":"minor","district":"kornelimuenster-walheim","level":"kornelimuenster-walheim-6","importance":1135,"center":[6.168692,50.727389],"length":270},"geometry":{"type":"LineString","coordinates":[[6.17021,50.728003],[6.168961,50.727474],[6.168491,50.727307],[6.167017,50.726668]]},"id":742},{"type":"Feature","properties":{"id":"0ynkvwj","name":"Gangolfsweg","kind":"minor","district":"kornelimuenster-walheim","level":"kornelimuenster-walheim-7","importance":1248,"center":[6.177902,50.727722],"length":496},"geometry":{"type":"MultiLineString","coordinates":[[[6.179323,50.728118],[6.178162,50.727848],[6.176729,50.727152],[6.17668,50.727079]],[[6.17668,50.727079],[6.176683,50.726981],[6.176857,50.726705],[6.177104,50.726615],[6.177671,50.726478],[6.177809,50.726497],[6.177945,50.726556],[6.178927,50.727025],[6.179221,50.727128],[6.179696,50.727196]]]},"id":743},{"type":"Feature","properties":{"id":"0yohl57","name":"Hainbuchenweg","kind":"minor","district":"haaren","level":"haaren-3","importance":1106,"center":[6.135471,50.798649],"length":212},"geometry":{"type":"LineString","coordinates":[[6.134607,50.798061],[6.135663,50.798245],[6.135635,50.798391],[6.135435,50.798734],[6.135093,50.799088],[6.134782,50.799285]]},"id":744},{"type":"Feature","properties":{"id":"0yqb7in","name":"Glockenblumenweg","kind":"path","district":"aachen-mitte","level":"aachen-mitte-38","importance":26,"center":[6.065534,50.766649],"length":53},"geometry":{"type":"LineString","coordinates":[[6.065284,50.766825],[6.065785,50.766472]]},"id":745},{"type":"Feature","properties":{"id":"0yqcatn","name":"Hugo-Cadenbach-Allee","kind":"path","district":"laurensberg","level":"laurensberg-9","importance":117,"center":[6.097606,50.796268],"length":234},"geometry":{"type":"LineString","coordinates":[[6.096921,50.795175],[6.097306,50.795913],[6.09801,50.79675],[6.098178,50.796779],[6.097968,50.796852],[6.097957,50.796788],[6.09801,50.79675]]},"id":746},{"type":"Feature","properties":{"id":"0yt8516","name":"Am Hoerfeld","kind":"minor","district":"brand","level":"brand-3","importance":1076,"center":[6.167059,50.752312],"length":153},"geometry":{"type":"LineString","coordinates":[[6.166621,50.751703],[6.166982,50.752241],[6.167376,50.752555],[6.167809,50.75283]]},"id":747},{"type":"Feature","properties":{"id":"0yvoper","name":"Rotter Bruch","kind":"minor","district":"aachen-mitte","level":"aachen-mitte-32","importance":1305,"center":[6.127798,50.779833],"length":610},"geometry":{"type":"MultiLineString","coordinates":[[[6.124897,50.77859],[6.125949,50.778963],[6.126785,50.779299],[6.127552,50.779692],[6.128307,50.78013],[6.128373,50.780273],[6.128352,50.780357],[6.127475,50.781089],[6.127381,50.781298]],[[6.128356,50.780205],[6.128489,50.780223],[6.12947,50.780672],[6.129735,50.780643],[6.13015,50.780311]]]},"id":748},{"type":"Feature","properties":{"id":"0yx63e4","name":"Entenpfuhler Weg","kind":"minor","district":"aachen-mitte","level":"aachen-mitte-35","importance":1717,"center":[6.058209,50.737809],"length":1434},"geometry":{"type":"MultiLineString","coordinates":[[[6.060375,50.742216],[6.060456,50.74218]],[[6.053678,50.736251],[6.055019,50.737182],[6.05504,50.737264],[6.054999,50.737301],[6.054674,50.737479]],[[6.056025,50.735824],[6.054646,50.735953],[6.053871,50.736153],[6.053678,50.736251]],[[6.059628,50.735797],[6.059529,50.735719],[6.058231,50.735571]],[[6.058046,50.739743],[6.057905,50.738828],[6.05793,50.738427],[6.058004,50.738188],[6.058715,50.736894]],[[6.058715,50.736894],[6.058953,50.736471],[6.059101,50.736309],[6.059508,50.736026],[6.059605,50.7359],[6.059628,50.735797]],[[6.060553,50.742129],[6.060545,50.742029],[6.06032,50.74187],[6.059816,50.741397],[6.059507,50.741171],[6.058642,50.740651]],[[6.060456,50.74218],[6.060553,50.742129]],[[6.058231,50.735571],[6.058041,50.735556]],[[6.058642,50.740651],[6.058212,50.740084],[6.058046,50.739743]],[[6.05763,50.735544],[6.057094,50.735728],[6.056025,50.735824]],[[6.058041,50.735556],[6.05763,50.735544]]]},"id":749},{"type":"Feature","properties":{"id":"0z1761e","name":"Am Blockhaus","kind":"minor","district":"aachen-mitte","level":"aachen-mitte-28","importance":1187,"center":[6.051719,50.762319],"length":373},"geometry":{"type":"MultiLineString","coordinates":[[[6.052734,50.763405],[6.052666,50.763094],[6.052527,50.762885],[6.052294,50.762693],[6.051575,50.762227],[6.050874,50.761645],[6.050233,50.761902],[6.050064,50.761943]],[[6.051575,50.762227],[6.050748,50.762508]]]},"id":750},{"type":"Feature","properties":{"id":"0z1mf7r","name":"Beckerstraße","kind":"minor","district":"brand","level":"brand-6","importance":1169,"center":[6.164038,50.741333],"length":337},"geometry":{"type":"MultiLineString","coordinates":[[[6.163425,50.742276],[6.163731,50.74132]],[[6.164017,50.740811],[6.164081,50.740702]],[[6.163731,50.74132],[6.16594,50.741358]],[[6.163881,50.741023],[6.164017,50.740811]],[[6.163731,50.74132],[6.163881,50.741023]]]},"id":751},{"type":"Feature","properties":{"id":"0z4g7yy","name":"Zeppelinstraße","kind":"minor","district":"aachen-mitte","level":"aachen-mitte-33","importance":1308,"center":[6.124801,50.770162],"length":617},"geometry":{"type":"MultiLineString","coordinates":[[[6.121873,50.768278],[6.12371,50.769476],[6.124418,50.769839],[6.125184,50.770486]],[[6.123319,50.769234],[6.123429,50.769166]],[[6.125184,50.770486],[6.1263,50.771503],[6.126541,50.77168],[6.126943,50.771883],[6.12775,50.772194]]]},"id":752},{"type":"Feature","properties":{"id":"0z6os2q","name":"Himmelsleiter","kind":"major","district":"kornelimuenster-walheim","level":"kornelimuenster-walheim-1","importance":4000,"center":[6.183611,50.675624],"length":2888},"geometry":{"type":"MultiLineString","coordinates":[[[6.179058,50.686686],[6.179164,50.686412]],[[6.187932,50.665162],[6.188828,50.662977]],[[6.184694,50.673002],[6.186947,50.667527]],[[6.181832,50.679963],[6.182464,50.678421]],[[6.181535,50.680698],[6.181832,50.679963]],[[6.179664,50.68523],[6.180169,50.684012]],[[6.180169,50.684012],[6.180544,50.683118]],[[6.179164,50.686412],[6.179496,50.685634]],[[6.181136,50.681713],[6.181139,50.68183],[6.180906,50.682406],[6.180651,50.682973],[6.180544,50.683118]],[[6.179496,50.685634],[6.179664,50.68523]],[[6.18127,50.681372],[6.181535,50.680698]],[[6.182945,50.67724],[6.183216,50.676582]],[[6.183216,50.676582],[6.184694,50.673002]],[[6.182464,50.678421],[6.182945,50.67724]],[[6.186947,50.667527],[6.187932,50.665162]],[[6.180544,50.683118],[6.180903,50.682148]],[[6.181136,50.681713],[6.18127,50.681372]],[[6.180903,50.682148],[6.181136,50.681713]]]},"id":753},{"type":"Feature","properties":{"id":"0z6ps6m","name":"Dauffenbachstraße","kind":"minor","district":"haaren","level":"haaren-2","importance":1170,"center":[6.155404,50.798633],"length":340},"geometry":{"type":"MultiLineString","coordinates":[[[6.156523,50.799073],[6.154999,50.798484],[6.154863,50.798532],[6.154419,50.798912]],[[6.155084,50.798508],[6.155124,50.798429],[6.155443,50.798545],[6.15544,50.798648]],[[6.155368,50.798619],[6.155058,50.79895]],[[6.155757,50.798772],[6.155442,50.799096]],[[6.155124,50.798429],[6.155216,50.798263]]]},"id":754},{"type":"Feature","properties":{"id":"0zcfr1q","name":"Südweg","kind":"path","district":"aachen-mitte","level":"aachen-mitte-40","importance":131,"center":[6.046224,50.746311],"length":261},"geometry":{"type":"LineString","coordinates":[[6.044622,50.745781],[6.045703,50.746176],[6.046962,50.74646],[6.047376,50.746523],[6.048061,50.746437]]},"id":755},{"type":"Feature","properties":{"id":"0zd9wsr","name":"Astenetweg","kind":"path","district":"brand","level":"brand-7","importance":100,"center":[6.15,50.745897],"length":201},"geometry":{"type":"LineString","coordinates":[[6.15056,50.745227],[6.149804,50.745529],[6.149788,50.745619],[6.149934,50.745812],[6.15013,50.746065],[6.150232,50.746105],[6.151056,50.745877]]},"id":756},{"type":"Feature","properties":{"id":"0zgiilx","name":"Eburonenstraße","kind":"minor","district":"laurensberg","level":"laurensberg-7","importance":1135,"center":[6.030803,50.767305],"length":271},"geometry":{"type":"MultiLineString","coordinates":[[[6.030764,50.766767],[6.031434,50.766732]],[[6.031316,50.768303],[6.030922,50.767619],[6.030792,50.767262],[6.030757,50.766844],[6.030852,50.766354]]]},"id":757},{"type":"Feature","properties":{"id":"0zh7m77","name":"Wilhelm-Grasmehr-Straße","kind":"minor","district":"brand","level":"brand-2","importance":1100,"center":[6.154665,50.752401],"length":200},"geometry":{"type":"MultiLineString","coordinates":[[[6.155466,50.751833],[6.154544,50.752308]],[[6.154042,50.751926],[6.154104,50.75201]],[[6.154104,50.75201],[6.153808,50.752178]],[[6.154104,50.75201],[6.154544,50.752308]],[[6.154544,50.752308],[6.154786,50.752493],[6.154864,50.752481]]]},"id":758},{"type":"Feature","properties":{"id":"0zm18yc","name":"Prunkweg","kind":"minor","district":"eilendorf","level":"eilendorf-5","importance":1195,"center":[6.171941,50.782952],"length":391},"geometry":{"type":"LineString","coordinates":[[6.173135,50.781321],[6.1727,50.781806],[6.171915,50.782981],[6.171744,50.783114],[6.170719,50.783577],[6.170457,50.783777],[6.170423,50.783861],[6.170456,50.784224]]},"id":759},{"type":"Feature","properties":{"id":"0znb3ua","name":"Köhlstraße","kind":"minor","district":"aachen-mitte","level":"aachen-mitte-33","importance":1082,"center":[6.126186,50.769649],"length":164},"geometry":{"type":"LineString","coordinates":[[6.126477,50.769097],[6.126562,50.769404],[6.125898,50.769828],[6.12607,50.770382]]},"id":760},{"type":"Feature","properties":{"id":"0zofj2k","name":"Weberstraße","kind":"minor","district":"aachen-mitte","level":"aachen-mitte-14","importance":1235,"center":[6.076747,50.766489],"length":471},"geometry":{"type":"MultiLineString","coordinates":[[[6.077976,50.768461],[6.07792,50.768349],[6.077912,50.768181]],[[6.076841,50.766608],[6.076791,50.766548]],[[6.076572,50.766242],[6.076051,50.765496],[6.07532,50.764858]],[[6.077861,50.767855],[6.077697,50.767612],[6.076892,50.766669]],[[6.076791,50.766548],[6.076594,50.766274]],[[6.076594,50.766274],[6.076572,50.766242]],[[6.07532,50.764858],[6.075115,50.764706]],[[6.076892,50.766669],[6.076841,50.766608]],[[6.077912,50.768181],[6.077945,50.7681],[6.077861,50.767855]]]},"id":761},{"type":"Feature","properties":{"id":"0zqa7nk","name":"Lemierser Berg","kind":"minor","district":"laurensberg","level":"laurensberg-4","importance":1657,"center":[5.995422,50.792384],"length":1314},"geometry":{"type":"MultiLineString","coordinates":[[[5.997894,50.787243],[5.997556,50.78745],[5.997332,50.787778],[5.997353,50.787863],[5.997594,50.788196],[5.997604,50.788296]],[[5.99536,50.792589],[5.995295,50.792808],[5.995273,50.794159],[5.995415,50.795049],[5.995332,50.795266]],[[5.99543,50.792349],[5.995413,50.79242]],[[5.995148,50.795527],[5.995071,50.795635],[5.995048,50.795773]],[[5.995062,50.79587],[5.995403,50.796608],[5.995892,50.797212],[5.996119,50.797425],[5.996244,50.797487],[5.996872,50.797681]],[[5.997604,50.788296],[5.997516,50.788358],[5.996458,50.788543],[5.996373,50.788587],[5.996273,50.788771],[5.996257,50.78922]],[[5.995048,50.795773],[5.995062,50.79587]],[[5.996247,50.789536],[5.996206,50.79026],[5.99558,50.790762],[5.995482,50.790951],[5.995361,50.791726],[5.99543,50.792349]],[[5.995413,50.79242],[5.99536,50.792589]],[[5.995303,50.795309],[5.995148,50.795527]],[[5.995332,50.795266],[5.995303,50.795309]],[[5.996257,50.78922],[5.996247,50.789536]]]},"id":762},{"type":"Feature","properties":{"id":"0zqdz9c","name":"Schloss-Rahe-Winkel","kind":"minor","district":"laurensberg","level":"laurensberg-7","importance":1199,"center":[6.071578,50.799423],"length":398},"geometry":{"type":"MultiLineString","coordinates":[[[6.072201,50.799167],[6.072254,50.799432]],[[6.072502,50.799074],[6.072587,50.79919],[6.072594,50.799381]],[[6.072849,50.79896],[6.072018,50.799221],[6.071655,50.799198],[6.070377,50.799033]],[[6.071655,50.799198],[6.0715,50.799648]],[[6.070989,50.799107],[6.070851,50.799529]],[[6.070617,50.799061],[6.070465,50.799508]]]},"id":763},{"type":"Feature","properties":{"id":"0zqw422","name":"Gut Weide","kind":"minor","district":"aachen-mitte","level":"aachen-mitte-37","importance":1379,"center":[6.151099,50.760788],"length":758},"geometry":{"type":"LineString","coordinates":[[6.152646,50.758574],[6.151731,50.759037],[6.152052,50.759246],[6.152073,50.75932],[6.152031,50.75937],[6.1505,50.760031],[6.150412,50.760122],[6.150431,50.760184],[6.15112,50.760594],[6.151171,50.760683],[6.151129,50.760769],[6.150415,50.761196],[6.150405,50.761266],[6.151027,50.761738],[6.151351,50.762053],[6.150498,50.762918],[6.150453,50.763031],[6.151244,50.763497]]},"id":764},{"type":"Feature","properties":{"id":"0ztew41","name":"Paul-Gerhardt-Straße","kind":"minor","district":"richterich","level":"richterich-3","importance":1206,"center":[6.065828,50.815061],"length":413},"geometry":{"type":"MultiLineString","coordinates":[[[6.066627,50.815672],[6.06585,50.81515],[6.0658,50.81518],[6.065692,50.815109],[6.065747,50.815075]],[[6.0655,50.814578],[6.065217,50.814386],[6.065375,50.814288],[6.06567,50.814475],[6.066174,50.814569],[6.066504,50.814833],[6.067003,50.815146]],[[6.0655,50.814578],[6.06567,50.814475]],[[6.06585,50.81515],[6.065908,50.815114],[6.0658,50.815043],[6.065747,50.815075],[6.065273,50.814769],[6.065278,50.814706]],[[6.065278,50.814706],[6.0655,50.814578]]]},"id":765},{"type":"Feature","properties":{"id":"0zv8r1l","name":"An den Finkenweiden","kind":"minor","district":"aachen-mitte","level":"aachen-mitte-28","importance":1220,"center":[6.054855,50.783013],"length":440},"geometry":{"type":"MultiLineString","coordinates":[[[6.05748,50.783465],[6.056899,50.783489],[6.056283,50.783453],[6.055547,50.783307],[6.055216,50.783184],[6.054716,50.782937],[6.054237,50.782563],[6.053958,50.782217],[6.05374,50.781864]],[[6.05374,50.781864],[6.053275,50.781104]]]},"id":766},{"type":"Feature","properties":{"id":"0zzkdow","name":"Türmchenweg","kind":"minor","district":"haaren","level":"haaren-2","importance":1067,"center":[6.155776,50.795777],"length":135},"geometry":{"type":"LineString","coordinates":[[6.155166,50.796246],[6.155261,50.796223],[6.155655,50.795928],[6.155765,50.795829],[6.155786,50.795735],[6.155991,50.795625],[6.15627,50.795302]]},"id":767},{"type":"Feature","properties":{"id":"102nr12","name":"Synagogenplatz","kind":"minor","district":"aachen-mitte","level":"aachen-mitte-11","importance":1046,"center":[6.092629,50.776555],"length":93},"geometry":{"type":"MultiLineString","coordinates":[[[6.092437,50.776534],[6.092366,50.776482],[6.092293,50.776345],[6.09234,50.776214]],[[6.092982,50.776325],[6.092932,50.776437],[6.092789,50.776538],[6.092567,50.776557],[6.092437,50.776534]]]},"id":768},{"type":"Feature","properties":{"id":"10458nl","name":"Diepekuhl","kind":"path","district":"laurensberg","level":"laurensberg-9","importance":46,"center":[6.079185,50.80515],"length":93},"geometry":{"type":"LineString","coordinates":[[6.078733,50.804915],[6.078764,50.80503],[6.078861,50.805113],[6.079133,50.805139],[6.079469,50.805239],[6.079787,50.805248]]},"id":769},{"type":"Feature","properties":{"id":"104ivnv","name":"Hubertusstraße","kind":"minor","district":"aachen-mitte","level":"aachen-mitte-14","importance":1205,"center":[6.079077,50.769667],"length":409},"geometry":{"type":"MultiLineString","coordinates":[[[6.08128,50.770541],[6.081196,50.770547],[6.0801,50.7701]],[[6.078197,50.769295],[6.077817,50.769264]],[[6.077817,50.769264],[6.076079,50.769094]],[[6.07973,50.769944],[6.078197,50.769295]],[[6.0801,50.7701],[6.07973,50.769944]]]},"id":770},{"type":"Feature","properties":{"id":"106nn15","name":"Ulmenallee","kind":"minor","district":"eilendorf","level":"eilendorf-3","importance":1110,"center":[6.157772,50.773389],"length":220},"geometry":{"type":"LineString","coordinates":[[6.158997,50.772853],[6.157552,50.773496],[6.156405,50.773967]]},"id":771},{"type":"Feature","properties":{"id":"10dkfsr","name":"Krugenofen","kind":"major","district":"aachen-mitte","level":"aachen-mitte-5","importance":3207,"center":[6.088287,50.763528],"length":413},"geometry":{"type":"MultiLineString","coordinates":[[[6.087009,50.761905],[6.087147,50.76212],[6.087849,50.762931]],[[6.088477,50.763854],[6.088754,50.764482]],[[6.088935,50.764978],[6.089124,50.765352]],[[6.088754,50.764482],[6.088935,50.764978]],[[6.087942,50.763038],[6.08818,50.763348],[6.088477,50.763854]],[[6.087849,50.762931],[6.087942,50.763038]]]},"id":772},{"type":"Feature","properties":{"id":"10fd6cs","name":"Zehntstraße","kind":"minor","district":"brand","level":"brand-6","importance":1187,"center":[6.18703,50.738407],"length":373},"geometry":{"type":"MultiLineString","coordinates":[[[6.186918,50.738994],[6.18689,50.739179],[6.186722,50.739331],[6.185925,50.739853]],[[6.187095,50.737137],[6.187154,50.737625]],[[6.187095,50.737137],[6.187698,50.737063]],[[6.187154,50.737625],[6.187135,50.738065],[6.186977,50.738569],[6.186918,50.738994]]]},"id":773},{"type":"Feature","properties":{"id":"10fde3t","name":"Rehmplatz","kind":"minor","district":"aachen-mitte","level":"aachen-mitte-17","importance":1090,"center":[6.097665,50.776977],"length":181},"geometry":{"type":"MultiLineString","coordinates":[[[6.097037,50.776861],[6.098292,50.777093]],[[6.098128,50.777394],[6.096918,50.777171]]]},"id":774},{"type":"Feature","properties":{"id":"10jkih1","name":"In Grafen Weid","kind":"minor","district":"richterich","level":"richterich-3","importance":1132,"center":[6.049447,50.816279],"length":263},"geometry":{"type":"MultiLineString","coordinates":[[[6.049174,50.817],[6.049546,50.816044]],[[6.04973,50.816572],[6.048683,50.816427]],[[6.049858,50.815966],[6.049546,50.816044],[6.048807,50.815891]]]},"id":775},{"type":"Feature","properties":{"id":"10kht1l","name":"Krantzstraße","kind":"minor","district":"aachen-mitte","level":"aachen-mitte-23","importance":1114,"center":[6.107706,50.784896],"length":227},"geometry":{"type":"LineString","coordinates":[[6.108693,50.784332],[6.108558,50.784476],[6.106213,50.785624]]},"id":776},{"type":"Feature","properties":{"id":"10n0eiy","name":"Königsmühlenweg","kind":"minor","district":"kornelimuenster-walheim","level":"kornelimuenster-walheim-4","importance":1671,"center":[6.174858,50.715546],"length":1343},"geometry":{"type":"MultiLineString","coordinates":[[[6.171853,50.720071],[6.172885,50.719355],[6.173084,50.71913],[6.173389,50.718645],[6.173661,50.718341],[6.174481,50.717927],[6.174807,50.717697],[6.175428,50.717357],[6.175672,50.717149],[6.175812,50.716903],[6.175793,50.716738]],[[6.175615,50.716276],[6.175614,50.716122],[6.175743,50.715976],[6.175725,50.715906],[6.17548,50.715755],[6.175049,50.715627],[6.174285,50.71528],[6.174181,50.715187],[6.174098,50.714989],[6.174138,50.714825],[6.174437,50.714469],[6.174583,50.714116],[6.174994,50.713701],[6.17533,50.7131],[6.175345,50.712656],[6.175615,50.712026]],[[6.175622,50.716348],[6.175615,50.716276]],[[6.175615,50.712026],[6.175858,50.711953],[6.175927,50.711899],[6.176027,50.711671],[6.17623,50.711428],[6.176484,50.711267],[6.177365,50.710861],[6.178051,50.710375]],[[6.17568,50.716531],[6.175622,50.716348]],[[6.175793,50.716738],[6.17568,50.716531]]]},"id":777},{"type":"Feature","properties":{"id":"10nidu8","name":"Brunnenweg","kind":"path","district":"aachen-mitte","level":"aachen-mitte-40","importance":50,"center":[6.138316,50.758066],"length":99},"geometry":{"type":"LineString","coordinates":[[6.137958,50.758211],[6.13915,50.75773]]},"id":778},{"type":"Feature","properties":{"id":"10oox46","name":"Hochstraße","kind":"major","district":"brand","level":"brand-1","importance":3188,"center":[6.164434,50.747414],"length":375},"geometry":{"type":"MultiLineString","coordinates":[[[6.16252,50.74623],[6.163649,50.746881]],[[6.164895,50.74782],[6.165202,50.748092]],[[6.164037,50.747104],[6.164283,50.747281]],[[6.164283,50.747281],[6.164895,50.74782]],[[6.165202,50.748092],[6.166136,50.748691]],[[6.163649,50.746881],[6.164037,50.747104]]]},"id":779},{"type":"Feature","properties":{"id":"10sr533","name":"Beulardsteiner Feld","kind":"minor","district":"laurensberg","level":"laurensberg-8","importance":1168,"center":[6.064007,50.805737],"length":336},"geometry":{"type":"MultiLineString","coordinates":[[[6.064898,50.806141],[6.063864,50.80567],[6.06296,50.805171],[6.062216,50.804921]],[[6.064319,50.805878],[6.064812,50.805635],[6.064986,50.80551],[6.065201,50.80518]]]},"id":780},{"type":"Feature","properties":{"id":"10sure1","name":"Knöpgerweg","kind":"minor","district":"aachen-mitte","level":"aachen-mitte-24","importance":1099,"center":[6.064911,50.768609],"length":197},"geometry":{"type":"LineString","coordinates":[[6.065871,50.769375],[6.065579,50.769083],[6.065115,50.768729],[6.064707,50.768488],[6.064177,50.768262],[6.063865,50.768188]]},"id":781},{"type":"Feature","properties":{"id":"10ui10r","name":"Amstelbachstraße","kind":"minor","district":"richterich","level":"richterich-3","importance":1207,"center":[6.060757,50.816471],"length":414},"geometry":{"type":"LineString","coordinates":[[6.058426,50.815495],[6.061689,50.816873],[6.063353,50.817539]]},"id":782},{"type":"Feature","properties":{"id":"10w4r96","name":"Erkwiesenstraße","kind":"path","district":"richterich","level":"richterich-5","importance":60,"center":[6.072636,50.808374],"length":120},"geometry":{"type":"LineString","coordinates":[[6.071752,50.808517],[6.073402,50.808247]]},"id":783},{"type":"Feature","properties":{"id":"10wptcj","name":"An der Höhe","kind":"minor","district":"kornelimuenster-walheim","level":"kornelimuenster-walheim-4","importance":1330,"center":[6.179171,50.707192],"length":661},"geometry":{"type":"MultiLineString","coordinates":[[[6.180168,50.707853],[6.178126,50.707006]],[[6.178716,50.707706],[6.179324,50.707013],[6.179603,50.706581]],[[6.180611,50.707641],[6.180252,50.70744],[6.179324,50.707013],[6.178209,50.7066]],[[6.177986,50.707459],[6.178716,50.707706],[6.17929,50.708006],[6.179613,50.708217]]]},"id":784},{"type":"Feature","properties":{"id":"110r1lq","name":"Düsbergweg","kind":"minor","district":"aachen-mitte","level":"aachen-mitte-34","importance":1420,"center":[6.087652,50.736751],"length":840},"geometry":{"type":"MultiLineString","coordinates":[[[6.087115,50.735619],[6.088177,50.736248],[6.088398,50.736416],[6.088554,50.736823]],[[6.088256,50.736801],[6.088554,50.736823]],[[6.088554,50.736823],[6.089094,50.736893],[6.089458,50.736975],[6.089875,50.737133],[6.090011,50.737231],[6.090231,50.737519],[6.090354,50.737567],[6.090784,50.737569]],[[6.087296,50.736717],[6.088256,50.736801]],[[6.087296,50.736717],[6.087022,50.736703],[6.086795,50.736732],[6.086635,50.736793],[6.086553,50.736882],[6.086444,50.737197],[6.086439,50.737377],[6.086506,50.737647],[6.086442,50.737732],[6.08637,50.73775]],[[6.08637,50.73775],[6.086231,50.737697],[6.085824,50.737148],[6.085414,50.736773],[6.084547,50.736225]],[[6.090784,50.737569],[6.090895,50.737565]]]},"id":785},{"type":"Feature","properties":{"id":"111ou6h","name":"Auf der Ell","kind":"minor","district":"brand","level":"brand-5","importance":1128,"center":[6.164992,50.74993],"length":257},"geometry":{"type":"MultiLineString","coordinates":[[[6.163949,50.750591],[6.165106,50.750064],[6.165828,50.74979],[6.16601,50.749642],[6.166052,50.74955]],[[6.165106,50.750064],[6.164689,50.749622]],[[6.164689,50.749622],[6.164622,50.74956]]]},"id":786},{"type":"Feature","properties":{"id":"111v7ze","name":"Schlossweiherstraße","kind":"minor","district":"laurensberg","level":"laurensberg-7","importance":1201,"center":[6.066698,50.801391],"length":402},"geometry":{"type":"MultiLineString","coordinates":[[[6.06884,50.800161],[6.068165,50.800451],[6.067747,50.800718]],[[6.067328,50.80108],[6.067055,50.801259],[6.06681,50.801358],[6.065884,50.801621],[6.065594,50.801786],[6.065398,50.801988],[6.065286,50.802261],[6.06527,50.802421],[6.065342,50.802686]],[[6.067747,50.800718],[6.067328,50.80108]]]},"id":787},{"type":"Feature","properties":{"id":"1125feu","name":"Reihstraße","kind":"minor","district":"aachen-mitte","level":"aachen-mitte-10","importance":1099,"center":[6.089377,50.773765],"length":198},"geometry":{"type":"MultiLineString","coordinates":[[[6.089095,50.773522],[6.088748,50.772865]],[[6.091365,50.774972],[6.091241,50.774967],[6.09119,50.774934],[6.090949,50.774597],[6.090738,50.774483],[6.090696,50.774427]],[[6.089095,50.773522],[6.089123,50.773609],[6.089323,50.773747],[6.089431,50.773783]]]},"id":788},{"type":"Feature","properties":{"id":"1178u2b","name":"Arndtstraße","kind":"minor","district":"aachen-mitte","level":"aachen-mitte-21","importance":1098,"center":[6.080629,50.763101],"length":197},"geometry":{"type":"LineString","coordinates":[[6.082049,50.763443],[6.080683,50.763111],[6.0794,50.762883]]},"id":789},{"type":"Feature","properties":{"id":"11bf33m","name":"Von-Stauffenberg-Straße","kind":"minor","district":"eilendorf","level":"eilendorf-5","importance":1070,"center":[6.146391,50.781938],"length":139},"geometry":{"type":"MultiLineString","coordinates":[[[6.145577,50.782397],[6.146767,50.781709]],[[6.146767,50.781709],[6.147042,50.781559]]]},"id":790},{"type":"Feature","properties":{"id":"11geg91","name":"Fuchspfad","kind":"minor","district":"brand","level":"brand-5","importance":1060,"center":[6.165248,50.743705],"length":120},"geometry":{"type":"LineString","coordinates":[[6.165902,50.744196],[6.165643,50.743962],[6.165328,50.743747],[6.164981,50.743591],[6.164647,50.743493]]},"id":791},{"type":"Feature","properties":{"id":"11hcqx5","name":"Am Alten Wasserwerk","kind":"minor","district":"brand","level":"brand-2","importance":1113,"center":[6.153234,50.752313],"length":225},"geometry":{"type":"MultiLineString","coordinates":[[[6.152557,50.751832],[6.152953,50.75211]],[[6.152953,50.75211],[6.153065,50.752189]],[[6.153065,50.752189],[6.153456,50.751968]],[[6.153525,50.752593],[6.15335,50.752466],[6.153487,50.752391],[6.153661,50.752517],[6.153525,50.752593]],[[6.153065,50.752189],[6.153404,50.752437]],[[6.153525,50.752593],[6.153623,50.752733],[6.153808,50.752855]]]},"id":792},{"type":"Feature","properties":{"id":"11j2dg3","name":"Harscampstraße","kind":"minor","district":"aachen-mitte","level":"aachen-mitte-13","importance":1253,"center":[6.091796,50.772701],"length":506},"geometry":{"type":"MultiLineString","coordinates":[[[6.091375,50.773312],[6.092218,50.772089]],[[6.092344,50.771918],[6.092523,50.771601]],[[6.092218,50.772089],[6.092344,50.771918]],[[6.092523,50.771601],[6.092547,50.771075],[6.092455,50.770891],[6.092199,50.770614]],[[6.091333,50.774409],[6.091365,50.774972]],[[6.091333,50.774409],[6.091292,50.773601]],[[6.091381,50.775248],[6.091365,50.774972]]]},"id":793},{"type":"Feature","properties":{"id":"11jwu55","name":"Maargasse","kind":"minor","district":"eilendorf","level":"eilendorf-3","importance":1136,"center":[6.161749,50.773288],"length":272},"geometry":{"type":"MultiLineString","coordinates":[[[6.160089,50.77357],[6.160519,50.773373],[6.160932,50.77328],[6.161624,50.773278]],[[6.161624,50.773278],[6.162233,50.773301],[6.162531,50.77328],[6.16328,50.773119],[6.163697,50.772952]]]},"id":794},{"type":"Feature","properties":{"id":"11l75so","name":"Forckenbeckstraße","kind":"major","district":"laurensberg","level":"laurensberg-1","importance":3869,"center":[6.050677,50.780378],"length":1738},"geometry":{"type":"MultiLineString","coordinates":[[[6.050677,50.779555],[6.050682,50.778802]],[[6.047521,50.774186],[6.047419,50.77384]],[[6.05055,50.786606],[6.05059,50.786256]],[[6.050684,50.782674],[6.050677,50.779555]],[[6.050687,50.78342],[6.050684,50.782674]],[[6.050675,50.778078],[6.050597,50.7775],[6.050393,50.776948],[6.05017,50.776563],[6.049909,50.776248],[6.049488,50.775854]],[[6.050598,50.787183],[6.050639,50.787302]],[[6.050464,50.787306],[6.050505,50.787184]],[[6.048961,50.775424],[6.047722,50.774716],[6.047589,50.774592]],[[6.047622,50.77383],[6.047565,50.773896],[6.047521,50.774186]],[[6.047589,50.774592],[6.047523,50.774406],[6.047521,50.774186]],[[6.050704,50.785507],[6.050709,50.784017]],[[6.050606,50.786137],[6.050704,50.785507]],[[6.050687,50.78342],[6.050745,50.783728],[6.050709,50.784017]],[[6.050709,50.784017],[6.050653,50.783728],[6.050687,50.78342]],[[6.050682,50.778802],[6.050678,50.778252]],[[6.050678,50.778252],[6.050628,50.778125],[6.050675,50.778078]],[[6.050675,50.778078],[6.050722,50.778199],[6.050678,50.778252]],[[6.050505,50.787184],[6.050548,50.786999]],[[6.050548,50.786999],[6.05055,50.786606]],[[6.05059,50.786256],[6.050606,50.786137]],[[6.050548,50.786999],[6.050598,50.787183]],[[6.049488,50.775854],[6.048961,50.775424]]]},"id":795},{"type":"Feature","properties":{"id":"11mvxrd","name":"Siegelallee","kind":"major","district":"aachen-mitte","level":"aachen-mitte-8","importance":3332,"center":[6.094104,50.752494],"length":663},"geometry":{"type":"MultiLineString","coordinates":[[[6.091227,50.752521],[6.091749,50.752635],[6.092294,50.752672]],[[6.091318,50.752985],[6.092529,50.752733]],[[6.092294,50.752672],[6.09198,50.752723],[6.091555,50.752679]],[[6.091227,50.752521],[6.091267,50.752557]],[[6.091555,50.752679],[6.091267,50.752557]],[[6.093045,50.752578],[6.096767,50.752308]],[[6.097293,50.752289],[6.097572,50.75231],[6.098099,50.752415]],[[6.092729,50.752616],[6.093045,50.752578]],[[6.092294,50.752672],[6.092729,50.752616]],[[6.096767,50.752308],[6.097293,50.752289]]]},"id":796},{"type":"Feature","properties":{"id":"11nag2w","name":"Heidchenberg","kind":"minor","district":"kornelimuenster-walheim","level":"kornelimuenster-walheim-4","importance":1204,"center":[6.196241,50.709564],"length":407},"geometry":{"type":"MultiLineString","coordinates":[[[6.197946,50.710304],[6.197732,50.710405],[6.197622,50.710384],[6.196426,50.709766],[6.196174,50.709477],[6.196197,50.709203]],[[6.196197,50.709203],[6.195813,50.709165],[6.195555,50.709257],[6.195192,50.709568],[6.194909,50.709591],[6.194586,50.709702],[6.193938,50.71014]]]},"id":797},{"type":"Feature","properties":{"id":"11o5h5n","name":"Von-Görschen-Straße","kind":"minor","district":"aachen-mitte","level":"aachen-mitte-20","importance":1081,"center":[6.107109,50.767426],"length":162},"geometry":{"type":"LineString","coordinates":[[6.10732,50.766739],[6.106881,50.768166]]},"id":798},{"type":"Feature","properties":{"id":"11reexb","name":"Pastor-Franzen-Straße","kind":"minor","district":"kornelimuenster-walheim","level":"kornelimuenster-walheim-4","importance":1089,"center":[6.177763,50.708409],"length":177},"geometry":{"type":"LineString","coordinates":[[6.17669,50.707949],[6.17735,50.708194],[6.17792,50.708487],[6.178657,50.70893]]},"id":799},{"type":"Feature","properties":{"id":"11tv9kc","name":"Steubenstraße","kind":"minor","district":"aachen-mitte","level":"aachen-mitte-26","importance":1089,"center":[6.114353,50.776357],"length":178},"geometry":{"type":"LineString","coordinates":[[6.113765,50.776851],[6.115278,50.775572]]},"id":800},{"type":"Feature","properties":{"id":"11xzoox","name":"Prinz-Eugen-Straße","kind":"minor","district":"aachen-mitte","level":"aachen-mitte-30","importance":1205,"center":[6.090308,50.75388],"length":410},"geometry":{"type":"MultiLineString","coordinates":[[[6.090126,50.754133],[6.09049,50.753627],[6.090611,50.753549],[6.090794,50.753554],[6.091329,50.753715],[6.091492,50.753724]],[[6.090557,50.754261],[6.091006,50.753614]],[[6.091374,50.75449],[6.088911,50.753772]]]},"id":801},{"type":"Feature","properties":{"id":"11yn9qq","name":"Am Pappelweiher","kind":"minor","district":"aachen-mitte","level":"aachen-mitte-29","importance":1122,"center":[6.118798,50.764733],"length":244},"geometry":{"type":"LineString","coordinates":[[6.117566,50.763813],[6.119791,50.765494]]},"id":802},{"type":"Feature","properties":{"id":"1206l1x","name":"Beeckstraße","kind":"minor","district":"aachen-mitte","level":"aachen-mitte-13","importance":1167,"center":[6.093296,50.773645],"length":335},"geometry":{"type":"MultiLineString","coordinates":[[[6.092814,50.772123],[6.092779,50.772189],[6.093203,50.773402]],[[6.094598,50.774473],[6.094053,50.774183],[6.093505,50.773976],[6.093388,50.773888]],[[6.094805,50.774655],[6.094718,50.774541],[6.094598,50.774473]],[[6.093388,50.773888],[6.093203,50.773402]]]},"id":803},{"type":"Feature","properties":{"id":"12117is","name":"Philipsstraße","kind":"major","district":"aachen-mitte","level":"aachen-mitte-7","importance":3359,"center":[6.130411,50.774476],"length":719},"geometry":{"type":"MultiLineString","coordinates":[[[6.130817,50.775472],[6.130731,50.775441],[6.130229,50.774395],[6.130273,50.774312]],[[6.129695,50.77334],[6.129464,50.772973]],[[6.129464,50.772973],[6.129261,50.772503]],[[6.130095,50.773958],[6.129984,50.773901],[6.129678,50.773418],[6.129695,50.77334]],[[6.129695,50.77334],[6.129801,50.773383],[6.130009,50.773672],[6.130123,50.773873],[6.130095,50.773958]],[[6.130273,50.774312],[6.130095,50.773958]],[[6.130869,50.775596],[6.130817,50.775472]],[[6.130882,50.775851],[6.130822,50.775799],[6.130814,50.775644],[6.130869,50.775596]],[[6.130828,50.775966],[6.130882,50.775851]],[[6.130599,50.776162],[6.130744,50.775989],[6.130828,50.775966]],[[6.130273,50.774312],[6.130357,50.774359],[6.130861,50.775421],[6.130817,50.775472]],[[6.130869,50.775596],[6.13095,50.775623],[6.130972,50.77572],[6.130958,50.77581],[6.130882,50.775851]],[[6.130828,50.775966],[6.130843,50.776021],[6.1307,50.776195]]]},"id":804},{"type":"Feature","properties":{"id":"1214up6","name":"Habsburgerallee","kind":"minor","district":"aachen-mitte","level":"aachen-mitte-21","importance":1385,"center":[6.08267,50.762849],"length":769},"geometry":{"type":"MultiLineString","coordinates":[[[6.080646,50.764809],[6.081161,50.764356]],[[6.083614,50.762031],[6.083739,50.762083],[6.083766,50.7622],[6.083011,50.762507],[6.083235,50.76223],[6.083536,50.762039],[6.083614,50.762031]],[[6.082329,50.763192],[6.083011,50.762507]],[[6.083049,50.762021],[6.082465,50.762234]],[[6.082836,50.761732],[6.082161,50.761984]],[[6.083536,50.762039],[6.082719,50.761077]],[[6.083235,50.76223],[6.082714,50.76157]],[[6.082199,50.763312],[6.082329,50.763192]],[[6.081283,50.76423],[6.082199,50.763312]],[[6.081161,50.764356],[6.081205,50.76431]],[[6.081205,50.76431],[6.081283,50.76423]]]},"id":805},{"type":"Feature","properties":{"id":"122ejwb","name":"Am Kleebach","kind":"minor","district":"eilendorf","level":"eilendorf-3","importance":1107,"center":[6.15321,50.773416],"length":213},"geometry":{"type":"LineString","coordinates":[[6.153296,50.772455],[6.153357,50.772991],[6.153197,50.773481],[6.153268,50.774358]]},"id":806},{"type":"Feature","properties":{"id":"122zukr","name":"Sonnenscheinstraße","kind":"minor","district":"aachen-mitte","level":"aachen-mitte-36","importance":1363,"center":[6.14251,50.764507],"length":726},"geometry":{"type":"MultiLineString","coordinates":[[[6.138799,50.763846],[6.144144,50.764805],[6.144352,50.764897]],[[6.139874,50.764037],[6.140036,50.763406]],[[6.145112,50.765299],[6.147196,50.766375]],[[6.139439,50.763953],[6.139556,50.763443]]]},"id":807},{"type":"Feature","properties":{"id":"123bqx4","name":"Eifelstraße","kind":"minor","district":"aachen-mitte","level":"aachen-mitte-26","importance":1212,"center":[6.11043,50.775224],"length":424},"geometry":{"type":"MultiLineString","coordinates":[[[6.110887,50.773113],[6.110951,50.77323],[6.110313,50.775652]],[[6.110313,50.775652],[6.109708,50.776823]]]},"id":808},{"type":"Feature","properties":{"id":"1245056","name":"Winkelgasse","kind":"minor","district":"aachen-mitte","level":"aachen-mitte-13","importance":1024,"center":[6.091623,50.774403],"length":47},"geometry":{"type":"LineString","coordinates":[[6.091984,50.774368],[6.09192,50.774398],[6.091333,50.774409]]},"id":809},{"type":"Feature","properties":{"id":"126m62e","name":"Stadionweg","kind":"minor","district":"aachen-mitte","level":"aachen-mitte-23","importance":1035,"center":[6.093797,50.790027],"length":70},"geometry":{"type":"LineString","coordinates":[[6.093326,50.790131],[6.094269,50.789923]]},"id":810},{"type":"Feature","properties":{"id":"129k7lr","name":"Grünstraße","kind":"minor","district":"kornelimuenster-walheim","level":"kornelimuenster-walheim-4","importance":1119,"center":[6.178808,50.712366],"length":238},"geometry":{"type":"MultiLineString","coordinates":[[[6.178758,50.711376],[6.17884,50.712159]],[[6.17884,50.712159],[6.178776,50.712573],[6.178784,50.712918],[6.179079,50.713479]]]},"id":811},{"type":"Feature","properties":{"id":"129vqk0","name":"Brabantstraße","kind":"minor","district":"aachen-mitte","level":"aachen-mitte-20","importance":1208,"center":[6.100299,50.771277],"length":416},"geometry":{"type":"MultiLineString","coordinates":[[[6.100279,50.771448],[6.100092,50.773135]],[[6.100546,50.769408],[6.100496,50.76956],[6.100279,50.771448]]]},"id":812},{"type":"Feature","properties":{"id":"12aia1s","name":"Lindenweg","kind":"minor","district":"haaren","level":"haaren-3","importance":1307,"center":[6.133312,50.796543],"length":615},"geometry":{"type":"MultiLineString","coordinates":[[[6.130023,50.796346],[6.13146,50.79635],[6.132027,50.7964],[6.133097,50.79656],[6.133517,50.796508],[6.133836,50.796408],[6.134133,50.796389],[6.134372,50.796424],[6.135455,50.796775]],[[6.134372,50.796424],[6.134671,50.795986]],[[6.132692,50.796499],[6.132738,50.796154]],[[6.132502,50.796132],[6.132942,50.796148]],[[6.135265,50.796699],[6.135787,50.795918]]]},"id":813},{"type":"Feature","properties":{"id":"12f7ww7","name":"Reichsweg","kind":"minor","district":"aachen-mitte","level":"aachen-mitte-32","importance":1429,"center":[6.120992,50.773029],"length":859},"geometry":{"type":"LineString","coordinates":[[6.116664,50.770586],[6.119481,50.771978],[6.119723,50.772128],[6.122778,50.774311],[6.123994,50.775262],[6.125171,50.776082]]},"id":814},{"type":"Feature","properties":{"id":"12g1mpr","name":"Walkmühlenstraße","kind":"minor","district":"laurensberg","level":"laurensberg-5","importance":1170,"center":[6.061286,50.795726],"length":341},"geometry":{"type":"MultiLineString","coordinates":[[[6.063874,50.796013],[6.062905,50.795872],[6.059697,50.795582]],[[6.060824,50.795681],[6.06075,50.796034]],[[6.059697,50.795582],[6.059648,50.795579]]]},"id":815},{"type":"Feature","properties":{"id":"12hfa6k","name":"Im Steinfeld","kind":"minor","district":"kornelimuenster-walheim","level":"kornelimuenster-walheim-6","importance":1220,"center":[6.146545,50.726403],"length":439},"geometry":{"type":"LineString","coordinates":[[6.147706,50.726373],[6.146513,50.725648],[6.146363,50.725587],[6.146058,50.72558],[6.14594,50.725628],[6.145823,50.725746],[6.14586,50.725926],[6.145972,50.72602],[6.147117,50.726786],[6.148305,50.727466]]},"id":816},{"type":"Feature","properties":{"id":"12i2cgh","name":"Pommerotter Weg","kind":"minor","district":"aachen-mitte","level":"aachen-mitte-34","importance":1412,"center":[6.095033,50.738616],"length":824},"geometry":{"type":"MultiLineString","coordinates":[[[6.095796,50.739936],[6.095915,50.739855],[6.096345,50.739684],[6.096615,50.739488],[6.097082,50.738655]],[[6.097202,50.736859],[6.096542,50.738474]],[[6.096542,50.738474],[6.095288,50.738624],[6.094779,50.738609]],[[6.094779,50.738609],[6.094184,50.738683]],[[6.090781,50.738673],[6.090666,50.738645]],[[6.094184,50.738683],[6.093344,50.738817],[6.093081,50.738826],[6.092046,50.738742],[6.091267,50.738739],[6.090781,50.738673]],[[6.097082,50.738655],[6.096542,50.738474]]]},"id":817},{"type":"Feature","properties":{"id":"12imf8c","name":"Auenrathweg","kind":"minor","district":"haaren","level":"haaren-2","importance":1083,"center":[6.157525,50.796984],"length":167},"geometry":{"type":"MultiLineString","coordinates":[[[6.157439,50.796983],[6.157367,50.797049],[6.157046,50.797071]],[[6.158457,50.797391],[6.15796,50.797199],[6.157611,50.796985],[6.157439,50.796983],[6.157362,50.796925],[6.15734,50.796571]]]},"id":818},{"type":"Feature","properties":{"id":"12lfype","name":"Rödgerbachstraße","kind":"minor","district":"eilendorf","level":"eilendorf-3","importance":1277,"center":[6.14521,50.776537],"length":553},"geometry":{"type":"MultiLineString","coordinates":[[[6.145742,50.776642],[6.14445,50.777075]],[[6.145328,50.776204],[6.144367,50.776542],[6.144294,50.776518],[6.143798,50.776678]],[[6.145113,50.775972],[6.144401,50.776222]],[[6.146262,50.777212],[6.144704,50.775492]],[[6.144895,50.77664],[6.145525,50.776434]]]},"id":819},{"type":"Feature","properties":{"id":"12ljglw","name":"Zehnthofweg","kind":"minor","district":"aachen-mitte","level":"aachen-mitte-37","importance":1319,"center":[6.139623,50.779013],"length":637},"geometry":{"type":"MultiLineString","coordinates":[[[6.140934,50.778717],[6.14012,50.778966],[6.139715,50.779017],[6.138548,50.778891],[6.136834,50.779034]],[[6.136834,50.779034],[6.136849,50.779219],[6.136834,50.779278],[6.13677,50.779312],[6.135815,50.779462],[6.135707,50.77951],[6.135646,50.779584]],[[6.143798,50.777948],[6.142014,50.778405],[6.140934,50.778717]]]},"id":820},{"type":"Feature","properties":{"id":"12nm1sd","name":"Rote Gasse","kind":"path","district":"kornelimuenster-walheim","level":"kornelimuenster-walheim-9","importance":46,"center":[6.154211,50.728124],"length":92},"geometry":{"type":"LineString","coordinates":[[6.153595,50.728472],[6.15457,50.727921]]},"id":821},{"type":"Feature","properties":{"id":"12o9m23","name":"Reutershagweg","kind":"minor","district":"laurensberg","level":"laurensberg-4","importance":1139,"center":[6.037376,50.771093],"length":277},"geometry":{"type":"MultiLineString","coordinates":[[[6.039057,50.771165],[6.037738,50.771165],[6.037435,50.771124],[6.03723,50.770996],[6.036797,50.770437]],[[6.036897,50.769803],[6.0369,50.77035],[6.036797,50.770437]]]},"id":822},{"type":"Feature","properties":{"id":"12ovks3","name":"Sonnenweg","kind":"path","district":"laurensberg","level":"laurensberg-9","importance":122,"center":[6.083933,50.803292],"length":243},"geometry":{"type":"MultiLineString","coordinates":[[[6.085552,50.803358],[6.082845,50.803254],[6.082386,50.803151],[6.082195,50.803152]],[[6.082195,50.803152],[6.082125,50.803154]]]},"id":823},{"type":"Feature","properties":{"id":"12rew73","name":"Rethelstraße","kind":"square","district":"aachen-mitte","level":"aachen-mitte-1","importance":3000,"center":[6.084735,50.776091],"length":0},"geometry":{"type":"Polygon","coordinates":[[[6.084866,50.776226],[6.084814,50.776227],[6.08453,50.775989],[6.084616,50.775937],[6.08494,50.776216],[6.084866,50.776226]]]},"id":824},{"type":"Feature","properties":{"id":"12rigu9","name":"Königshügel","kind":"minor","district":"aachen-mitte","level":"aachen-mitte-18","importance":1173,"center":[6.061177,50.775055],"length":345},"geometry":{"type":"LineString","coordinates":[[6.059235,50.775408],[6.059368,50.775191],[6.059469,50.775104],[6.059747,50.774966],[6.060229,50.774883],[6.060725,50.774917],[6.061088,50.775017],[6.061851,50.775383],[6.062633,50.775584],[6.062637,50.775651],[6.062436,50.776074]]},"id":825},{"type":"Feature","properties":{"id":"12ru6jf","name":"Mühlradstraße","kind":"minor","district":"aachen-mitte","level":"aachen-mitte-22","importance":1046,"center":[6.092653,50.763914],"length":92},"geometry":{"type":"MultiLineString","coordinates":[[[6.092572,50.76396],[6.092734,50.763867],[6.093138,50.763726]],[[6.092572,50.76396],[6.092514,50.763967],[6.092046,50.76376]]]},"id":826},{"type":"Feature","properties":{"id":"12sq3b1","name":"Schwarzer Weg","kind":"minor","district":"aachen-mitte","level":"aachen-mitte-32","importance":1150,"center":[6.112843,50.796546],"length":300},"geometry":{"type":"MultiLineString","coordinates":[[[6.112331,50.795333],[6.112631,50.795537]],[[6.112631,50.795537],[6.112657,50.79565]],[[6.112885,50.796767],[6.112921,50.797075],[6.112839,50.797287],[6.112501,50.79754]],[[6.112657,50.79565],[6.112885,50.796767]],[[6.112631,50.795537],[6.112747,50.795619]],[[6.112895,50.796833],[6.11262,50.79694]]]},"id":827},{"type":"Feature","properties":{"id":"12td18m","name":"Schönauer Allee","kind":"minor","district":"richterich","level":"richterich-3","importance":1148,"center":[6.063545,50.811648],"length":296},"geometry":{"type":"MultiLineString","coordinates":[[[6.063911,50.811564],[6.061417,50.812123]],[[6.065401,50.811249],[6.064264,50.811484]],[[6.064264,50.811484],[6.063911,50.811564]]]},"id":828},{"type":"Feature","properties":{"id":"12xrpjg","name":"Schenkendorfstraße","kind":"minor","district":"aachen-mitte","level":"aachen-mitte-29","importance":1082,"center":[6.110635,50.768313],"length":164},"geometry":{"type":"LineString","coordinates":[[6.110907,50.76789],[6.110729,50.768018],[6.110402,50.769055],[6.110406,50.769161],[6.110542,50.769274]]},"id":829},{"type":"Feature","properties":{"id":"12yj50w","name":"Friedrichstraße","kind":"minor","district":"aachen-mitte","level":"aachen-mitte-16","importance":1260,"center":[6.098816,50.772162],"length":520},"geometry":{"type":"MultiLineString","coordinates":[[[6.098698,50.774514],[6.098556,50.774277]],[[6.098556,50.774277],[6.099067,50.770182]],[[6.099067,50.770182],[6.099094,50.769925],[6.099055,50.769873]]]},"id":830},{"type":"Feature","properties":{"id":"132gewu","name":"Stollenweg","kind":"minor","district":"eilendorf","level":"eilendorf-4","importance":1132,"center":[6.156595,50.783552],"length":264},"geometry":{"type":"LineString","coordinates":[[6.156988,50.784688],[6.156909,50.784332],[6.156538,50.783369],[6.156467,50.78235]]},"id":831},{"type":"Feature","properties":{"id":"132whx4","name":"Dahlienweg","kind":"path","district":"aachen-mitte","level":"aachen-mitte-38","importance":19,"center":[6.066767,50.767477],"length":39},"geometry":{"type":"LineString","coordinates":[[6.066543,50.767377],[6.06699,50.767578]]},"id":832},{"type":"Feature","properties":{"id":"133g2x3","name":"Im Husebruch","kind":"minor","district":"kornelimuenster-walheim","level":"kornelimuenster-walheim-3","importance":1071,"center":[6.179863,50.703934],"length":141},"geometry":{"type":"LineString","coordinates":[[6.180919,50.704144],[6.180418,50.704244],[6.179307,50.703624]]},"id":833},{"type":"Feature","properties":{"id":"135uq4c","name":"Vereinsstraße","kind":"major","district":"aachen-mitte","level":"aachen-mitte-4","importance":3102,"center":[6.092939,50.769279],"length":205},"geometry":{"type":"MultiLineString","coordinates":[[[6.092605,50.768761],[6.092615,50.768887],[6.092691,50.768969]],[[6.092691,50.768969],[6.093187,50.769588]],[[6.092599,50.768383],[6.092605,50.768761]],[[6.093187,50.769588],[6.093585,50.770076]]]},"id":834},{"type":"Feature","properties":{"id":"13650ij","name":"Herzogstraße","kind":"minor","district":"aachen-mitte","level":"aachen-mitte-16","importance":1091,"center":[6.097012,50.769398],"length":182},"geometry":{"type":"LineString","coordinates":[[6.096476,50.768905],[6.096528,50.769006],[6.098016,50.770212]]},"id":835},{"type":"Feature","properties":{"id":"138j5w7","name":"Gracht","kind":"minor","district":"kornelimuenster-walheim","level":"kornelimuenster-walheim-4","importance":1074,"center":[6.193217,50.710899],"length":147},"geometry":{"type":"MultiLineString","coordinates":[[[6.193914,50.710424],[6.193708,50.710499],[6.193481,50.710636],[6.193145,50.710986],[6.192989,50.71123]],[[6.192989,50.71123],[6.192844,50.71152]]]},"id":836},{"type":"Feature","properties":{"id":"1397f6z","name":"Südstraße","kind":"major","district":"aachen-mitte","level":"aachen-mitte-5","importance":3205,"center":[6.081356,50.76702],"length":410},"geometry":{"type":"MultiLineString","coordinates":[[[6.081359,50.766044],[6.08134,50.768724]],[[6.081067,50.765581],[6.081359,50.766044]],[[6.080875,50.765094],[6.081153,50.765571]]]},"id":837},{"type":"Feature","properties":{"id":"13cxpa6","name":"Webergasse","kind":"minor","district":"brand","level":"brand-6","importance":1084,"center":[6.162814,50.740956],"length":168},"geometry":{"type":"MultiLineString","coordinates":[[[6.163881,50.741023],[6.163197,50.740966],[6.162432,50.740947],[6.162222,50.740901]],[[6.162222,50.740901],[6.161652,50.740906],[6.161564,50.740965]]]},"id":838},{"type":"Feature","properties":{"id":"13f4efj","name":"Yorckstraße","kind":"major","district":"aachen-mitte","level":"aachen-mitte-5","importance":3163,"center":[6.07496,50.756316],"length":327},"geometry":{"type":"MultiLineString","coordinates":[[[6.077246,50.756134],[6.077014,50.756219],[6.075789,50.756203],[6.075214,50.756266],[6.074707,50.756365],[6.073453,50.756745]],[[6.073453,50.756745],[6.072815,50.75672]]]},"id":839},{"type":"Feature","properties":{"id":"13lf3m6","name":"Eicher Weg","kind":"minor","district":"kornelimuenster-walheim","level":"kornelimuenster-walheim-8","importance":1231,"center":[6.141757,50.732876],"length":461},"geometry":{"type":"MultiLineString","coordinates":[[[6.14004,50.733543],[6.140006,50.733303],[6.139862,50.733207]],[[6.141972,50.733156],[6.141543,50.732596]],[[6.14004,50.733543],[6.142393,50.733083],[6.142757,50.733146],[6.144147,50.733525],[6.144304,50.73352]],[[6.139576,50.733555],[6.14004,50.733543]]]},"id":840},{"type":"Feature","properties":{"id":"13nhics","name":"Am Brombeerhang","kind":"minor","district":"richterich","level":"richterich-4","importance":1049,"center":[6.067611,50.812641],"length":97},"geometry":{"type":"LineString","coordinates":[[6.067112,50.812305],[6.067199,50.812419],[6.068022,50.812864],[6.068061,50.812922]]},"id":841},{"type":"Feature","properties":{"id":"13ogu22","name":"Holzgraben","kind":"minor","district":"aachen-mitte","level":"aachen-mitte-10","importance":1093,"center":[6.087473,50.77524],"length":187},"geometry":{"type":"MultiLineString","coordinates":[[[6.087293,50.77485],[6.08744,50.774925],[6.087623,50.775206],[6.088083,50.775727]],[[6.08729,50.774817],[6.087324,50.775274],[6.087623,50.775206]]]},"id":842},{"type":"Feature","properties":{"id":"13pv313","name":"Müselterweg","kind":"minor","district":"eilendorf","level":"eilendorf-4","importance":1315,"center":[6.162814,50.77606],"length":631},"geometry":{"type":"MultiLineString","coordinates":[[[6.164186,50.776588],[6.16409,50.776579],[6.162453,50.775921]],[[6.162453,50.775921],[6.160928,50.775217],[6.159636,50.774497]],[[6.164186,50.776588],[6.164566,50.776424]],[[6.164566,50.776424],[6.165019,50.77632],[6.165411,50.776322]],[[6.165411,50.776322],[6.165615,50.776373]],[[6.165615,50.776373],[6.166475,50.776606],[6.167268,50.77676]]]},"id":843},{"type":"Feature","properties":{"id":"13s1e5x","name":"Sanddornweg","kind":"minor","district":"kornelimuenster-walheim","level":"kornelimuenster-walheim-5","importance":1089,"center":[6.128659,50.713469],"length":178},"geometry":{"type":"LineString","coordinates":[[6.128002,50.714111],[6.128457,50.713727],[6.128633,50.713523],[6.129015,50.71267]]},"id":844},{"type":"Feature","properties":{"id":"13t0wzl","name":"Fassinstraße","kind":"minor","district":"richterich","level":"richterich-3","importance":1201,"center":[6.0613,50.815504],"length":401},"geometry":{"type":"MultiLineString","coordinates":[[[6.059457,50.815238],[6.059565,50.814937],[6.060059,50.814717]],[[6.060059,50.814717],[6.060314,50.814725],[6.060433,50.814769],[6.061374,50.815573],[6.061564,50.815838],[6.061659,50.816154],[6.061781,50.816356],[6.06231,50.81673],[6.062291,50.816803],[6.062069,50.817015]]]},"id":845},{"type":"Feature","properties":{"id":"13uigbf","name":"Steinkaulstraße","kind":"minor","district":"aachen-mitte","level":"aachen-mitte-17","importance":1172,"center":[6.100488,50.776345],"length":345},"geometry":{"type":"LineString","coordinates":[[6.099259,50.774908],[6.099378,50.774927],[6.100482,50.775881],[6.100509,50.775943],[6.100372,50.777718]]},"id":846},{"type":"Feature","properties":{"id":"13w1n99","name":"Nelly-Sachs-Straße","kind":"minor","district":"aachen-mitte","level":"aachen-mitte-37","importance":1053,"center":[6.14357,50.750451],"length":107},"geometry":{"type":"LineString","coordinates":[[6.142914,50.750692],[6.144227,50.75021]]},"id":847},{"type":"Feature","properties":{"id":"13xvzs0","name":"Salierallee","kind":"major","district":"aachen-mitte","level":"aachen-mitte-6","importance":3825,"center":[6.087725,50.755047],"length":1650},"geometry":{"type":"MultiLineString","coordinates":[[[6.085051,50.757415],[6.085421,50.757211],[6.08716,50.755349]],[[6.091555,50.752679],[6.09123,50.752719]],[[6.087712,50.754763],[6.087921,50.754842]],[[6.087807,50.754962],[6.087588,50.754892]],[[6.088712,50.753701],[6.088911,50.753772]],[[6.085419,50.757395],[6.085439,50.75748],[6.085196,50.757836]],[[6.085419,50.757395],[6.085024,50.757535],[6.084806,50.757562]],[[6.08716,50.755349],[6.088712,50.753701],[6.089086,50.753397],[6.089548,50.753118],[6.090284,50.752795]],[[6.085636,50.757276],[6.085421,50.757211]],[[6.09123,50.752719],[6.090872,50.752781],[6.090064,50.753045],[6.089402,50.753392],[6.088911,50.753772]],[[6.091267,50.752557],[6.09123,50.752719]],[[6.090284,50.752795],[6.090938,50.752621],[6.09118,50.752499]],[[6.084806,50.757562],[6.084936,50.757454],[6.085051,50.757415]],[[6.088911,50.753772],[6.088495,50.754202]],[[6.088495,50.754202],[6.085761,50.757159],[6.085579,50.757319],[6.085419,50.757395]],[[6.085196,50.757836],[6.08511,50.757954],[6.084994,50.758033]]]},"id":848},{"type":"Feature","properties":{"id":"142iype","name":"Im Erdbeerfeld","kind":"minor","district":"brand","level":"brand-3","importance":1119,"center":[6.160746,50.759587],"length":239},"geometry":{"type":"LineString","coordinates":[[6.162109,50.760205],[6.161068,50.75974],[6.159606,50.759016],[6.159357,50.758963]]},"id":849},{"type":"Feature","properties":{"id":"144xrlb","name":"Kasernenstraße","kind":"minor","district":"aachen-mitte","level":"aachen-mitte-10","importance":1135,"center":[6.08262,50.769875],"length":271},"geometry":{"type":"MultiLineString","coordinates":[[[6.083876,50.768928],[6.082508,50.76996]],[[6.081756,50.770491],[6.081548,50.770648]],[[6.081548,50.770648],[6.081457,50.770723]],[[6.081457,50.770723],[6.08138,50.770779]],[[6.082508,50.76996],[6.081756,50.770491]]]},"id":850},{"type":"Feature","properties":{"id":"147ghoo","name":"Finkenhag","kind":"minor","district":"laurensberg","level":"laurensberg-8","importance":2000,"center":[5.991661,50.807417],"length":2526},"geometry":{"type":"MultiLineString","coordinates":[[[5.997592,50.80248],[5.998351,50.803315],[5.998768,50.803954]],[[5.989202,50.808757],[5.988286,50.809154],[5.987656,50.809348],[5.986669,50.809741],[5.986543,50.809765],[5.986403,50.809724],[5.982364,50.806161],[5.979888,50.804069],[5.978996,50.803218]],[[5.998768,50.803954],[5.993899,50.806086],[5.993072,50.806491],[5.992316,50.806945],[5.991005,50.807888],[5.99045,50.808188],[5.989202,50.808757]],[[5.996983,50.799687],[5.997193,50.8003],[5.99722,50.800564],[5.997153,50.800842],[5.996935,50.801205],[5.996975,50.801425],[5.997307,50.802168],[5.997592,50.80248]],[[5.998768,50.803954],[5.998939,50.804241]]]},"id":851},{"type":"Feature","properties":{"id":"14dvexw","name":"Arensgasse","kind":"minor","district":"brand","level":"brand-4","importance":1102,"center":[6.156635,50.742369],"length":203},"geometry":{"type":"LineString","coordinates":[[6.155434,50.741697],[6.155644,50.741858],[6.157626,50.74288]]},"id":852},{"type":"Feature","properties":{"id":"14e5o98","name":"Auf Trimpersfeld","kind":"minor","district":"eilendorf","level":"eilendorf-2","importance":1174,"center":[6.155255,50.777576],"length":347},"geometry":{"type":"MultiLineString","coordinates":[[[6.154415,50.779068],[6.154441,50.778949],[6.154399,50.778778],[6.154447,50.778707],[6.15458,50.77864],[6.155008,50.778542]],[[6.155008,50.778542],[6.155248,50.778455],[6.15552,50.778258],[6.15559,50.778093],[6.154811,50.776956]],[[6.154811,50.776956],[6.154574,50.77664],[6.154605,50.776491]]]},"id":853},{"type":"Feature","properties":{"id":"14eywlb","name":"August-Macke-Straße","kind":"minor","district":"kornelimuenster-walheim","level":"kornelimuenster-walheim-8","importance":1181,"center":[6.171692,50.727068],"length":362},"geometry":{"type":"MultiLineString","coordinates":[[[6.172975,50.726211],[6.172244,50.726783],[6.171938,50.726941]],[[6.171819,50.727008],[6.171252,50.727308]],[[6.171938,50.726941],[6.171934,50.727012],[6.171819,50.727008],[6.171831,50.726936],[6.171938,50.726941]],[[6.171252,50.727308],[6.170813,50.727577],[6.170664,50.727721]],[[6.171223,50.727328],[6.171555,50.727528]],[[6.171565,50.727129],[6.171884,50.72738]],[[6.170926,50.727515],[6.171291,50.727745]]]},"id":854},{"type":"Feature","properties":{"id":"14fqy30","name":"Kurbrunnenstraße","kind":"major","district":"aachen-mitte","level":"aachen-mitte-5","importance":3339,"center":[6.094991,50.767666],"length":678},"geometry":{"type":"MultiLineString","coordinates":[[[6.098691,50.765795],[6.098156,50.765965]],[[6.095016,50.768167],[6.095016,50.768623]],[[6.095016,50.768623],[6.095142,50.768746],[6.09529,50.769247],[6.095244,50.769429]],[[6.095244,50.769429],[6.095102,50.769277]],[[6.09504,50.769093],[6.094961,50.768773]],[[6.095017,50.767899],[6.095016,50.768167]],[[6.095007,50.767768],[6.095017,50.767899]],[[6.094989,50.766792],[6.094904,50.766857],[6.094871,50.766987]],[[6.094985,50.767634],[6.095007,50.767768]],[[6.098156,50.765965],[6.096227,50.766483]],[[6.094961,50.768773],[6.095016,50.768623]],[[6.096227,50.766483],[6.094989,50.766792]],[[6.094871,50.766987],[6.094939,50.76739]],[[6.094966,50.76754],[6.094985,50.767634]],[[6.095102,50.769277],[6.09504,50.769093]],[[6.094962,50.76752],[6.094966,50.76754]],[[6.094939,50.76739],[6.094962,50.76752]]]},"id":855},{"type":"Feature","properties":{"id":"14hqiwj","name":"Schneebergweg","kind":"minor","district":"laurensberg","level":"laurensberg-4","importance":2000,"center":[6.024644,50.780337],"length":3781},"geometry":{"type":"MultiLineString","coordinates":[[[6.046729,50.77882],[6.04581,50.778715]],[[6.049897,50.778855],[6.048271,50.778833]],[[6.050682,50.778802],[6.050239,50.778804],[6.049897,50.778855]],[[6.032134,50.779687],[6.031399,50.779803]],[[6.048271,50.778833],[6.047159,50.778829],[6.047025,50.778857]],[[6.031399,50.779803],[6.027407,50.780355],[6.024879,50.780341]],[[6.024879,50.780341],[6.023971,50.78033],[6.021463,50.780534],[6.017945,50.781294],[6.016027,50.781824],[6.013832,50.782298],[6.013054,50.782515]],[[6.013054,50.782515],[6.011868,50.782986],[6.010667,50.783372],[6.009399,50.783642],[6.007013,50.784016],[6.004892,50.784576],[6.00229,50.785525],[6.001621,50.785904],[6.000628,50.786537],[6.000149,50.786754],[5.999891,50.786839],[5.999695,50.786849]],[[6.032225,50.779676],[6.032134,50.779687]],[[6.047025,50.778857],[6.046729,50.77882]],[[6.038204,50.779045],[6.036665,50.779099],[6.035345,50.779254],[6.034085,50.779468],[6.032225,50.779676]],[[6.04581,50.778715],[6.044923,50.778742],[6.042726,50.778995],[6.040449,50.778974],[6.038204,50.779045]]]},"id":856},{"type":"Feature","properties":{"id":"14hxixe","name":"Hubertusweg","kind":"minor","district":"brand","level":"brand-6","importance":1100,"center":[6.190088,50.753949],"length":200},"geometry":{"type":"MultiLineString","coordinates":[[[6.190466,50.754011],[6.190578,50.754001],[6.190659,50.753909],[6.190703,50.75343]],[[6.188728,50.753717],[6.190466,50.754011]]]},"id":857},{"type":"Feature","properties":{"id":"14i3132","name":"Dr.-Josef-Lamby-Straße","kind":"minor","district":"brand","level":"brand-3","importance":1143,"center":[6.16703,50.751621],"length":286},"geometry":{"type":"LineString","coordinates":[[6.165089,50.752098],[6.166764,50.751667],[6.166928,50.751631],[6.167286,50.751613],[6.167622,50.751644],[6.167937,50.751725],[6.168737,50.752148]]},"id":858},{"type":"Feature","properties":{"id":"14kvxkd","name":"Naumburger Straße","kind":"minor","district":"aachen-mitte","level":"aachen-mitte-35","importance":1051,"center":[6.136272,50.749883],"length":103},"geometry":{"type":"LineString","coordinates":[[6.135661,50.750166],[6.136842,50.749622]]},"id":859},{"type":"Feature","properties":{"id":"14nwzza","name":"Laurentiusstraße","kind":"minor","district":"laurensberg","level":"laurensberg-6","importance":1537,"center":[6.054003,50.802752],"length":1073},"geometry":{"type":"MultiLineString","coordinates":[[[6.060441,50.80417],[6.059487,50.804087],[6.058759,50.803979],[6.056707,50.803491]],[[6.050041,50.801019],[6.049727,50.801461],[6.049636,50.801519],[6.049536,50.801536],[6.049389,50.80153],[6.04855,50.801269]],[[6.054466,50.802771],[6.05388,50.802742],[6.052848,50.80252],[6.052752,50.80245],[6.05259,50.802047],[6.052272,50.801701]],[[6.050041,50.801019],[6.049769,50.80088],[6.049463,50.800651]],[[6.056575,50.80346],[6.055952,50.803287],[6.054743,50.802821],[6.054466,50.802771]],[[6.056707,50.803491],[6.056575,50.80346]],[[6.052272,50.801701],[6.052012,50.801595],[6.050041,50.801019]],[[6.060761,50.804207],[6.060441,50.80417]]]},"id":860},{"type":"Feature","properties":{"id":"14odpt0","name":"Wassily-Kandinsky-Straße","kind":"minor","district":"kornelimuenster-walheim","level":"kornelimuenster-walheim-6","importance":1152,"center":[6.167976,50.727995],"length":304},"geometry":{"type":"LineString","coordinates":[[6.169379,50.728695],[6.168921,50.728489],[6.168865,50.728427],[6.166846,50.727431],[6.167441,50.726852]]},"id":861},{"type":"Feature","properties":{"id":"14opzhe","name":"Am Keilbusch","kind":"minor","district":"haaren","level":"haaren-5","importance":1040,"center":[6.168574,50.791959],"length":79},"geometry":{"type":"LineString","coordinates":[[6.168834,50.792112],[6.168011,50.791624]]},"id":862},{"type":"Feature","properties":{"id":"14q8q73","name":"Nirmer Straße","kind":"major","district":"eilendorf","level":"eilendorf-1","importance":3525,"center":[6.159313,50.78292],"length":1050},"geometry":{"type":"MultiLineString","coordinates":[[[6.162907,50.779612],[6.161935,50.780925],[6.161053,50.7818],[6.160575,50.782199],[6.159826,50.782622]],[[6.156903,50.785788],[6.156853,50.785945]],[[6.156814,50.786033],[6.156374,50.786202]],[[6.156115,50.787036],[6.156207,50.786928],[6.156263,50.786333],[6.156305,50.78626]],[[6.157411,50.784727],[6.156952,50.785682]],[[6.158778,50.783262],[6.157964,50.783848],[6.157726,50.784154],[6.157411,50.784727]],[[6.156952,50.785682],[6.156903,50.785788]],[[6.162816,50.779725],[6.162905,50.779743],[6.162754,50.780049],[6.162979,50.78023]],[[6.156838,50.785985],[6.156814,50.786033]],[[6.156853,50.785945],[6.156838,50.785985]],[[6.156305,50.78626],[6.156374,50.786202]],[[6.159826,50.782622],[6.158778,50.783262]]]},"id":863},{"type":"Feature","properties":{"id":"14t3az8","name":"Eburonenwinkel","kind":"minor","district":"laurensberg","level":"laurensberg-7","importance":1066,"center":[6.031585,50.767328],"length":132},"geometry":{"type":"MultiLineString","coordinates":[[[6.030771,50.767095],[6.031572,50.767058],[6.031612,50.767106],[6.031558,50.76755]],[[6.031558,50.76755],[6.031828,50.767583]]]},"id":864},{"type":"Feature","properties":{"id":"14udjdk","name":"Malmedyer Straße","kind":"minor","district":"aachen-mitte","level":"aachen-mitte-28","importance":1505,"center":[6.09102,50.756708],"length":1010},"geometry":{"type":"MultiLineString","coordinates":[[[6.091088,50.756215],[6.08965,50.756332]],[[6.09123,50.752719],[6.091318,50.752985]],[[6.091318,50.752985],[6.09147,50.753446],[6.091492,50.753724],[6.091005,50.756941],[6.091083,50.757306],[6.091198,50.757584],[6.091619,50.75796]],[[6.092679,50.75968],[6.093477,50.760124]],[[6.091619,50.75796],[6.091734,50.758081],[6.091871,50.758354]],[[6.091871,50.758354],[6.092472,50.759546],[6.092571,50.759645]],[[6.092571,50.759645],[6.092679,50.75968]],[[6.093477,50.760124],[6.093793,50.760276]]]},"id":865},{"type":"Feature","properties":{"id":"14vcjj2","name":"Kolberger Straße","kind":"minor","district":"aachen-mitte","level":"aachen-mitte-36","importance":1039,"center":[6.143634,50.757502],"length":78},"geometry":{"type":"LineString","coordinates":[[6.143968,50.757794],[6.143568,50.757429],[6.143427,50.757187]]},"id":866},{"type":"Feature","properties":{"id":"1512wmf","name":"Lintertstraße","kind":"major","district":"aachen-mitte","level":"aachen-mitte-8","importance":4000,"center":[6.130159,50.752861],"length":3051},"geometry":{"type":"MultiLineString","coordinates":[[[6.125689,50.765017],[6.125843,50.7649]],[[6.125843,50.7649],[6.126079,50.764643]],[[6.126167,50.746564],[6.127107,50.746293]],[[6.1265,50.746971],[6.125562,50.745744]],[[6.124647,50.743359],[6.124839,50.742935],[6.125103,50.742633]],[[6.131171,50.754569],[6.130788,50.753936]],[[6.131104,50.760789],[6.131686,50.760449],[6.13213,50.760096],[6.132417,50.759761],[6.132626,50.75934]],[[6.13274,50.758848],[6.132752,50.758769]],[[6.130589,50.753592],[6.129901,50.752427],[6.129379,50.751297],[6.129168,50.750712]],[[6.125562,50.745744],[6.124859,50.744799],[6.124627,50.74438],[6.124566,50.743994],[6.124647,50.743359]],[[6.126219,50.764333],[6.126351,50.764125],[6.128504,50.762222],[6.129036,50.76183],[6.129929,50.761361]],[[6.126079,50.764643],[6.126219,50.764333]],[[6.129168,50.750712],[6.129164,50.750526],[6.129436,50.749704],[6.129418,50.749536],[6.129171,50.748846],[6.128947,50.748454],[6.128582,50.74802],[6.128285,50.747805],[6.127171,50.747377],[6.126813,50.747199],[6.1265,50.746971]],[[6.130292,50.761184],[6.131104,50.760789]],[[6.132779,50.758307],[6.132725,50.757571],[6.13249,50.756779],[6.132078,50.755997],[6.13128,50.75474]],[[6.132772,50.758556],[6.132779,50.758307]],[[6.130788,50.753936],[6.130589,50.753592]],[[6.132626,50.75934],[6.132697,50.759094]],[[6.132697,50.759094],[6.13274,50.758848]],[[6.132752,50.758769],[6.132772,50.758556]],[[6.129929,50.761361],[6.130292,50.761184]],[[6.13128,50.75474],[6.131171,50.754569]],[[6.125081,50.745108],[6.126871,50.744495]]]},"id":867},{"type":"Feature","properties":{"id":"152gdvf","name":"Salvatorstraße","kind":"minor","district":"aachen-mitte","level":"aachen-mitte-15","importance":1115,"center":[6.087494,50.782953],"length":229},"geometry":{"type":"MultiLineString","coordinates":[[[6.08705,50.782816],[6.087365,50.782396],[6.087362,50.782313]],[[6.087065,50.7828],[6.087136,50.782842]],[[6.087136,50.782842],[6.086982,50.783059]],[[6.087627,50.782995],[6.087705,50.782873],[6.087689,50.782711]],[[6.087136,50.782842],[6.08722,50.782868]],[[6.087627,50.782995],[6.087824,50.783056],[6.088485,50.78318]],[[6.08736,50.782911],[6.087627,50.782995]],[[6.08722,50.782868],[6.08736,50.782911]]]},"id":868},{"type":"Feature","properties":{"id":"152i5dc","name":"Kiefernweg","kind":"minor","district":"kornelimuenster-walheim","level":"kornelimuenster-walheim-5","importance":1087,"center":[6.140473,50.717081],"length":175},"geometry":{"type":"LineString","coordinates":[[6.139723,50.716298],[6.139689,50.716591],[6.139779,50.716724],[6.141166,50.717439]]},"id":869},{"type":"Feature","properties":{"id":"154v599","name":"Birkstraße","kind":"minor","district":"eilendorf","level":"eilendorf-4","importance":1161,"center":[6.162907,50.782714],"length":322},"geometry":{"type":"LineString","coordinates":[[6.164653,50.783583],[6.161053,50.7818]]},"id":870},{"type":"Feature","properties":{"id":"155vvdw","name":"Stromgasse","kind":"minor","district":"aachen-mitte","level":"aachen-mitte-14","importance":1149,"center":[6.077719,50.770492],"length":298},"geometry":{"type":"MultiLineString","coordinates":[[[6.078197,50.769295],[6.078219,50.769351],[6.078005,50.770116],[6.077525,50.770736]],[[6.077063,50.771181],[6.076403,50.771629]],[[6.077525,50.770736],[6.077445,50.770893],[6.077063,50.771181]]]},"id":871},{"type":"Feature","properties":{"id":"15bbpuo","name":"Eibenweg","kind":"minor","district":"haaren","level":"haaren-3","importance":1074,"center":[6.130959,50.799257],"length":148},"geometry":{"type":"LineString","coordinates":[[6.130106,50.798965],[6.130672,50.799061],[6.130825,50.799119],[6.130921,50.799199],[6.131286,50.799862],[6.131342,50.799896]]},"id":872},{"type":"Feature","properties":{"id":"15dnnci","name":"Buschmühle","kind":"minor","district":"aachen-mitte","level":"aachen-mitte-31","importance":1064,"center":[6.126897,50.762686],"length":127},"geometry":{"type":"LineString","coordinates":[[6.127501,50.763096],[6.126948,50.762729],[6.126372,50.762209]]},"id":873},{"type":"Feature","properties":{"id":"15ftfth","name":"Corrgasse","kind":"path","district":"kornelimuenster-walheim","level":"kornelimuenster-walheim-9","importance":46,"center":[6.167811,50.723755],"length":92},"geometry":{"type":"LineString","coordinates":[[6.167445,50.724077],[6.167532,50.723954],[6.167754,50.72382],[6.167868,50.72369],[6.167983,50.723355]]},"id":874},{"type":"Feature","properties":{"id":"15g9vsy","name":"Hamsterweg","kind":"minor","district":"brand","level":"brand-5","importance":1063,"center":[6.166291,50.743306],"length":125},"geometry":{"type":"LineString","coordinates":[[6.166697,50.743702],[6.166423,50.743403],[6.166159,50.743208],[6.165464,50.742921]]},"id":875},{"type":"Feature","properties":{"id":"15ih84d","name":"Oberplatz","kind":"square","district":"aachen-mitte","level":"aachen-mitte-4","importance":3000,"center":[6.100998,50.775899],"length":0},"geometry":{"type":"Polygon","coordinates":[[[6.101556,50.776002],[6.101541,50.77575],[6.100764,50.775761],[6.100482,50.775881],[6.100519,50.776019],[6.101556,50.776002]]]},"id":876},{"type":"Feature","properties":{"id":"15iongx","name":"Düppelstraße","kind":"minor","district":"aachen-mitte","level":"aachen-mitte-26","importance":1301,"center":[6.115589,50.773958],"length":603},"geometry":{"type":"MultiLineString","coordinates":[[[6.118832,50.771673],[6.116799,50.773118]],[[6.116184,50.773513],[6.116799,50.773118]],[[6.11564,50.773938],[6.115538,50.773978],[6.11282,50.775857],[6.112375,50.775736]]]},"id":877},{"type":"Feature","properties":{"id":"15itosf","name":"Kamper Straße","kind":"minor","district":"aachen-mitte","level":"aachen-mitte-16","importance":1180,"center":[6.083802,50.764444],"length":359},"geometry":{"type":"MultiLineString","coordinates":[[[6.082199,50.763312],[6.082528,50.763477],[6.083675,50.764352]],[[6.085496,50.764539],[6.08587,50.764542],[6.086121,50.764597],[6.0863,50.764679]],[[6.083675,50.764352],[6.084064,50.764633],[6.085496,50.764539]]]},"id":878},{"type":"Feature","properties":{"id":"15jky5f","name":"Lichthof 10","kind":"square","district":"laurensberg","level":"laurensberg-1","importance":3000,"center":[6.043171,50.776548],"length":0},"geometry":{"type":"Polygon","coordinates":[[[6.043006,50.776675],[6.043337,50.776674],[6.043337,50.776421],[6.043005,50.776421],[6.043006,50.776675]]]},"id":879},{"type":"Feature","properties":{"id":"15klnq9","name":"Beethovenstraße","kind":"minor","district":"aachen-mitte","level":"aachen-mitte-14","importance":1111,"center":[6.082684,50.767221],"length":222},"geometry":{"type":"LineString","coordinates":[[6.081353,50.767497],[6.081983,50.767523],[6.082251,50.767476],[6.083888,50.766502]]},"id":880},{"type":"Feature","properties":{"id":"15lfbb2","name":"Adalbertstraße","kind":"square","district":"aachen-mitte","level":"aachen-mitte-2","importance":3000,"center":[6.093036,50.775205],"length":0},"geometry":{"type":"Polygon","coordinates":[[[6.092913,50.775206],[6.092599,50.775253],[6.092337,50.775273],[6.09222,50.775235],[6.092144,50.775133],[6.092007,50.775146],[6.09204,50.77526],[6.09202,50.775273],[6.092088,50.775325],[6.092086,50.775402],[6.094248,50.775096],[6.094221,50.775005],[6.094199,50.774993],[6.094134,50.775022],[6.092913,50.775206]]]},"id":881},{"type":"Feature","properties":{"id":"15lzn0y","name":"Strangenhäuschen","kind":"major","district":"haaren","level":"haaren-1","importance":3280,"center":[6.11229,50.801322],"length":560},"geometry":{"type":"MultiLineString","coordinates":[[[6.109671,50.802196],[6.109424,50.802334]],[[6.11067,50.801868],[6.113925,50.800777],[6.115674,50.800288]],[[6.109103,50.802356],[6.109369,50.802269]],[[6.109369,50.802269],[6.109671,50.802196]],[[6.109954,50.802105],[6.110086,50.80206]],[[6.109424,50.802334],[6.109167,50.802427]],[[6.110086,50.80206],[6.11067,50.801868]],[[6.109671,50.802196],[6.109954,50.802105]]]},"id":882},{"type":"Feature","properties":{"id":"15nwn7u","name":"Waldstraße","kind":"minor","district":"haaren","level":"haaren-5","importance":1468,"center":[6.16188,50.793239],"length":936},"geometry":{"type":"MultiLineString","coordinates":[[[6.156914,50.795787],[6.160927,50.793763]],[[6.165889,50.789716],[6.165438,50.790364],[6.16441,50.791383]],[[6.163461,50.792138],[6.164278,50.791486]],[[6.162521,50.792881],[6.16282,50.792704],[6.163461,50.792138]],[[6.164278,50.791486],[6.16441,50.791383]],[[6.160927,50.793763],[6.16124,50.793597]],[[6.16124,50.793597],[6.162521,50.792881]]]},"id":883},{"type":"Feature","properties":{"id":"15ttpwc","name":"Am Lavenstein","kind":"minor","district":"aachen-mitte","level":"aachen-mitte-14","importance":1063,"center":[6.075979,50.769087],"length":126},"geometry":{"type":"MultiLineString","coordinates":[[[6.076214,50.768529],[6.076236,50.768589],[6.076079,50.769094]],[[6.075879,50.769079],[6.075559,50.769022],[6.075331,50.768864]],[[6.076079,50.769094],[6.075879,50.769079]]]},"id":884},{"type":"Feature","properties":{"id":"15vp7g6","name":"Am Bilderstock","kind":"minor","district":"brand","level":"brand-2","importance":1103,"center":[6.15027,50.746959],"length":207},"geometry":{"type":"MultiLineString","coordinates":[[[6.15125,50.746635],[6.150199,50.746682],[6.150146,50.746654]],[[6.150319,50.746675],[6.15022,50.747243],[6.151081,50.747432]]]},"id":885},{"type":"Feature","properties":{"id":"15vxiuy","name":"Erberichshofstraße","kind":"minor","district":"brand","level":"brand-3","importance":1669,"center":[6.169212,50.755776],"length":1337},"geometry":{"type":"MultiLineString","coordinates":[[[6.165997,50.753526],[6.16611,50.753676]],[[6.172784,50.756867],[6.171772,50.756741],[6.171444,50.756679],[6.170967,50.75654],[6.168036,50.755417],[6.167648,50.75522],[6.167209,50.754943],[6.166833,50.754653],[6.166397,50.754219],[6.16611,50.753676]],[[6.170298,50.756185],[6.170478,50.755891],[6.170655,50.755438]],[[6.16611,50.753676],[6.166512,50.754164],[6.166971,50.754612],[6.167323,50.754893],[6.167746,50.755165],[6.16807,50.755327],[6.171066,50.75647],[6.171933,50.756679],[6.172818,50.75678]],[[6.167988,50.755393],[6.16807,50.755327]]]},"id":886},{"type":"Feature","properties":{"id":"15vxk3x","name":"Adalbert-Stifter-Straße","kind":"minor","district":"aachen-mitte","level":"aachen-mitte-37","importance":1051,"center":[6.144932,50.752139],"length":103},"geometry":{"type":"LineString","coordinates":[[6.14427,50.752334],[6.145594,50.751944]]},"id":887},{"type":"Feature","properties":{"id":"15w0oai","name":"Muffeter Weg","kind":"minor","district":"aachen-mitte","level":"aachen-mitte-18","importance":1392,"center":[6.062237,50.774941],"length":784},"geometry":{"type":"MultiLineString","coordinates":[[[6.06766,50.775938],[6.066579,50.775788],[6.063981,50.775336],[6.062951,50.775119],[6.058843,50.774066],[6.057384,50.773656]],[[6.057295,50.773635],[6.05716,50.773612]],[[6.057384,50.773656],[6.057295,50.773635]]]},"id":888},{"type":"Feature","properties":{"id":"15w2haa","name":"Zeise","kind":"minor","district":"aachen-mitte","level":"aachen-mitte-25","importance":1098,"center":[6.095896,50.763231],"length":196},"geometry":{"type":"LineString","coordinates":[[6.097052,50.762777],[6.096446,50.762979],[6.094737,50.763759]]},"id":889},{"type":"Feature","properties":{"id":"15xe807","name":"Helvetierstraße","kind":"square","district":"laurensberg","level":"laurensberg-1","importance":3000,"center":[6.040386,50.767441],"length":0},"geometry":{"type":"Polygon","coordinates":[[[6.040317,50.767513],[6.040264,50.767419],[6.040526,50.767416],[6.040317,50.767513]]]},"id":890},{"type":"Feature","properties":{"id":"15y1syj","name":"Buchenweg","kind":"minor","district":"laurensberg","level":"laurensberg-6","importance":1070,"center":[6.061663,50.798546],"length":141},"geometry":{"type":"MultiLineString","coordinates":[[[6.060554,50.798811],[6.061121,50.798587],[6.061853,50.798541]],[[6.06217,50.798526],[6.06276,50.798479]]]},"id":891},{"type":"Feature","properties":{"id":"1609mcp","name":"Bunsenstraße","kind":"minor","district":"aachen-mitte","level":"aachen-mitte-19","importance":1056,"center":[6.072944,50.781363],"length":113},"geometry":{"type":"LineString","coordinates":[[6.073685,50.781871],[6.072609,50.781121]]},"id":892},{"type":"Feature","properties":{"id":"160fs1b","name":"Campus-Boulevard","kind":"major","district":"laurensberg","level":"laurensberg-1","importance":3683,"center":[6.04497,50.782186],"length":1366},"geometry":{"type":"MultiLineString","coordinates":[[[6.044923,50.782243],[6.044276,50.78317],[6.043935,50.78386],[6.043659,50.784805],[6.043653,50.785482],[6.043865,50.786199],[6.044024,50.786497],[6.044319,50.786849],[6.044711,50.787193],[6.045079,50.787423],[6.045403,50.787565],[6.0459,50.787716]],[[6.050677,50.779555],[6.049812,50.779631],[6.049448,50.779694]],[[6.049448,50.779694],[6.048427,50.779926]],[[6.045691,50.781442],[6.045564,50.781568]],[[6.046302,50.780928],[6.045843,50.78135],[6.045691,50.781442]],[[6.045691,50.781442],[6.045763,50.781325],[6.046013,50.781114],[6.046302,50.780928]],[[6.047465,50.780272],[6.047007,50.780495],[6.046302,50.780928]],[[6.047465,50.780272],[6.0479,50.780072],[6.048321,50.779934],[6.048427,50.779926]],[[6.048427,50.779926],[6.048309,50.779991],[6.047465,50.780272]],[[6.045564,50.781568],[6.044923,50.782243]]]},"id":893},{"type":"Feature","properties":{"id":"160tsxb","name":"Zedernweg","kind":"minor","district":"kornelimuenster-walheim","level":"kornelimuenster-walheim-5","importance":1240,"center":[6.134823,50.714998],"length":480},"geometry":{"type":"MultiLineString","coordinates":[[[6.135877,50.714175],[6.133081,50.716327]],[[6.136645,50.713393],[6.135801,50.714137]],[[6.134251,50.715756],[6.134431,50.715609]],[[6.134445,50.715862],[6.134251,50.715756],[6.134149,50.715798],[6.133929,50.715683]]]},"id":894},{"type":"Feature","properties":{"id":"160uda0","name":"Klausenerstraße","kind":"minor","district":"aachen-mitte","level":"aachen-mitte-22","importance":1062,"center":[6.089187,50.763076],"length":123},"geometry":{"type":"LineString","coordinates":[[6.088681,50.763039],[6.09019,50.763151],[6.090414,50.763102]]},"id":895},{"type":"Feature","properties":{"id":"1639gt6","name":"Herstaler Straße","kind":"minor","district":"aachen-mitte","level":"aachen-mitte-18","importance":1076,"center":[6.069874,50.774469],"length":151},"geometry":{"type":"LineString","coordinates":[[6.069622,50.775119],[6.069823,50.774637],[6.070034,50.77393],[6.070034,50.77379]]},"id":896},{"type":"Feature","properties":{"id":"163nmth","name":"Rosstraße","kind":"minor","district":"aachen-mitte","level":"aachen-mitte-10","importance":1135,"center":[6.079114,50.771573],"length":270},"geometry":{"type":"MultiLineString","coordinates":[[[6.07841,50.771243],[6.077868,50.770991],[6.077437,50.771077],[6.077267,50.77104]],[[6.080442,50.772197],[6.07841,50.771243]]]},"id":897},{"type":"Feature","properties":{"id":"165ybhk","name":"Nelkenweg","kind":"path","district":"aachen-mitte","level":"aachen-mitte-38","importance":68,"center":[6.065553,50.766957],"length":137},"geometry":{"type":"LineString","coordinates":[[6.066543,50.767377],[6.065822,50.76709],[6.06497,50.766658]]},"id":898},{"type":"Feature","properties":{"id":"166s83t","name":"Monnetweg","kind":"path","district":"aachen-mitte","level":"aachen-mitte-40","importance":93,"center":[6.099901,50.751689],"length":186},"geometry":{"type":"MultiLineString","coordinates":[[[6.099293,50.75141],[6.099867,50.751684]],[[6.100061,50.752002],[6.099791,50.751866],[6.099867,50.751684],[6.099935,50.751695],[6.100229,50.751469]],[[6.099993,50.751348],[6.100571,50.751638]]]},"id":899},{"type":"Feature","properties":{"id":"1697le1","name":"Couvenstraße","kind":"minor","district":"aachen-mitte","level":"aachen-mitte-11","importance":1104,"center":[6.089977,50.777638],"length":209},"geometry":{"type":"MultiLineString","coordinates":[[[6.089956,50.777627],[6.089667,50.777506],[6.089294,50.777438]],[[6.089294,50.777438],[6.088876,50.777334]],[[6.090499,50.777905],[6.090346,50.778167],[6.09006,50.778529]],[[6.090499,50.777905],[6.089956,50.777627]]]},"id":900},{"type":"Feature","properties":{"id":"169ckoo","name":"Kardinalstraße","kind":"minor","district":"aachen-mitte","level":"aachen-mitte-15","importance":1078,"center":[6.088965,50.784245],"length":156},"geometry":{"type":"LineString","coordinates":[[6.089748,50.783534],[6.089079,50.783801],[6.08885,50.78469]]},"id":901},{"type":"Feature","properties":{"id":"16bk81t","name":"Wolferskaul","kind":"minor","district":"brand","level":"brand-4","importance":1409,"center":[6.158619,50.745946],"length":817},"geometry":{"type":"MultiLineString","coordinates":[[[6.1598,50.744067],[6.15903,50.744816]],[[6.157951,50.746539],[6.1585,50.746722]],[[6.158774,50.745154],[6.15934,50.74536]],[[6.158552,50.745516],[6.159111,50.745718]],[[6.158352,50.745853],[6.158887,50.746039]],[[6.157637,50.747046],[6.158272,50.747201]],[[6.158841,50.747362],[6.160504,50.74781]],[[6.157974,50.746496],[6.157637,50.747046]],[[6.15903,50.744816],[6.158688,50.745273],[6.157974,50.746496]],[[6.15836,50.747222],[6.158841,50.747362]],[[6.158158,50.74619],[6.158692,50.746383]],[[6.160504,50.74781],[6.160651,50.747851]],[[6.158272,50.747201],[6.15836,50.747222]]]},"id":902},{"type":"Feature","properties":{"id":"16dr0fs","name":"Paugasse","kind":"minor","district":"aachen-mitte","level":"aachen-mitte-12","importance":1064,"center":[6.077336,50.771674],"length":128},"geometry":{"type":"MultiLineString","coordinates":[[[6.077063,50.771181],[6.07719,50.77132],[6.077399,50.771785]],[[6.077399,50.771785],[6.077697,50.77225]]]},"id":903},{"type":"Feature","properties":{"id":"16gex1d","name":"Rotbusch","kind":"minor","district":"laurensberg","level":"laurensberg-4","importance":1076,"center":[5.994305,50.798046],"length":152},"geometry":{"type":"LineString","coordinates":[[5.995309,50.798195],[5.995199,50.798189],[5.994878,50.798077],[5.9945,50.798035],[5.993212,50.798146]]},"id":904},{"type":"Feature","properties":{"id":"16ko40n","name":"Heckstraße","kind":"major","district":"eilendorf","level":"eilendorf-1","importance":3940,"center":[6.173396,50.781453],"length":1881},"geometry":{"type":"MultiLineString","coordinates":[[[6.16568,50.778958],[6.167172,50.779298],[6.167874,50.779375],[6.169746,50.779938],[6.17083,50.780305],[6.172786,50.781159]],[[6.169746,50.779938],[6.16972,50.779979],[6.169803,50.780355],[6.169657,50.780534],[6.169396,50.780666],[6.168978,50.780785],[6.168411,50.780844]],[[6.174072,50.78178],[6.174381,50.781927]],[[6.173656,50.781586],[6.174043,50.781769]],[[6.175338,50.782494],[6.175461,50.782638],[6.175587,50.782948],[6.175574,50.783176],[6.175504,50.783367],[6.175162,50.783728],[6.174214,50.784292],[6.173765,50.784639],[6.173609,50.784832],[6.173461,50.785206],[6.173437,50.785392],[6.17355,50.785777],[6.173797,50.786097],[6.174007,50.786262],[6.174373,50.786467],[6.174895,50.786657],[6.177879,50.787608],[6.178255,50.787752],[6.178551,50.787908],[6.178953,50.788192]],[[6.173135,50.781321],[6.173656,50.781586]],[[6.172786,50.781159],[6.173135,50.781321]],[[6.174381,50.781927],[6.174954,50.782212],[6.175338,50.782494]],[[6.174043,50.781769],[6.174072,50.78178]],[[6.165365,50.77888],[6.16568,50.778958]]]},"id":905},{"type":"Feature","properties":{"id":"16oz8bm","name":"Hangstraße","kind":"minor","district":"aachen-mitte","level":"aachen-mitte-30","importance":1225,"center":[6.086038,50.74719],"length":451},"geometry":{"type":"LineString","coordinates":[[6.086301,50.74506],[6.086041,50.745278],[6.086005,50.74544],[6.086103,50.745702],[6.086382,50.746121],[6.086431,50.746324],[6.086391,50.746735],[6.086188,50.747073],[6.085888,50.747308],[6.085563,50.747491],[6.084708,50.747803],[6.084644,50.747859],[6.084575,50.74799],[6.084734,50.748475]]},"id":906},{"type":"Feature","properties":{"id":"16qry4x","name":"Theresienstraße","kind":"minor","district":"aachen-mitte","level":"aachen-mitte-15","importance":1073,"center":[6.082075,50.783556],"length":146},"geometry":{"type":"LineString","coordinates":[[6.081372,50.783844],[6.083109,50.783131]]},"id":907},{"type":"Feature","properties":{"id":"16rq2v6","name":"Barbarastraße","kind":"minor","district":"aachen-mitte","level":"aachen-mitte-33","importance":1134,"center":[6.136154,50.778173],"length":268},"geometry":{"type":"MultiLineString","coordinates":[[[6.135452,50.776866],[6.135421,50.776943],[6.136136,50.778141]],[[6.136136,50.778141],[6.136173,50.778206]],[[6.136298,50.778418],[6.136656,50.779002],[6.136691,50.779032],[6.136834,50.779034]],[[6.136263,50.778357],[6.136298,50.778418]],[[6.136173,50.778206],[6.136263,50.778357]]]},"id":908},{"type":"Feature","properties":{"id":"16w849p","name":"Reutersgasse","kind":"minor","district":"eilendorf","level":"eilendorf-5","importance":1084,"center":[6.1629,50.773571],"length":167},"geometry":{"type":"LineString","coordinates":[[6.161682,50.77366],[6.162642,50.773613],[6.162977,50.773559],[6.163352,50.77347],[6.163941,50.773267]]},"id":909},{"type":"Feature","properties":{"id":"16yvfgy","name":"Wittekindstraße","kind":"minor","district":"aachen-mitte","level":"aachen-mitte-15","importance":1019,"center":[6.079464,50.781684],"length":37},"geometry":{"type":"LineString","coordinates":[[6.0792,50.781775],[6.079671,50.781631]]},"id":910},{"type":"Feature","properties":{"id":"16z2r75","name":"Amselweg","kind":"minor","district":"brand","level":"brand-5","importance":1058,"center":[6.165171,50.742413],"length":115},"geometry":{"type":"LineString","coordinates":[[6.16605,50.742591],[6.165694,50.742481],[6.164648,50.742345],[6.164492,50.7423]]},"id":911},{"type":"Feature","properties":{"id":"1703gv9","name":"Carlasiedlung","kind":"minor","district":"aachen-mitte","level":"aachen-mitte-32","importance":1118,"center":[6.115506,50.795197],"length":237},"geometry":{"type":"MultiLineString","coordinates":[[[6.114436,50.794292],[6.115856,50.7955],[6.115957,50.795457],[6.116276,50.795731]],[[6.115957,50.795457],[6.115834,50.79535],[6.115735,50.795394]]]},"id":912},{"type":"Feature","properties":{"id":"171yfsn","name":"Martelenberger Weg","kind":"minor","district":"aachen-mitte","level":"aachen-mitte-27","importance":1402,"center":[6.076462,50.750434],"length":805},"geometry":{"type":"MultiLineString","coordinates":[[[6.073814,50.752816],[6.074177,50.752535],[6.074296,50.75248]],[[6.077275,50.749753],[6.076642,50.749285]],[[6.07758,50.749595],[6.077327,50.749489],[6.076696,50.748972]],[[6.077753,50.749504],[6.078166,50.749873]],[[6.074529,50.752393],[6.074766,50.752241],[6.075172,50.751754],[6.075891,50.751275],[6.07661,50.750248]],[[6.074296,50.75248],[6.074529,50.752393]],[[6.07661,50.750248],[6.076942,50.749955],[6.077753,50.749504],[6.078358,50.74924],[6.079218,50.748923]]]},"id":913},{"type":"Feature","properties":{"id":"173sgw5","name":"Drei-Rosen-Winkel","kind":"path","district":"aachen-mitte","level":"aachen-mitte-39","importance":48,"center":[6.121856,50.765853],"length":95},"geometry":{"type":"LineString","coordinates":[[6.121319,50.765919],[6.121733,50.765752],[6.121979,50.765953],[6.121634,50.766147]]},"id":914},{"type":"Feature","properties":{"id":"177ug38","name":"Pingsheimstraße","kind":"minor","district":"kornelimuenster-walheim","level":"kornelimuenster-walheim-2","importance":1053,"center":[6.176442,50.704946],"length":106},"geometry":{"type":"LineString","coordinates":[[6.176759,50.704512],[6.176126,50.70538]]},"id":915},{"type":"Feature","properties":{"id":"177url8","name":"Beginenstraße","kind":"minor","district":"aachen-mitte","level":"aachen-mitte-12","importance":1091,"center":[6.078033,50.776305],"length":182},"geometry":{"type":"LineString","coordinates":[[6.07885,50.775618],[6.07807,50.776288],[6.077359,50.776558],[6.077029,50.776744]]},"id":916},{"type":"Feature","properties":{"id":"17a3s7c","name":"Berliner Ring","kind":"major","district":"aachen-mitte","level":"aachen-mitte-7","importance":4000,"center":[6.127024,50.783448],"length":3586},"geometry":{"type":"MultiLineString","coordinates":[[[6.118822,50.791822],[6.118879,50.791775]],[[6.134208,50.779133],[6.134585,50.778814],[6.13504,50.778563],[6.135688,50.77836],[6.136151,50.778293]],[[6.133546,50.779755],[6.134208,50.779133]],[[6.120655,50.789943],[6.120792,50.789777]],[[6.120792,50.789777],[6.121248,50.789187],[6.121471,50.788805]],[[6.12088,50.789866],[6.12073,50.79004]],[[6.12073,50.79004],[6.120058,50.790839]],[[6.136151,50.778293],[6.136356,50.778272]],[[6.127159,50.78311],[6.127313,50.782963]],[[6.136356,50.778272],[6.139519,50.777999]],[[6.139519,50.777999],[6.140491,50.777901],[6.140955,50.777811]],[[6.127204,50.783296],[6.126954,50.7835]],[[6.12835,50.782273],[6.128787,50.781968],[6.129801,50.781403],[6.13084,50.780959],[6.132306,50.780492],[6.132791,50.780288],[6.133246,50.780015],[6.133546,50.779755]],[[6.121471,50.788805],[6.121638,50.788519],[6.121762,50.788418]],[[6.118879,50.791775],[6.119418,50.791361],[6.119929,50.790791]],[[6.118981,50.791858],[6.118923,50.7919]],[[6.119929,50.790791],[6.120655,50.789943]],[[6.120058,50.790839],[6.119497,50.791438],[6.118981,50.791858]],[[6.124909,50.785134],[6.125643,50.784489]],[[6.125643,50.784489],[6.125808,50.784264]],[[6.124268,50.785773],[6.123711,50.786308],[6.122749,50.787384],[6.122316,50.78777]],[[6.124623,50.785314],[6.124909,50.785134]],[[6.126065,50.78422],[6.125816,50.784419],[6.125643,50.784489]],[[6.121557,50.788917],[6.121372,50.789248],[6.12088,50.789866]],[[6.141362,50.777668],[6.141432,50.777548],[6.141918,50.77722]],[[6.125808,50.784264],[6.126149,50.783964]],[[6.128028,50.782558],[6.127643,50.782887]],[[6.126149,50.783964],[6.126761,50.783463]],[[6.126761,50.783463],[6.127064,50.783209]],[[6.127643,50.782887],[6.127311,50.783201]],[[6.124561,50.78551],[6.124268,50.785773]],[[6.122646,50.787336],[6.12359,50.786275],[6.124367,50.785536]],[[6.124909,50.785134],[6.124561,50.78551]],[[6.127311,50.783201],[6.127204,50.783296]],[[6.127064,50.783209],[6.127159,50.78311]],[[6.127313,50.782963],[6.128193,50.782327],[6.12835,50.782273]],[[6.12835,50.782273],[6.12829,50.782364],[6.128028,50.782558]],[[6.142046,50.777285],[6.141665,50.777539]],[[6.140955,50.777811],[6.141362,50.777668]],[[6.124367,50.785536],[6.124448,50.785458]],[[6.124448,50.785458],[6.124623,50.785314]],[[6.122316,50.78777],[6.122646,50.787336]],[[6.121762,50.788418],[6.122316,50.78777]],[[6.121762,50.788418],[6.12175,50.788544],[6.121557,50.788917]],[[6.141665,50.777539],[6.14154,50.77762],[6.141362,50.777668]],[[6.126954,50.7835],[6.126065,50.78422]]]},"id":917},{"type":"Feature","properties":{"id":"17e2f3j","name":"Willi-Kohl-Straße","kind":"path","district":"eilendorf","level":"eilendorf-5","importance":100,"center":[6.144656,50.765711],"length":201},"geometry":{"type":"MultiLineString","coordinates":[[[6.145225,50.76536],[6.144087,50.766061]],[[6.144087,50.766061],[6.144147,50.766148],[6.144388,50.766221],[6.144983,50.766597]]]},"id":918},{"type":"Feature","properties":{"id":"17ey0bp","name":"Soerser Au","kind":"minor","district":"aachen-mitte","level":"aachen-mitte-23","importance":1082,"center":[6.091315,50.790425],"length":163},"geometry":{"type":"LineString","coordinates":[[6.090214,50.790659],[6.092416,50.790191]]},"id":919},{"type":"Feature","properties":{"id":"17gvycs","name":"Kapellenstraße","kind":"major","district":"aachen-mitte","level":"aachen-mitte-5","importance":3250,"center":[6.093521,50.760542],"length":501},"geometry":{"type":"MultiLineString","coordinates":[[[6.093222,50.76094],[6.092161,50.762088]],[[6.092851,50.760807],[6.093477,50.760124]],[[6.094557,50.759051],[6.094374,50.759607],[6.093793,50.760276]],[[6.093793,50.760276],[6.093232,50.760867],[6.093222,50.76094]],[[6.094629,50.758768],[6.094557,50.759051]]]},"id":920},{"type":"Feature","properties":{"id":"17j4x9q","name":"Danziger Straße","kind":"minor","district":"aachen-mitte","level":"aachen-mitte-37","importance":1088,"center":[6.144221,50.754797],"length":176},"geometry":{"type":"MultiLineString","coordinates":[[[6.143443,50.755202],[6.144517,50.754642]],[[6.144517,50.754642],[6.144029,50.754264],[6.143876,50.754072]]]},"id":921},{"type":"Feature","properties":{"id":"17kbeqp","name":"Heinrich-Heuser-Weg","kind":"minor","district":"haaren","level":"haaren-4","importance":1102,"center":[6.124556,50.802539],"length":203},"geometry":{"type":"LineString","coordinates":[[6.125941,50.802338],[6.125747,50.802422],[6.124413,50.802545],[6.123267,50.802493],[6.123177,50.802412]]},"id":922},{"type":"Feature","properties":{"id":"17mhsiu","name":"Am Tiergarten","kind":"minor","district":"brand","level":"brand-3","importance":1195,"center":[6.169068,50.757469],"length":390},"geometry":{"type":"MultiLineString","coordinates":[[[6.167517,50.758227],[6.16819,50.757972],[6.168864,50.757623],[6.169281,50.757308],[6.169473,50.757014],[6.16963,50.756945],[6.170298,50.756185]],[[6.168864,50.757623],[6.168959,50.757694],[6.169113,50.757917],[6.169361,50.758102],[6.169415,50.758254]]]},"id":923},{"type":"Feature","properties":{"id":"17onvxf","name":"Haßlerstraße","kind":"minor","district":"aachen-mitte","level":"aachen-mitte-20","importance":1074,"center":[6.104646,50.769295],"length":149},"geometry":{"type":"LineString","coordinates":[[6.104243,50.768651],[6.104997,50.769836],[6.104976,50.769894]]},"id":924},{"type":"Feature","properties":{"id":"17veivq","name":"An den Rollefwiesen","kind":"minor","district":"brand","level":"brand-5","importance":1057,"center":[6.167336,50.745252],"length":114},"geometry":{"type":"LineString","coordinates":[[6.167941,50.745516],[6.167699,50.745293],[6.167425,50.745325],[6.167246,50.745178],[6.167199,50.745175],[6.16689,50.745283],[6.166741,50.745198]]},"id":925},{"type":"Feature","properties":{"id":"17w8ca4","name":"Hartmannstraße","kind":"minor","district":"aachen-mitte","level":"aachen-mitte-9","importance":1057,"center":[6.085758,50.773998],"length":115},"geometry":{"type":"LineString","coordinates":[[6.086332,50.77372],[6.086004,50.773839],[6.085188,50.77444]]},"id":926},{"type":"Feature","properties":{"id":"17x8ikb","name":"Schindlerstraße","kind":"minor","district":"aachen-mitte","level":"aachen-mitte-24","importance":1038,"center":[6.056058,50.765292],"length":77},"geometry":{"type":"LineString","coordinates":[[6.056424,50.765089],[6.055624,50.765556]]},"id":927},{"type":"Feature","properties":{"id":"183agj3","name":"Europadorf","kind":"minor","district":"aachen-mitte","level":"aachen-mitte-19","importance":1061,"center":[6.064057,50.786965],"length":121},"geometry":{"type":"LineString","coordinates":[[6.063628,50.786723],[6.064177,50.78703],[6.064206,50.787073],[6.064199,50.78734],[6.063866,50.787566]]},"id":928},{"type":"Feature","properties":{"id":"183qbb8","name":"Im Mittelfeld","kind":"minor","district":"laurensberg","level":"laurensberg-7","importance":1389,"center":[6.029454,50.767405],"length":779},"geometry":{"type":"MultiLineString","coordinates":[[[6.029995,50.768616],[6.029659,50.767671],[6.029526,50.767463],[6.029382,50.767347],[6.02923,50.767286],[6.029048,50.767275],[6.028847,50.767302]],[[6.028344,50.76744],[6.028707,50.767962],[6.028827,50.768266]],[[6.029863,50.768228],[6.030667,50.768028]],[[6.029741,50.767874],[6.030118,50.767821],[6.030922,50.767619]],[[6.029611,50.767574],[6.030152,50.767441]],[[6.029153,50.767278],[6.029172,50.76709],[6.029409,50.766892],[6.029414,50.766715],[6.029457,50.766658],[6.029813,50.766478],[6.029962,50.766459]],[[6.028847,50.767302],[6.028045,50.767528],[6.027896,50.767547],[6.027699,50.767492],[6.027298,50.767258]],[[6.02923,50.767286],[6.029391,50.767194],[6.029942,50.767073]]]},"id":929},{"type":"Feature","properties":{"id":"185hyw1","name":"Uersfeld","kind":"minor","district":"richterich","level":"richterich-2","importance":1299,"center":[6.069678,50.822128],"length":598},"geometry":{"type":"MultiLineString","coordinates":[[[6.065795,50.822985],[6.067264,50.822795],[6.067788,50.822639]],[[6.070232,50.82214],[6.07054,50.822019],[6.071206,50.821557],[6.071787,50.821307]],[[6.071787,50.821307],[6.071926,50.821279]],[[6.071926,50.821279],[6.072048,50.821262]],[[6.072048,50.821262],[6.072315,50.821223],[6.072528,50.821146],[6.072858,50.820905]],[[6.068844,50.822422],[6.069424,50.822143]],[[6.067788,50.822639],[6.068168,50.822534]],[[6.068168,50.822534],[6.068844,50.822422]],[[6.072858,50.820905],[6.07309,50.820694]],[[6.069424,50.822143],[6.069597,50.822123],[6.070232,50.82214]]]},"id":930},{"type":"Feature","properties":{"id":"186jxpp","name":"Kitzenhausweg","kind":"minor","district":"kornelimuenster-walheim","level":"kornelimuenster-walheim-7","importance":2000,"center":[6.198923,50.69994],"length":2148},"geometry":{"type":"MultiLineString","coordinates":[[[6.198096,50.706112],[6.198273,50.706739],[6.198496,50.707033],[6.198677,50.707516],[6.198669,50.708023]],[[6.197442,50.696146],[6.197487,50.696557],[6.197415,50.697062],[6.197472,50.697415],[6.198723,50.699211],[6.198851,50.699848],[6.198995,50.700032],[6.199244,50.700218],[6.199352,50.700389],[6.199323,50.700874],[6.199209,50.701171],[6.199038,50.701428],[6.198048,50.702153],[6.197839,50.702559],[6.197723,50.703036],[6.197748,50.703323],[6.197844,50.703509],[6.197898,50.703806],[6.197831,50.704203],[6.19802,50.705013],[6.197995,50.705248],[6.19805,50.705467],[6.197942,50.705957],[6.198096,50.706112]],[[6.198669,50.708023],[6.198783,50.708466],[6.19875,50.708744],[6.198929,50.7091],[6.198857,50.709449]],[[6.196938,50.692779],[6.195946,50.692404],[6.195431,50.692413]],[[6.195431,50.692413],[6.195373,50.692492],[6.195364,50.692908],[6.195416,50.693417],[6.195393,50.694012],[6.195447,50.694213],[6.195981,50.69449],[6.196962,50.695093],[6.19719,50.695304],[6.197371,50.69562],[6.197484,50.695948],[6.197442,50.696146]]]},"id":931},{"type":"Feature","properties":{"id":"186mbyt","name":"Zur Scheidmühle","kind":"minor","district":"haaren","level":"haaren-2","importance":1104,"center":[6.154882,50.794702],"length":207},"geometry":{"type":"MultiLineString","coordinates":[[[6.15635,50.795178],[6.156227,50.795186],[6.154918,50.794716]],[[6.154846,50.794689],[6.153826,50.794251]],[[6.154918,50.794716],[6.154846,50.794689]]]},"id":932},{"type":"Feature","properties":{"id":"188fgs0","name":"Augustinerweg","kind":"minor","district":"aachen-mitte","level":"aachen-mitte-35","importance":1171,"center":[6.111389,50.729323],"length":341},"geometry":{"type":"LineString","coordinates":[[6.113957,50.730012],[6.113767,50.729989],[6.111078,50.729224],[6.110399,50.728778],[6.109794,50.728523]]},"id":933},{"type":"Feature","properties":{"id":"18axr9o","name":"Hammerweg","kind":"minor","district":"aachen-mitte","level":"aachen-mitte-18","importance":1153,"center":[6.066133,50.769291],"length":306},"geometry":{"type":"LineString","coordinates":[[6.064466,50.770265],[6.064791,50.769781],[6.06509,50.769583],[6.065294,50.769507],[6.065871,50.769375],[6.067844,50.768705]]},"id":934},{"type":"Feature","properties":{"id":"18c46nb","name":"Sebastianusweg","kind":"minor","district":"brand","level":"brand-6","importance":1319,"center":[6.185394,50.773582],"length":638},"geometry":{"type":"MultiLineString","coordinates":[[[6.186587,50.774021],[6.185092,50.773476],[6.183291,50.772889],[6.181796,50.771523]],[[6.188554,50.775176],[6.187303,50.774382],[6.186865,50.774144]],[[6.186865,50.774144],[6.186587,50.774021]]]},"id":935},{"type":"Feature","properties":{"id":"18fy7ob","name":"Lichthof 3","kind":"square","district":"laurensberg","level":"laurensberg-1","importance":3000,"center":[6.043476,50.777281],"length":0},"geometry":{"type":"Polygon","coordinates":[[[6.043308,50.77741],[6.043645,50.77741],[6.043645,50.777152],[6.043308,50.777153],[6.043308,50.77741]]]},"id":936},{"type":"Feature","properties":{"id":"18h19s1","name":"Elsassplatz","kind":"square","district":"aachen-mitte","level":"aachen-mitte-7","importance":3000,"center":[6.115871,50.773698],"length":0},"geometry":{"type":"Polygon","coordinates":[[[6.116207,50.773918],[6.11564,50.773938],[6.11553,50.773844],[6.11551,50.77361],[6.115532,50.773524],[6.115651,50.773539],[6.116074,50.773527],[6.116184,50.773513],[6.116207,50.773918]]]},"id":937},{"type":"Feature","properties":{"id":"18ijbdy","name":"Lichthof 1","kind":"square","district":"laurensberg","level":"laurensberg-1","importance":3000,"center":[6.042251,50.777282],"length":0},"geometry":{"type":"Polygon","coordinates":[[[6.042081,50.777411],[6.042419,50.777411],[6.04242,50.777154],[6.042082,50.777153],[6.042081,50.777411]]]},"id":938},{"type":"Feature","properties":{"id":"18ss0hh","name":"Wermutsbrunnstraße","kind":"minor","district":"kornelimuenster-walheim","level":"kornelimuenster-walheim-2","importance":1147,"center":[6.172217,50.703271],"length":295},"geometry":{"type":"LineString","coordinates":[[6.170747,50.70394],[6.171115,50.70328],[6.17148,50.703325],[6.171712,50.70332],[6.172724,50.703222],[6.172915,50.703125],[6.173597,50.7025]]},"id":939},{"type":"Feature","properties":{"id":"18virxh","name":"Friesenrather Weg","kind":"minor","district":"kornelimuenster-walheim","level":"kornelimuenster-walheim-3","importance":1510,"center":[6.184735,50.69714],"length":1021},"geometry":{"type":"MultiLineString","coordinates":[[[6.182229,50.698274],[6.182221,50.698658],[6.182343,50.698782],[6.182532,50.698901]],[[6.183675,50.694452],[6.183871,50.694419],[6.184019,50.694485],[6.185087,50.695303],[6.18523,50.695454],[6.185248,50.69554],[6.185243,50.695621],[6.185135,50.695783]],[[6.183993,50.698846],[6.18346,50.698994],[6.183153,50.698996],[6.18273,50.6989],[6.182532,50.698901],[6.18153,50.699553]],[[6.185135,50.695783],[6.185042,50.6959]],[[6.185042,50.6959],[6.184846,50.69618],[6.184764,50.696436],[6.184736,50.697217],[6.184797,50.69787],[6.184472,50.698332],[6.183993,50.698846]],[[6.184851,50.697881],[6.184976,50.6979]],[[6.184797,50.69787],[6.184851,50.697881]],[[6.184976,50.6979],[6.185162,50.697945],[6.185449,50.698109]],[[6.184254,50.695879],[6.184431,50.695553]],[[6.184945,50.696024],[6.184254,50.695879],[6.184126,50.696101]]]},"id":940},{"type":"Feature","properties":{"id":"18vnxei","name":"Wildbachstraße","kind":"minor","district":"laurensberg","level":"laurensberg-5","importance":1174,"center":[6.060916,50.795294],"length":348},"geometry":{"type":"MultiLineString","coordinates":[[[6.059749,50.794905],[6.059709,50.795243]],[[6.059709,50.795243],[6.061046,50.795306],[6.061905,50.795457],[6.062163,50.795436],[6.062676,50.795295]],[[6.059709,50.795243],[6.059648,50.795579]],[[6.059648,50.795579],[6.05953,50.796097]]]},"id":941},{"type":"Feature","properties":{"id":"18wqa21","name":"Münsterstraße","kind":"major","district":"brand","level":"brand-1","importance":4000,"center":[6.159773,50.738437],"length":3899},"geometry":{"type":"MultiLineString","coordinates":[[[6.147361,50.745925],[6.149327,50.745196],[6.150242,50.744717]],[[6.152862,50.743002],[6.152839,50.74294],[6.152874,50.742887]],[[6.153545,50.742602],[6.155434,50.741697]],[[6.156421,50.741202],[6.156636,50.741376],[6.156861,50.741927]],[[6.157658,50.740746],[6.157555,50.740746],[6.157478,50.740705]],[[6.142958,50.74636],[6.143391,50.746308]],[[6.151148,50.744173],[6.152677,50.743066],[6.152862,50.743002]],[[6.175994,50.729468],[6.175439,50.729907],[6.174793,50.730276],[6.17394,50.730573],[6.17272,50.730932],[6.170502,50.731642],[6.170055,50.731862],[6.169878,50.732013]],[[6.150242,50.744717],[6.150756,50.744415]],[[6.161144,50.736863],[6.161132,50.736943]],[[6.161132,50.736943],[6.161056,50.73718],[6.160911,50.737341],[6.160399,50.737616],[6.160152,50.737783],[6.159999,50.737948]],[[6.152289,50.743343],[6.15179,50.74315],[6.1518,50.743105],[6.152547,50.74273]],[[6.152141,50.742452],[6.152547,50.74273],[6.152874,50.742887]],[[6.158013,50.740531],[6.1578,50.740602]],[[6.155434,50.741697],[6.157478,50.740705]],[[6.14591,50.746274],[6.146466,50.746199],[6.147361,50.745925]],[[6.162861,50.734501],[6.161844,50.735181],[6.161689,50.735334],[6.161382,50.735831],[6.161253,50.736156],[6.161144,50.736863]],[[6.173009,50.730852],[6.173473,50.731448]],[[6.150756,50.744415],[6.150826,50.744373]],[[6.1578,50.740602],[6.157754,50.740618]],[[6.150826,50.744373],[6.151148,50.744173]],[[6.158685,50.738669],[6.159204,50.738647],[6.159446,50.738681],[6.159641,50.738767]],[[6.14376,50.74629],[6.14591,50.746274]],[[6.171815,50.731226],[6.172191,50.731615],[6.172399,50.731761],[6.172375,50.731813],[6.171488,50.732378]],[[6.153061,50.742864],[6.153203,50.742761]],[[6.153203,50.742761],[6.153545,50.742602]],[[6.151919,50.743608],[6.151372,50.743307]],[[6.157754,50.740618],[6.157748,50.740694],[6.157658,50.740746]],[[6.157503,50.740582],[6.157633,50.740559],[6.157754,50.740618]],[[6.153061,50.742864],[6.153141,50.742953],[6.153076,50.743032]],[[6.152874,50.742887],[6.152991,50.742854],[6.153061,50.742864]],[[6.15291,50.743033],[6.152862,50.743002]],[[6.153076,50.743032],[6.15291,50.743033]],[[6.157478,50.740705],[6.157455,50.740642],[6.157503,50.740582]],[[6.159641,50.738767],[6.159238,50.739713],[6.159073,50.739976],[6.1589,50.740119],[6.158013,50.740531]],[[6.169682,50.732182],[6.169428,50.732393],[6.169157,50.732558],[6.168748,50.732758],[6.167193,50.733405],[6.166532,50.733603],[6.165316,50.733783]],[[6.163991,50.734081],[6.163328,50.73426],[6.163124,50.734341],[6.162861,50.734501]],[[6.159999,50.737948],[6.159641,50.738767]],[[6.143391,50.746308],[6.143462,50.746303]],[[6.143462,50.746303],[6.14376,50.74629]],[[6.169878,50.732013],[6.169682,50.732182]],[[6.165316,50.733783],[6.164834,50.733863],[6.163991,50.734081]]]},"id":942},{"type":"Feature","properties":{"id":"18ys0ni","name":"Tuchmacherweg","kind":"minor","district":"haaren","level":"haaren-4","importance":1069,"center":[6.123266,50.79489],"length":139},"geometry":{"type":"LineString","coordinates":[[6.123875,50.794413],[6.123808,50.794544],[6.123019,50.795031],[6.122941,50.795038],[6.122438,50.794877]]},"id":943},{"type":"Feature","properties":{"id":"18zrbry","name":"Friedenstraße","kind":"minor","district":"haaren","level":"haaren-5","importance":1924,"center":[6.117506,50.800867],"length":1849},"geometry":{"type":"MultiLineString","coordinates":[[[6.11108,50.802207],[6.11021,50.803184]],[[6.12536,50.797407],[6.124747,50.797611],[6.123755,50.797868]],[[6.116925,50.800883],[6.117015,50.800975],[6.116576,50.801169],[6.11539,50.801847],[6.115236,50.80182]],[[6.123931,50.797832],[6.123548,50.798024]],[[6.117015,50.800975],[6.117358,50.800886],[6.117655,50.800848],[6.117984,50.800842],[6.118482,50.800886]],[[6.112762,50.803896],[6.111384,50.803871]],[[6.123402,50.797905],[6.123489,50.798033]],[[6.123489,50.798033],[6.123069,50.798401],[6.122467,50.798738],[6.122284,50.798895],[6.122152,50.799048],[6.121973,50.799559],[6.121839,50.799761],[6.121386,50.800232],[6.12099,50.80052],[6.120551,50.800732],[6.120309,50.800802],[6.119908,50.800851],[6.11877,50.800821],[6.117681,50.800736],[6.117166,50.800808],[6.116722,50.800973],[6.115236,50.80182]],[[6.115236,50.80182],[6.115154,50.801861]],[[6.114083,50.802031],[6.113795,50.801997],[6.113482,50.802009],[6.112211,50.802184],[6.111304,50.802246],[6.11108,50.802207],[6.110961,50.802155],[6.11067,50.801868]],[[6.115154,50.801861],[6.114885,50.801996],[6.114699,50.802041]],[[6.114699,50.802041],[6.114493,50.802066],[6.114083,50.802031]],[[6.123679,50.79788],[6.123402,50.797905]],[[6.123755,50.797868],[6.123679,50.79788]],[[6.123533,50.798028],[6.123489,50.798033]],[[6.123548,50.798024],[6.123533,50.798028]]]},"id":944},{"type":"Feature","properties":{"id":"191i0r8","name":"Talbothof","kind":"minor","district":"laurensberg","level":"laurensberg-8","importance":1289,"center":[6.08601,50.789072],"length":578},"geometry":{"type":"MultiLineString","coordinates":[[[6.086026,50.790578],[6.085838,50.790244],[6.085693,50.790076]],[[6.084728,50.789076],[6.086605,50.788343]],[[6.086605,50.788343],[6.086861,50.788632]],[[6.086861,50.788632],[6.085158,50.789513]],[[6.085658,50.790035],[6.085158,50.789513]],[[6.085693,50.790076],[6.085658,50.790035]],[[6.085158,50.789513],[6.084435,50.788765]]]},"id":945},{"type":"Feature","properties":{"id":"193c1u1","name":"Frère-Roger-Straße","kind":"minor","district":"aachen-mitte","level":"aachen-mitte-10","importance":1049,"center":[6.081648,50.77335],"length":98},"geometry":{"type":"MultiLineString","coordinates":[[[6.081529,50.773449],[6.082177,50.772926]],[[6.081324,50.773618],[6.081529,50.773449]]]},"id":946},{"type":"Feature","properties":{"id":"1981z2v","name":"Europaplatz","kind":"major","district":"aachen-mitte","level":"aachen-mitte-4","importance":3451,"center":[6.106706,50.780116],"length":902},"geometry":{"type":"MultiLineString","coordinates":[[[6.107166,50.780527],[6.107036,50.78033],[6.106917,50.780266]],[[6.104,50.779692],[6.10423,50.779775],[6.104728,50.779871],[6.106649,50.780116]],[[6.106676,50.780197],[6.1045,50.779923],[6.103918,50.779878]],[[6.106649,50.780116],[6.107079,50.780075],[6.107339,50.779907],[6.107411,50.779894]],[[6.1084,50.780838],[6.108026,50.780897],[6.107659,50.780853]],[[6.108358,50.779796],[6.108559,50.779869],[6.108738,50.779987]],[[6.107166,50.780527],[6.10716,50.780195],[6.107411,50.779894]],[[6.107411,50.779894],[6.107559,50.779828],[6.107837,50.779762],[6.108173,50.779761],[6.108358,50.779796]],[[6.10888,50.780167],[6.108873,50.780412],[6.108818,50.780532],[6.10863,50.78071],[6.1084,50.780838]],[[6.107659,50.780853],[6.107422,50.78076],[6.107282,50.780666]],[[6.107282,50.780666],[6.107166,50.780527]],[[6.108738,50.779987],[6.10888,50.780167]],[[6.106917,50.780266],[6.106676,50.780197]]]},"id":947},{"type":"Feature","properties":{"id":"19b6tp7","name":"Montzener Straße","kind":"minor","district":"aachen-mitte","level":"aachen-mitte-35","importance":1060,"center":[6.041822,50.738313],"length":120},"geometry":{"type":"MultiLineString","coordinates":[[[6.042546,50.738299],[6.041668,50.73831]],[[6.041668,50.73831],[6.041691,50.737923]],[[6.041668,50.73831],[6.041659,50.738444]]]},"id":948},{"type":"Feature","properties":{"id":"19cszew","name":"Driescher Gässchen","kind":"major","district":"aachen-mitte","level":"aachen-mitte-3","importance":3063,"center":[6.081387,50.779115],"length":126},"geometry":{"type":"MultiLineString","coordinates":[[[6.081089,50.778919],[6.081704,50.779169]],[[6.081804,50.779249],[6.081689,50.779239],[6.081033,50.778964]],[[6.081704,50.779169],[6.081804,50.779249]]]},"id":949},{"type":"Feature","properties":{"id":"19die65","name":"Ackerstraße","kind":"minor","district":"laurensberg","level":"laurensberg-6","importance":1121,"center":[6.055438,50.797739],"length":242},"geometry":{"type":"LineString","coordinates":[[6.056004,50.798701],[6.055698,50.798006],[6.055503,50.797785],[6.055374,50.797693],[6.054328,50.797197],[6.05424,50.797172],[6.053948,50.79718]]},"id":950},{"type":"Feature","properties":{"id":"19dssd3","name":"Am Bongard","kind":"minor","district":"eilendorf","level":"eilendorf-3","importance":1071,"center":[6.145698,50.778432],"length":142},"geometry":{"type":"LineString","coordinates":[[6.146151,50.779004],[6.145246,50.777861]]},"id":951},{"type":"Feature","properties":{"id":"19geaf3","name":"Geuchter Weg","kind":"path","district":"richterich","level":"richterich-5","importance":389,"center":[6.058494,50.831915],"length":779},"geometry":{"type":"MultiLineString","coordinates":[[[6.061128,50.834817],[6.061127,50.83474],[6.061044,50.834602],[6.058139,50.831519],[6.058067,50.831369],[6.057976,50.830143]],[[6.057976,50.830143],[6.057816,50.828338]]]},"id":952},{"type":"Feature","properties":{"id":"19iraia","name":"Eilendorfer Straße","kind":"major","district":"brand","level":"brand-1","importance":3792,"center":[6.172684,50.757164],"length":1584},"geometry":{"type":"MultiLineString","coordinates":[[[6.167913,50.762268],[6.16883,50.762086],[6.169322,50.761881]],[[6.173335,50.755666],[6.173217,50.755646],[6.172822,50.755884],[6.172658,50.756117],[6.172674,50.75622]],[[6.172048,50.758891],[6.17118,50.758616],[6.171023,50.758597]],[[6.172818,50.75678],[6.173335,50.755666],[6.174616,50.753485],[6.174892,50.752796],[6.175002,50.752634],[6.175213,50.752447],[6.176035,50.751933]],[[6.175002,50.752634],[6.174278,50.752414]],[[6.172784,50.756867],[6.172818,50.75678]],[[6.169322,50.761881],[6.169512,50.761775],[6.170491,50.761055],[6.171598,50.759903],[6.17174,50.759674],[6.172174,50.758566]],[[6.176035,50.751933],[6.176262,50.751744]],[[6.172174,50.758566],[6.172617,50.757421],[6.172784,50.756867]]]},"id":953},{"type":"Feature","properties":{"id":"19iv80k","name":"Bachstraße","kind":"minor","district":"aachen-mitte","level":"aachen-mitte-16","importance":1197,"center":[6.097323,50.76786],"length":394},"geometry":{"type":"MultiLineString","coordinates":[[[6.099459,50.769252],[6.09945,50.769119],[6.098584,50.76853],[6.097719,50.768103],[6.096926,50.767617],[6.096597,50.76708]],[[6.096539,50.766981],[6.096227,50.766483]],[[6.096597,50.76708],[6.096539,50.766981]]]},"id":954},{"type":"Feature","properties":{"id":"19tezmm","name":"Sommerfeldstraße","kind":"path","district":"laurensberg","level":"laurensberg-9","importance":315,"center":[6.048025,50.785005],"length":629},"geometry":{"type":"MultiLineString","coordinates":[[[6.048001,50.787835],[6.048005,50.787479],[6.048103,50.787395],[6.048094,50.786607]],[[6.048094,50.786607],[6.048092,50.786419],[6.048016,50.786311],[6.048028,50.784513],[6.048202,50.784302],[6.048352,50.784186],[6.048378,50.782442],[6.048401,50.782403],[6.048567,50.782329]]]},"id":955},{"type":"Feature","properties":{"id":"19v5e49","name":"Triftweg","kind":"minor","district":"kornelimuenster-walheim","level":"kornelimuenster-walheim-5","importance":1306,"center":[6.137284,50.694286],"length":612},"geometry":{"type":"MultiLineString","coordinates":[[[6.138365,50.693939],[6.139318,50.693644],[6.139596,50.693516],[6.13963,50.693419],[6.139472,50.693025],[6.139391,50.692561],[6.139243,50.692249]],[[6.139355,50.692225],[6.139455,50.692198]],[[6.139243,50.692249],[6.139355,50.692225]],[[6.134371,50.695703],[6.134355,50.695615],[6.135208,50.695019],[6.135431,50.694909],[6.138365,50.693939]]]},"id":956},{"type":"Feature","properties":{"id":"19vadvq","name":"Kruppstraße","kind":"minor","district":"aachen-mitte","level":"aachen-mitte-15","importance":1161,"center":[6.073853,50.781849],"length":321},"geometry":{"type":"MultiLineString","coordinates":[[[6.073685,50.781871],[6.073811,50.781867],[6.074429,50.781601],[6.074867,50.781484],[6.075919,50.781386]],[[6.073685,50.781871],[6.072755,50.782395],[6.072031,50.782742]]]},"id":957},{"type":"Feature","properties":{"id":"19wpbj3","name":"Dohlenweg","kind":"minor","district":"aachen-mitte","level":"aachen-mitte-36","importance":1097,"center":[6.137947,50.763462],"length":193},"geometry":{"type":"MultiLineString","coordinates":[[[6.13715,50.763643],[6.138639,50.763084]],[[6.13791,50.763357],[6.137985,50.763568],[6.137975,50.7638],[6.137911,50.763991]]]},"id":958},{"type":"Feature","properties":{"id":"1a06vo8","name":"Donatusstraße","kind":"minor","district":"brand","level":"brand-3","importance":1221,"center":[6.167463,50.750734],"length":442},"geometry":{"type":"MultiLineString","coordinates":[[[6.164574,50.751288],[6.166559,50.750792],[6.167354,50.750728],[6.167846,50.750764],[6.168381,50.750885],[6.168928,50.751121],[6.169629,50.751515]],[[6.168928,50.751121],[6.169357,50.750782]]]},"id":959},{"type":"Feature","properties":{"id":"1a35ax7","name":"Toledoring","kind":"major","district":"laurensberg","level":"laurensberg-1","importance":4000,"center":[6.065591,50.792533],"length":3636},"geometry":{"type":"MultiLineString","coordinates":[[[6.065955,50.79257],[6.064503,50.792406],[6.063188,50.792208]],[[6.073197,50.793866],[6.073727,50.794257],[6.074161,50.794707]],[[6.059874,50.791079],[6.059907,50.791259],[6.060019,50.791441],[6.060145,50.791565],[6.060364,50.791693],[6.060805,50.791817],[6.061679,50.791918]],[[6.071032,50.793101],[6.071437,50.793183],[6.072178,50.793396],[6.072948,50.793722],[6.073197,50.793866]],[[6.067443,50.792625],[6.069914,50.792921],[6.071032,50.793101]],[[6.065975,50.79247],[6.067443,50.792625]],[[6.070975,50.793291],[6.070416,50.793143],[6.069606,50.792997],[6.067421,50.792727]],[[6.067421,50.792727],[6.065955,50.79257]],[[6.056943,50.792908],[6.057377,50.793007],[6.057608,50.793005],[6.057839,50.792966],[6.058148,50.792824],[6.058292,50.79268],[6.058353,50.792545],[6.058345,50.792332],[6.058151,50.792085],[6.057921,50.791971],[6.057305,50.791769]],[[6.059242,50.792185],[6.058803,50.792378],[6.058311,50.792858],[6.058013,50.793021],[6.057753,50.79309],[6.057466,50.793108],[6.057209,50.793088],[6.056869,50.793012]],[[6.057919,50.791781],[6.058618,50.791873],[6.059257,50.791913],[6.061679,50.791918]],[[6.074709,50.796226],[6.074644,50.797567],[6.074564,50.797838]],[[6.073563,50.794871],[6.073276,50.79457],[6.072567,50.794001],[6.071799,50.793592],[6.070975,50.793291]],[[6.073967,50.795341],[6.073563,50.794871]],[[6.074161,50.794707],[6.074474,50.795193],[6.074619,50.795533],[6.074709,50.796226]],[[6.064301,50.792271],[6.065975,50.79247]],[[6.061679,50.791918],[6.062519,50.791999],[6.064301,50.792271]],[[6.063188,50.792208],[6.061829,50.792034],[6.061117,50.792004],[6.060226,50.792018]],[[6.060226,50.792018],[6.059267,50.792016],[6.058605,50.791974],[6.057887,50.791882],[6.057305,50.791769]],[[6.059939,50.790699],[6.059874,50.791079]],[[6.060226,50.792018],[6.059242,50.792185]]]},"id":960},{"type":"Feature","properties":{"id":"1a3doz9","name":"Claßenstraße","kind":"major","district":"aachen-mitte","level":"aachen-mitte-3","importance":3097,"center":[6.073994,50.780243],"length":193},"geometry":{"type":"MultiLineString","coordinates":[[[6.072992,50.780881],[6.073685,50.780442]],[[6.074339,50.780081],[6.074942,50.779939]],[[6.073685,50.780442],[6.074072,50.780197]],[[6.074072,50.780197],[6.074339,50.780081]],[[6.074942,50.779939],[6.075183,50.779891]]]},"id":961},{"type":"Feature","properties":{"id":"1a5lb8k","name":"Freunder Landstraße","kind":"major","district":"brand","level":"brand-1","importance":4000,"center":[6.181435,50.752859],"length":2683},"geometry":{"type":"MultiLineString","coordinates":[[[6.169641,50.750313],[6.169822,50.749961]],[[6.189096,50.752149],[6.189923,50.751944],[6.190216,50.751899],[6.191555,50.751909],[6.191904,50.75186],[6.191895,50.751808],[6.191659,50.751789],[6.19142,50.75173],[6.191126,50.751598]],[[6.165241,50.749106],[6.165186,50.749248],[6.165259,50.749391]],[[6.195808,50.753435],[6.193721,50.752556],[6.192967,50.752305],[6.192234,50.752138],[6.191286,50.752035]],[[6.184778,50.753519],[6.18436,50.753482],[6.17871,50.752272]],[[6.168748,50.750124],[6.167827,50.749928]],[[6.167827,50.749928],[6.165842,50.749508]],[[6.164771,50.749293],[6.165259,50.749391]],[[6.165259,50.749391],[6.165842,50.749508]],[[6.169641,50.750313],[6.168748,50.750124]],[[6.170645,50.750528],[6.169641,50.750313]],[[6.175945,50.751675],[6.170645,50.750528]],[[6.17871,50.752272],[6.178239,50.752169]],[[6.185533,50.753466],[6.184778,50.753519]],[[6.188116,50.752567],[6.186386,50.753258],[6.186041,50.753358]],[[6.176262,50.751744],[6.175945,50.751675]],[[6.178239,50.752169],[6.176262,50.751744]],[[6.186041,50.753358],[6.185533,50.753466]],[[6.191286,50.752035],[6.190695,50.752037],[6.189724,50.752133],[6.188988,50.752291],[6.188116,50.752567]]]},"id":962},{"type":"Feature","properties":{"id":"1a6h3au","name":"Eichhörnchenweg","kind":"minor","district":"aachen-mitte","level":"aachen-mitte-31","importance":1055,"center":[6.104447,50.750387],"length":110},"geometry":{"type":"LineString","coordinates":[[6.10511,50.750121],[6.103784,50.750652]]},"id":963},{"type":"Feature","properties":{"id":"1a6zl2f","name":"Friesenstraße","kind":"minor","district":"aachen-mitte","level":"aachen-mitte-12","importance":1047,"center":[6.078523,50.780728],"length":95},"geometry":{"type":"LineString","coordinates":[[6.077969,50.780443],[6.078117,50.780448],[6.07893,50.781008]]},"id":964},{"type":"Feature","properties":{"id":"1a78os6","name":"Schuttenhofweg","kind":"minor","district":"eilendorf","level":"eilendorf-4","importance":1074,"center":[6.156829,50.786746],"length":147},"geometry":{"type":"LineString","coordinates":[[6.156814,50.786033],[6.156942,50.786124],[6.157001,50.786453],[6.156753,50.786852],[6.15631,50.787192]]},"id":965},{"type":"Feature","properties":{"id":"1a862lh","name":"St. Johann","kind":"minor","district":"aachen-mitte","level":"aachen-mitte-22","importance":1073,"center":[6.093808,50.76342],"length":146},"geometry":{"type":"MultiLineString","coordinates":[[[6.094737,50.763759],[6.094479,50.763653]],[[6.094365,50.76362],[6.093923,50.763475],[6.093216,50.763137],[6.093046,50.76302]],[[6.094479,50.763653],[6.094365,50.76362]]]},"id":966},{"type":"Feature","properties":{"id":"1a9ehq8","name":"Kirchfeldstraße","kind":"minor","district":"eilendorf","level":"eilendorf-2","importance":1216,"center":[6.152941,50.77879],"length":431},"geometry":{"type":"MultiLineString","coordinates":[[[6.150081,50.778279],[6.150309,50.778267],[6.152552,50.77874],[6.153974,50.778923]],[[6.15406,50.779115],[6.154327,50.77905],[6.154694,50.779112],[6.155278,50.779057]],[[6.155278,50.779057],[6.155459,50.779045],[6.1557,50.779153]],[[6.1557,50.779153],[6.15595,50.779299]]]},"id":967},{"type":"Feature","properties":{"id":"1aa7kzy","name":"Martin-Luther-Straße","kind":"minor","district":"aachen-mitte","level":"aachen-mitte-13","importance":1104,"center":[6.094684,50.773468],"length":207},"geometry":{"type":"MultiLineString","coordinates":[[[6.094574,50.773249],[6.095142,50.774332]],[[6.095179,50.774408],[6.095253,50.774579]],[[6.09434,50.772805],[6.094574,50.773249]],[[6.095142,50.774332],[6.095179,50.774408]]]},"id":968},{"type":"Feature","properties":{"id":"1ac6n2m","name":"An der Ellermühle","kind":"minor","district":"aachen-mitte","level":"aachen-mitte-22","importance":1053,"center":[6.090282,50.757582],"length":106},"geometry":{"type":"LineString","coordinates":[[6.091281,50.757672],[6.089784,50.757534]]},"id":969},{"type":"Feature","properties":{"id":"1add7bv","name":"Hausener Gasse","kind":"path","district":"laurensberg","level":"laurensberg-9","importance":147,"center":[6.070964,50.79606],"length":295},"geometry":{"type":"MultiLineString","coordinates":[[[6.069452,50.796953],[6.072129,50.795388]],[[6.072424,50.795212],[6.072533,50.795152]],[[6.072129,50.795388],[6.072424,50.795212]]]},"id":970},{"type":"Feature","properties":{"id":"1ae7ea9","name":"Ritscheider Weg","kind":"minor","district":"kornelimuenster-walheim","level":"kornelimuenster-walheim-8","importance":1315,"center":[6.137804,50.728882],"length":631},"geometry":{"type":"MultiLineString","coordinates":[[[6.136221,50.727823],[6.136256,50.728056],[6.136202,50.728335],[6.136314,50.72846],[6.137148,50.728652],[6.138151,50.729024],[6.13828,50.729148],[6.138402,50.729414],[6.138555,50.729548],[6.139743,50.730317],[6.139964,50.730433],[6.140575,50.730668]],[[6.136207,50.727772],[6.136221,50.727823]],[[6.135812,50.726836],[6.136093,50.727403],[6.136207,50.727772]],[[6.135498,50.726509],[6.135812,50.726836]]]},"id":971},{"type":"Feature","properties":{"id":"1ah4vkw","name":"Purweider Winkel","kind":"minor","district":"laurensberg","level":"laurensberg-8","importance":1181,"center":[6.086445,50.791383],"length":362},"geometry":{"type":"MultiLineString","coordinates":[[[6.086148,50.792043],[6.086247,50.791999],[6.086058,50.791496],[6.086423,50.791441],[6.086467,50.791326],[6.086326,50.79096],[6.086125,50.790848],[6.086026,50.790578]],[[6.086445,50.791239],[6.086888,50.791165],[6.086985,50.791196],[6.087199,50.791673]],[[6.08704,50.79134],[6.087534,50.791235]],[[6.086058,50.791496],[6.085609,50.791572]]]},"id":972},{"type":"Feature","properties":{"id":"1ahf1g3","name":"Weiern","kind":"minor","district":"brand","level":"brand-2","importance":1518,"center":[6.157805,50.755644],"length":1035},"geometry":{"type":"MultiLineString","coordinates":[[[6.158473,50.752072],[6.158516,50.752189]],[[6.157609,50.756338],[6.156438,50.756913]],[[6.157658,50.756166],[6.157609,50.756338],[6.157631,50.75694],[6.157869,50.757519],[6.158107,50.757868]],[[6.158503,50.752446],[6.158284,50.753148],[6.15789,50.754901],[6.157835,50.755539],[6.157658,50.756166]],[[6.155675,50.756372],[6.155428,50.756421],[6.155335,50.756582],[6.155524,50.75701],[6.155632,50.757461]],[[6.158516,50.752189],[6.158503,50.752446]],[[6.157609,50.756338],[6.1562,50.756321],[6.155675,50.756372]]]},"id":973},{"type":"Feature","properties":{"id":"1ahrb94","name":"Meischenfeld","kind":"minor","district":"kornelimuenster-walheim","level":"kornelimuenster-walheim-7","importance":1466,"center":[6.175158,50.725681],"length":932},"geometry":{"type":"MultiLineString","coordinates":[[[6.176712,50.725665],[6.176589,50.725748],[6.17527,50.726199]],[[6.173325,50.726407],[6.174217,50.725751]],[[6.1746,50.725001],[6.174736,50.724993],[6.175134,50.725244]],[[6.174765,50.725419],[6.175042,50.725642],[6.175275,50.725719]],[[6.175193,50.725219],[6.175591,50.725534]],[[6.175145,50.724732],[6.175672,50.725163]],[[6.17527,50.726199],[6.175276,50.726303],[6.175722,50.726671]],[[6.174217,50.725751],[6.174451,50.725578],[6.174765,50.725419],[6.17552,50.72505],[6.175833,50.724946],[6.175992,50.724972],[6.176135,50.725036],[6.176517,50.725335],[6.176649,50.725457],[6.176712,50.725665]],[[6.174217,50.725751],[6.17404,50.725686],[6.173583,50.725352],[6.173192,50.725654]],[[6.17527,50.726199],[6.174888,50.726067],[6.174217,50.725751]]]},"id":974},{"type":"Feature","properties":{"id":"1ajd1ob","name":"Körnerstraße","kind":"minor","district":"aachen-mitte","level":"aachen-mitte-21","importance":1159,"center":[6.073956,50.765329],"length":317},"geometry":{"type":"MultiLineString","coordinates":[[[6.075115,50.764706],[6.072511,50.766079]],[[6.075417,50.764368],[6.075115,50.764706]],[[6.072511,50.766079],[6.072129,50.766287]]]},"id":975},{"type":"Feature","properties":{"id":"1albout","name":"Haarener Gracht","kind":"major","district":"haaren","level":"haaren-1","importance":3923,"center":[6.139405,50.794764],"length":1846},"geometry":{"type":"MultiLineString","coordinates":[[[6.126658,50.795689],[6.126973,50.79572],[6.127227,50.79578]],[[6.135827,50.795337],[6.13613,50.795297],[6.136934,50.795073],[6.137545,50.794943],[6.138865,50.794758]],[[6.15031,50.796133],[6.150978,50.796202],[6.151938,50.796173]],[[6.139743,50.794803],[6.140301,50.794921],[6.141895,50.795572],[6.142289,50.795677],[6.143659,50.795967],[6.144953,50.796148],[6.147262,50.796264],[6.147653,50.796258],[6.148829,50.796089],[6.1495,50.796078],[6.15031,50.796133]],[[6.129893,50.795952],[6.130187,50.795944],[6.130709,50.795872],[6.133747,50.795382]],[[6.127227,50.79578],[6.128053,50.796073],[6.128344,50.796106]],[[6.134357,50.795352],[6.135134,50.795343]],[[6.128463,50.796088],[6.129244,50.795962],[6.129893,50.795952]],[[6.128344,50.796106],[6.128463,50.796088]],[[6.138865,50.794758],[6.139249,50.79475],[6.139743,50.794803]],[[6.133747,50.795382],[6.134357,50.795352]],[[6.135134,50.795343],[6.135827,50.795337]]]},"id":976},{"type":"Feature","properties":{"id":"1am4me5","name":"Moritz-Braun-Straße","kind":"minor","district":"eilendorf","level":"eilendorf-2","importance":1055,"center":[6.153582,50.779889],"length":111},"geometry":{"type":"LineString","coordinates":[[6.154228,50.779659],[6.154142,50.779712],[6.152847,50.780125]]},"id":977},{"type":"Feature","properties":{"id":"1antzhv","name":"Weidenweg","kind":"minor","district":"laurensberg","level":"laurensberg-3","importance":1190,"center":[6.054162,50.78426],"length":380},"geometry":{"type":"MultiLineString","coordinates":[[[6.053991,50.785146],[6.054296,50.784688],[6.054272,50.784451],[6.053431,50.782993],[6.053029,50.783085],[6.052877,50.783085]],[[6.054315,50.784608],[6.05443,50.78466],[6.054809,50.785286]]]},"id":978},{"type":"Feature","properties":{"id":"1appsbh","name":"Kurhausstraße","kind":"major","district":"aachen-mitte","level":"aachen-mitte-2","importance":3092,"center":[6.089456,50.776861],"length":184},"geometry":{"type":"MultiLineString","coordinates":[[[6.088876,50.777334],[6.088965,50.777255]],[[6.088965,50.777255],[6.089076,50.777166]],[[6.089076,50.777166],[6.089128,50.777117]],[[6.08928,50.776984],[6.089581,50.776616],[6.089763,50.776465]],[[6.089128,50.777117],[6.08928,50.776984]],[[6.089567,50.776759],[6.08928,50.776984]],[[6.089763,50.776465],[6.089567,50.776759]]]},"id":979},{"type":"Feature","properties":{"id":"1aq0z6l","name":"Dorffer Straße","kind":"minor","district":"kornelimuenster-walheim","level":"kornelimuenster-walheim-8","importance":1487,"center":[6.187352,50.731877],"length":975},"geometry":{"type":"MultiLineString","coordinates":[[[6.182083,50.72935],[6.182029,50.729607],[6.182046,50.729681],[6.182181,50.729829],[6.182594,50.730056],[6.182784,50.730118],[6.183153,50.730208],[6.183499,50.730247]],[[6.187979,50.732345],[6.188654,50.732679]],[[6.187502,50.731989],[6.187979,50.732345]],[[6.188654,50.732679],[6.189387,50.732947],[6.190083,50.733069],[6.190756,50.733126],[6.191571,50.73326],[6.193374,50.733731]],[[6.183797,50.730369],[6.184397,50.730677],[6.184992,50.730838],[6.185847,50.731136],[6.187021,50.731649]],[[6.183499,50.730247],[6.183797,50.730369]],[[6.187021,50.731649],[6.187502,50.731989]]]},"id":980},{"type":"Feature","properties":{"id":"1aqhmo8","name":"Auf Steinebrück","kind":"minor","district":"aachen-mitte","level":"aachen-mitte-27","importance":1065,"center":[6.087673,50.752284],"length":130},"geometry":{"type":"LineString","coordinates":[[6.088023,50.75266],[6.087369,50.751937],[6.087294,50.751786],[6.08732,50.751611]]},"id":981},{"type":"Feature","properties":{"id":"1ass0o7","name":"Dahlienweg","kind":"path","district":"aachen-mitte","level":"aachen-mitte-40","importance":50,"center":[6.13162,50.76186],"length":101},"geometry":{"type":"LineString","coordinates":[[6.131069,50.762148],[6.132172,50.761571]]},"id":982},{"type":"Feature","properties":{"id":"1au9pgx","name":"Fuchserde","kind":"minor","district":"aachen-mitte","level":"aachen-mitte-34","importance":1423,"center":[6.104707,50.749149],"length":846},"geometry":{"type":"MultiLineString","coordinates":[[[6.103783,50.748257],[6.104317,50.748598],[6.104588,50.74888],[6.10511,50.750121],[6.106139,50.752297]],[[6.103074,50.749007],[6.103416,50.748557],[6.103783,50.748257],[6.104215,50.747983],[6.104727,50.747743],[6.104947,50.747937]],[[6.104588,50.74888],[6.105361,50.748553],[6.105496,50.748644]],[[6.103168,50.748884],[6.103732,50.749022],[6.104006,50.748981]],[[6.106139,50.752297],[6.10619,50.752354]]]},"id":983},{"type":"Feature","properties":{"id":"1aunh62","name":"Hühnermarkt","kind":"square","district":"aachen-mitte","level":"aachen-mitte-1","importance":3000,"center":[6.084479,50.775805],"length":0},"geometry":{"type":"Polygon","coordinates":[[[6.08453,50.775989],[6.084616,50.775937],[6.084847,50.77585],[6.084627,50.775515],[6.0845,50.77554],[6.084487,50.775645],[6.084514,50.775797],[6.084362,50.775808],[6.084319,50.775781],[6.084244,50.775844],[6.084214,50.77608],[6.084286,50.776073],[6.084346,50.776097],[6.084386,50.776038],[6.084488,50.775985],[6.08453,50.775989]]]},"id":984},{"type":"Feature","properties":{"id":"1ay62rq","name":"Klemensstraße","kind":"minor","district":"aachen-mitte","level":"aachen-mitte-21","importance":1193,"center":[6.069273,50.762208],"length":386},"geometry":{"type":"MultiLineString","coordinates":[[[6.069465,50.763999],[6.069617,50.763884],[6.06927,50.762239],[6.069279,50.762139],[6.069331,50.762085]],[[6.069981,50.760676],[6.069326,50.761055],[6.069193,50.761195],[6.069076,50.761423],[6.069127,50.761869],[6.069046,50.761937]]]},"id":985},{"type":"Feature","properties":{"id":"1azjvxv","name":"Biberweg","kind":"minor","district":"kornelimuenster-walheim","level":"kornelimuenster-walheim-6","importance":1143,"center":[6.15261,50.721674],"length":286},"geometry":{"type":"MultiLineString","coordinates":[[[6.152046,50.720723],[6.152498,50.721481]],[[6.153091,50.722549],[6.152498,50.721481]],[[6.152721,50.721867],[6.152391,50.721944],[6.152154,50.721562]]]},"id":986},{"type":"Feature","properties":{"id":"1b0a3mn","name":"Ferberberg","kind":"major","district":"laurensberg","level":"laurensberg-2","importance":3503,"center":[6.082626,50.804656],"length":1006},"geometry":{"type":"MultiLineString","coordinates":[[[6.080964,50.800184],[6.081006,50.800385],[6.081745,50.801818],[6.082125,50.803154]],[[6.082318,50.803779],[6.082393,50.803993]],[[6.082188,50.803382],[6.082318,50.803779]],[[6.082393,50.803993],[6.082725,50.804929],[6.083299,50.807197],[6.083271,50.80745],[6.083143,50.807785],[6.082442,50.808919]],[[6.082442,50.808919],[6.082413,50.808965]],[[6.082125,50.803154],[6.082188,50.803382]]]},"id":987},{"type":"Feature","properties":{"id":"1b0mmv7","name":"Breitbendenstraße","kind":"minor","district":"eilendorf","level":"eilendorf-2","importance":1503,"center":[6.155318,50.775385],"length":1006},"geometry":{"type":"MultiLineString","coordinates":[[[6.149702,50.775208],[6.153425,50.774953],[6.154079,50.77503],[6.156556,50.77574],[6.156669,50.775747],[6.157565,50.775527],[6.157999,50.775375],[6.158668,50.775204],[6.158841,50.775122],[6.159636,50.774497]],[[6.158997,50.772853],[6.159132,50.772895],[6.160377,50.77379],[6.160375,50.773829],[6.159636,50.774497]]]},"id":988},{"type":"Feature","properties":{"id":"1b2nb8l","name":"Camp Pirotte","kind":"path","district":"brand","level":"brand-7","importance":90,"center":[6.163074,50.760626],"length":179},"geometry":{"type":"LineString","coordinates":[[6.164143,50.761166],[6.163742,50.760926],[6.162109,50.760205]]},"id":989},{"type":"Feature","properties":{"id":"1b3d6ph","name":"Hergenrather Weg - Aachener Straße","kind":"major","district":"aachen-mitte","level":"aachen-mitte-8","importance":3272,"center":[6.036892,50.72215],"length":545},"geometry":{"type":"MultiLineString","coordinates":[[[6.036872,50.721732],[6.036887,50.721178],[6.036827,50.720021]],[[6.037879,50.72481],[6.037367,50.724167],[6.037231,50.723921],[6.037015,50.723195],[6.036911,50.722569],[6.036872,50.721732]]]},"id":990},{"type":"Feature","properties":{"id":"1b5mpye","name":"Sträterstraße","kind":"minor","district":"aachen-mitte","level":"aachen-mitte-29","importance":1178,"center":[6.115867,50.765838],"length":357},"geometry":{"type":"MultiLineString","coordinates":[[[6.114834,50.765261],[6.116785,50.766376]],[[6.115301,50.765518],[6.115676,50.765263]],[[6.115703,50.765745],[6.116079,50.765477]],[[6.116032,50.765931],[6.11647,50.765613]],[[6.116418,50.76616],[6.116855,50.765851]]]},"id":991},{"type":"Feature","properties":{"id":"1b7vo9n","name":"Am Wassersprung","kind":"minor","district":"aachen-mitte","level":"aachen-mitte-27","importance":1112,"center":[6.071838,50.753646],"length":225},"geometry":{"type":"LineString","coordinates":[[6.070624,50.75364],[6.071374,50.753338],[6.0715,50.753376],[6.07195,50.75373],[6.072491,50.75397],[6.072831,50.754],[6.073249,50.75393]]},"id":992},{"type":"Feature","properties":{"id":"1b9qv33","name":"Scherbstraße","kind":"major","district":"richterich","level":"richterich-1","importance":3742,"center":[6.051165,50.837924],"length":1484},"geometry":{"type":"MultiLineString","coordinates":[[[6.050439,50.837674],[6.049197,50.837325],[6.048863,50.837192],[6.047304,50.835734],[6.046895,50.834963],[6.046503,50.834539],[6.044499,50.83331]],[[6.057514,50.840616],[6.056445,50.840408]],[[6.050951,50.837837],[6.050528,50.838243]],[[6.049754,50.837489],[6.049395,50.837861]],[[6.05905,50.840922],[6.057514,50.840616]],[[6.053365,50.839017],[6.053067,50.838829],[6.05138,50.83801],[6.050439,50.837674]],[[6.056445,50.840408],[6.055457,50.840208],[6.054963,50.840065],[6.054328,50.83974],[6.053696,50.839231],[6.053365,50.839017]]]},"id":993},{"type":"Feature","properties":{"id":"1bak1w0","name":"Kesselstraße","kind":"minor","district":"kornelimuenster-walheim","level":"kornelimuenster-walheim-5","importance":1376,"center":[6.130265,50.711597],"length":752},"geometry":{"type":"MultiLineString","coordinates":[[[6.13448,50.713492],[6.131844,50.712239]],[[6.131844,50.712239],[6.131244,50.711941],[6.130004,50.711504],[6.129048,50.711246],[6.124896,50.711175]]]},"id":994},{"type":"Feature","properties":{"id":"1be1l9e","name":"Alter Posthof","kind":"square","district":"aachen-mitte","level":"aachen-mitte-2","importance":3000,"center":[6.086332,50.771766],"length":0},"geometry":{"type":"Polygon","coordinates":[[[6.086886,50.771974],[6.08672,50.7718],[6.087165,50.771643],[6.087095,50.771571],[6.086592,50.771771],[6.086516,50.771696],[6.086578,50.77167],[6.086336,50.771425],[6.085764,50.771647],[6.085857,50.771738],[6.085909,50.77175],[6.085897,50.771778],[6.085914,50.771801],[6.086089,50.771987],[6.086125,50.771995],[6.08617,50.772072],[6.086244,50.772047],[6.08623,50.772032],[6.086661,50.771874],[6.086786,50.772007],[6.086886,50.771974]]]},"id":995},{"type":"Feature","properties":{"id":"1bkzpai","name":"Guaitastraße","kind":"minor","district":"aachen-mitte","level":"aachen-mitte-12","importance":1079,"center":[6.078224,50.772028],"length":157},"geometry":{"type":"LineString","coordinates":[[6.07841,50.771243],[6.078231,50.771427],[6.078165,50.771598],[6.078345,50.772611]]},"id":996},{"type":"Feature","properties":{"id":"1bliwki","name":"Kühlwetterstraße","kind":"major","district":"aachen-mitte","level":"aachen-mitte-3","importance":3203,"center":[6.072363,50.783015],"length":407},"geometry":{"type":"MultiLineString","coordinates":[[[6.074348,50.784245],[6.074254,50.784181]],[[6.072734,50.783297],[6.072031,50.782742]],[[6.071094,50.781989],[6.070442,50.78156]],[[6.072031,50.782742],[6.071186,50.782056]],[[6.074254,50.784181],[6.072734,50.783297]],[[6.071186,50.782056],[6.071094,50.781989]]]},"id":997},{"type":"Feature","properties":{"id":"1bojg7u","name":"Morinerweg","kind":"minor","district":"laurensberg","level":"laurensberg-5","importance":1098,"center":[6.037948,50.768777],"length":196},"geometry":{"type":"LineString","coordinates":[[6.036768,50.768732],[6.036922,50.768848],[6.037539,50.768834],[6.037799,50.768782],[6.038608,50.768758],[6.038696,50.76869],[6.039022,50.768662],[6.039035,50.768432]]},"id":998},{"type":"Feature","properties":{"id":"1bosmd6","name":"Wilhelm-Pitz-Weg","kind":"path","district":"aachen-mitte","level":"aachen-mitte-39","importance":24,"center":[6.101167,50.763699],"length":48},"geometry":{"type":"LineString","coordinates":[[6.100868,50.7638],[6.101466,50.763598]]},"id":999},{"type":"Feature","properties":{"id":"1bow15j","name":"Minoritenstraße","kind":"minor","district":"aachen-mitte","level":"aachen-mitte-11","importance":1052,"center":[6.086446,50.777925],"length":104},"geometry":{"type":"MultiLineString","coordinates":[[[6.086586,50.777429],[6.086549,50.777572]],[[6.086435,50.777806],[6.086483,50.778349]],[[6.086549,50.777572],[6.086435,50.777806]]]},"id":1000},{"type":"Feature","properties":{"id":"1bq8szh","name":"Ronheider Berg","kind":"minor","district":"aachen-mitte","level":"aachen-mitte-28","importance":2000,"center":[6.067008,50.747907],"length":2032},"geometry":{"type":"MultiLineString","coordinates":[[[6.071998,50.750748],[6.071884,50.750628]],[[6.071884,50.750628],[6.071692,50.750432],[6.071156,50.750007],[6.070682,50.749724],[6.069135,50.749129],[6.068621,50.748901],[6.067756,50.748459],[6.067386,50.748218],[6.066884,50.747796],[6.066551,50.747453],[6.066051,50.746651],[6.065865,50.746442]],[[6.066122,50.746781],[6.065053,50.747164],[6.064051,50.747377],[6.063568,50.747327],[6.063158,50.747112],[6.063053,50.747018]],[[6.066288,50.747073],[6.065093,50.747598]],[[6.067813,50.7484],[6.068442,50.747739],[6.068859,50.747527]],[[6.066163,50.746857],[6.066502,50.746789],[6.067073,50.746817],[6.0672,50.746798]],[[6.065927,50.748587],[6.066505,50.748822]],[[6.066884,50.747796],[6.065923,50.748175],[6.065784,50.7483],[6.065773,50.748461],[6.065927,50.748587]],[[6.071069,50.749943],[6.071035,50.749765],[6.069301,50.748122],[6.069316,50.748061],[6.069446,50.747981],[6.069057,50.747602]],[[6.061719,50.74595],[6.061529,50.745931]],[[6.061895,50.745954],[6.061719,50.74595]],[[6.065865,50.746442],[6.065678,50.74631],[6.065343,50.746176],[6.063648,50.745801],[6.063137,50.745762],[6.062888,50.745784],[6.061895,50.745954]],[[6.067756,50.748459],[6.067813,50.7484]]]},"id":1001},{"type":"Feature","properties":{"id":"1bsmbqy","name":"Peliserkerstraße","kind":"minor","district":"aachen-mitte","level":"aachen-mitte-26","importance":1497,"center":[6.109245,50.77825],"length":994},"geometry":{"type":"MultiLineString","coordinates":[[[6.114762,50.777237],[6.11459,50.777321],[6.112413,50.779028],[6.112194,50.779131],[6.112,50.779158],[6.111736,50.77913],[6.110093,50.778537]],[[6.108625,50.778045],[6.106829,50.777528],[6.104685,50.77698]],[[6.104685,50.77698],[6.104306,50.776936],[6.10386,50.776945]],[[6.110093,50.778537],[6.108625,50.778045]],[[6.10386,50.776945],[6.102886,50.777154]]]},"id":1002},{"type":"Feature","properties":{"id":"1btbpby","name":"Am Guten Hirten","kind":"minor","district":"aachen-mitte","level":"aachen-mitte-19","importance":1123,"center":[6.061191,50.786916],"length":247},"geometry":{"type":"MultiLineString","coordinates":[[[6.060214,50.786301],[6.061075,50.78685],[6.062379,50.787612]],[[6.060214,50.786301],[6.060702,50.786206]]]},"id":1003},{"type":"Feature","properties":{"id":"1burm7v","name":"Sigmundstraße","kind":"minor","district":"aachen-mitte","level":"aachen-mitte-17","importance":1144,"center":[6.100379,50.777752],"length":288},"geometry":{"type":"MultiLineString","coordinates":[[[6.099737,50.777865],[6.09961,50.777722],[6.099544,50.777697],[6.098228,50.777435],[6.098128,50.777394]],[[6.102059,50.778643],[6.100385,50.777786],[6.100372,50.777718]]]},"id":1004},{"type":"Feature","properties":{"id":"1buv9hv","name":"Am Treut","kind":"minor","district":"laurensberg","level":"laurensberg-6","importance":1106,"center":[6.060588,50.798969],"length":211},"geometry":{"type":"LineString","coordinates":[[6.060132,50.797902],[6.060554,50.798811],[6.060622,50.799127],[6.060715,50.799292],[6.061057,50.799693]]},"id":1005},{"type":"Feature","properties":{"id":"1bvbtyj","name":"Brunnenstraße","kind":"minor","district":"laurensberg","level":"laurensberg-3","importance":1269,"center":[6.05372,50.796748],"length":537},"geometry":{"type":"MultiLineString","coordinates":[[[6.053751,50.799136],[6.053966,50.798532],[6.053931,50.797897],[6.05401,50.797402],[6.053948,50.79718],[6.053752,50.79684],[6.053621,50.796414],[6.053638,50.795931],[6.0532,50.795396]],[[6.053035,50.794967],[6.05303,50.794921]],[[6.05303,50.794921],[6.05312,50.794447]],[[6.0532,50.795396],[6.053153,50.7953]],[[6.053153,50.7953],[6.053035,50.794967]]]},"id":1006},{"type":"Feature","properties":{"id":"1bvs8sx","name":"Hochwaldweg","kind":"minor","district":"haaren","level":"haaren-5","importance":1478,"center":[6.186265,50.799527],"length":957},"geometry":{"type":"MultiLineString","coordinates":[[[6.180835,50.80197],[6.184104,50.800524]],[[6.188013,50.79856],[6.187939,50.798835],[6.187843,50.798919],[6.187652,50.798976]],[[6.188238,50.798299],[6.188013,50.79856]],[[6.184777,50.800179],[6.1845,50.800321]],[[6.184104,50.800524],[6.1845,50.800321]],[[6.187652,50.798976],[6.187289,50.799009],[6.186827,50.799227]],[[6.191393,50.796928],[6.190519,50.797027],[6.190108,50.79711],[6.188693,50.797946],[6.188238,50.798299]],[[6.186827,50.799227],[6.186022,50.799658],[6.184777,50.800179]]]},"id":1007},{"type":"Feature","properties":{"id":"1byhxla","name":"Katschenbruchstraße","kind":"minor","district":"richterich","level":"richterich-2","importance":1105,"center":[6.049356,50.836142],"length":209},"geometry":{"type":"LineString","coordinates":[[6.048255,50.836601],[6.048923,50.836281],[6.049771,50.83599],[6.050649,50.835498]]},"id":1008},{"type":"Feature","properties":{"id":"1bzu6ta","name":"Freunder Heideweg","kind":"minor","district":"brand","level":"brand-6","importance":1270,"center":[6.181045,50.756522],"length":541},"geometry":{"type":"LineString","coordinates":[[6.181492,50.754188],[6.181133,50.755769],[6.180937,50.757669],[6.182842,50.758293]]},"id":1009},{"type":"Feature","properties":{"id":"1bzz2tq","name":"Rosenstraße","kind":"minor","district":"richterich","level":"richterich-2","importance":1059,"center":[6.049583,50.835558],"length":118},"geometry":{"type":"LineString","coordinates":[[6.049074,50.834985],[6.049493,50.835477],[6.05,50.835868]]},"id":1010},{"type":"Feature","properties":{"id":"1c2z88z","name":"Buchweg","kind":"minor","district":"laurensberg","level":"laurensberg-7","importance":1365,"center":[6.027899,50.762677],"length":730},"geometry":{"type":"MultiLineString","coordinates":[[[6.029723,50.765901],[6.029808,50.765676],[6.029783,50.765501],[6.029696,50.765239],[6.029332,50.764554],[6.029239,50.764217],[6.02928,50.763637],[6.02919,50.76349],[6.029015,50.763351],[6.028072,50.762766],[6.026865,50.762175]],[[6.026865,50.762175],[6.025993,50.761703],[6.025655,50.761558],[6.025327,50.761462],[6.024574,50.761363]],[[6.024574,50.761363],[6.024277,50.761287],[6.024035,50.761154]]]},"id":1011},{"type":"Feature","properties":{"id":"1c770hd","name":"Gleiwitzer Straße","kind":"minor","district":"aachen-mitte","level":"aachen-mitte-37","importance":1040,"center":[6.141887,50.753493],"length":80},"geometry":{"type":"LineString","coordinates":[[6.141441,50.753745],[6.142304,50.753275]]},"id":1012},{"type":"Feature","properties":{"id":"1c7ibsr","name":"Rastfeldchen","kind":"minor","district":"laurensberg","level":"laurensberg-6","importance":1102,"center":[6.056987,50.800895],"length":203},"geometry":{"type":"MultiLineString","coordinates":[[[6.057879,50.800538],[6.057837,50.800586],[6.057052,50.800827],[6.056922,50.800963]],[[6.056045,50.800943],[6.056922,50.800963],[6.057487,50.801195],[6.057559,50.801261]]]},"id":1013},{"type":"Feature","properties":{"id":"1c9lmni","name":"Schilderstraße","kind":"minor","district":"eilendorf","level":"eilendorf-4","importance":1168,"center":[6.163422,50.777997],"length":335},"geometry":{"type":"MultiLineString","coordinates":[[[6.162987,50.77875],[6.16322,50.778292],[6.163835,50.777356],[6.164186,50.776588]],[[6.162335,50.779481],[6.162816,50.77902],[6.162922,50.778864]]]},"id":1014},{"type":"Feature","properties":{"id":"1ccdrs1","name":"Arlingtonstraße","kind":"minor","district":"aachen-mitte","level":"aachen-mitte-35","importance":1163,"center":[6.136116,50.750558],"length":326},"geometry":{"type":"MultiLineString","coordinates":[[[6.134998,50.749499],[6.135209,50.74969],[6.135455,50.75],[6.136543,50.750921],[6.137009,50.751527]],[[6.136,50.750446],[6.135316,50.750754]]]},"id":1015},{"type":"Feature","properties":{"id":"1cdd75j","name":"Wendlingweg","kind":"path","district":"laurensberg","level":"laurensberg-9","importance":196,"center":[6.04923,50.777977],"length":392},"geometry":{"type":"MultiLineString","coordinates":[[[6.050619,50.777609],[6.049049,50.777618],[6.049034,50.778402],[6.048909,50.778532],[6.048909,50.778606],[6.049103,50.778696],[6.049187,50.778838]],[[6.049049,50.777618],[6.048542,50.777613],[6.048486,50.777649],[6.048482,50.777839],[6.048559,50.777874],[6.048841,50.777874]],[[6.049042,50.777938],[6.04966,50.778074]]]},"id":1016},{"type":"Feature","properties":{"id":"1cdjzfv","name":"Alexianergraben","kind":"major","district":"aachen-mitte","level":"aachen-mitte-2","importance":3149,"center":[6.082679,50.772243],"length":298},"geometry":{"type":"MultiLineString","coordinates":[[[6.080461,50.772466],[6.080883,50.772428]],[[6.083427,50.772159],[6.084218,50.772058],[6.084639,50.772038]],[[6.082479,50.772265],[6.083152,50.77219]],[[6.083152,50.77219],[6.083427,50.772159]],[[6.080883,50.772428],[6.082479,50.772265]]]},"id":1017},{"type":"Feature","properties":{"id":"1cdtux3","name":"Lemierser Straße","kind":"minor","district":"aachen-mitte","level":"aachen-mitte-28","importance":1163,"center":[6.055004,50.775245],"length":326},"geometry":{"type":"LineString","coordinates":[[6.056231,50.774337],[6.056235,50.774885],[6.056185,50.774985],[6.056077,50.775055],[6.054967,50.77525],[6.052714,50.775503]]},"id":1018},{"type":"Feature","properties":{"id":"1cdy4pm","name":"Lütticher Straße","kind":"major","district":"aachen-mitte","level":"aachen-mitte-6","importance":4000,"center":[6.060444,50.748321],"length":6762},"geometry":{"type":"MultiLineString","coordinates":[[[6.071904,50.76638],[6.07276,50.767455]],[[6.033276,50.726138],[6.038932,50.729517],[6.039965,50.730164]],[[6.040495,50.730521],[6.041527,50.731287],[6.042619,50.732261],[6.043808,50.733586],[6.045013,50.735126]],[[6.06317,50.758543],[6.06271,50.758159]],[[6.065735,50.760836],[6.065659,50.760768]],[[6.06271,50.758159],[6.063248,50.758281],[6.063482,50.75829],[6.063986,50.758204]],[[6.074022,50.769044],[6.074085,50.769115]],[[6.060269,50.751215],[6.060133,50.752394]],[[6.047938,50.737979],[6.048734,50.738481]],[[6.059949,50.753457],[6.059855,50.754185],[6.059852,50.754703],[6.059973,50.755239],[6.060213,50.755746],[6.060507,50.756154],[6.061028,50.756698],[6.06271,50.758159]],[[6.055696,50.740736],[6.055867,50.740138],[6.055796,50.740005],[6.055612,50.739915],[6.054571,50.739705],[6.054512,50.739649],[6.055006,50.738963]],[[6.047431,50.737856],[6.046785,50.737357],[6.046221,50.736825],[6.046148,50.736673],[6.046186,50.73662],[6.046284,50.736583]],[[6.049553,50.738902],[6.050375,50.739293],[6.051385,50.739694]],[[6.045013,50.735126],[6.046073,50.736369],[6.046625,50.736911],[6.047227,50.737432]],[[6.061637,50.744996],[6.061619,50.745487],[6.061529,50.745931]],[[6.053244,50.740294],[6.054297,50.74053],[6.054916,50.740636],[6.055696,50.740736],[6.057444,50.740895],[6.058302,50.741052],[6.058758,50.741189],[6.059386,50.74147],[6.060054,50.741916],[6.060375,50.742216]],[[6.07092,50.766691],[6.071904,50.76638]],[[6.06063,50.742492],[6.061124,50.74318],[6.06139,50.743721],[6.061555,50.74428],[6.061637,50.744996]],[[6.060375,50.742216],[6.06063,50.742492]],[[6.047769,50.737866],[6.047938,50.737979]],[[6.066243,50.761224],[6.065735,50.760836]],[[6.064496,50.759691],[6.06317,50.758543]],[[6.071123,50.765473],[6.070746,50.765092],[6.069465,50.763999]],[[6.073723,50.768678],[6.074022,50.769044]],[[6.065659,50.760768],[6.06539,50.760523],[6.065306,50.760391]],[[6.065306,50.760391],[6.064496,50.759691]],[[6.065306,50.760391],[6.065553,50.760553]],[[6.07276,50.767455],[6.073723,50.768678]],[[6.065855,50.760816],[6.066243,50.761224]],[[6.069031,50.763614],[6.066243,50.761224]],[[6.060302,50.749013],[6.060269,50.751215]],[[6.061529,50.745931],[6.061227,50.746751],[6.060485,50.748203],[6.060302,50.749013]],[[6.05225,50.740001],[6.053244,50.740294]],[[6.039965,50.730164],[6.040495,50.730521]],[[6.047227,50.737432],[6.047769,50.737866]],[[6.048734,50.738481],[6.049553,50.738902]],[[6.065553,50.760553],[6.065783,50.760756]],[[6.065783,50.760756],[6.065855,50.760816]],[[6.071904,50.76638],[6.071123,50.765473]],[[6.069465,50.763999],[6.069031,50.763614]],[[6.051385,50.739694],[6.05225,50.740001]],[[6.060133,50.752394],[6.059949,50.753457]]]},"id":1019},{"type":"Feature","properties":{"id":"1cejqic","name":"Antoniusberg","kind":"minor","district":"kornelimuenster-walheim","level":"kornelimuenster-walheim-7","importance":1027,"center":[6.188541,50.728348],"length":54},"geometry":{"type":"LineString","coordinates":[[6.188214,50.728224],[6.188869,50.728472]]},"id":1020},{"type":"Feature","properties":{"id":"1cfonc5","name":"Kreuzstraße","kind":"minor","district":"haaren","level":"haaren-3","importance":1453,"center":[6.133026,50.798169],"length":906},"geometry":{"type":"MultiLineString","coordinates":[[[6.135277,50.80002],[6.13518,50.799812],[6.135007,50.799709]],[[6.129805,50.796805],[6.131075,50.797149],[6.133269,50.798294],[6.134044,50.798777]],[[6.134044,50.798777],[6.134569,50.799112],[6.134961,50.799445],[6.135048,50.799562],[6.135007,50.799709]],[[6.1321,50.798055],[6.1324,50.797848]],[[6.135277,50.80002],[6.136041,50.79921]],[[6.132684,50.798732],[6.133226,50.798271]],[[6.133849,50.797816],[6.133269,50.798294]],[[6.128488,50.796708],[6.129593,50.796752],[6.129805,50.796805]]]},"id":1021},{"type":"Feature","properties":{"id":"1ci0hq6","name":"Weingartsberg","kind":"minor","district":"aachen-mitte","level":"aachen-mitte-25","importance":1102,"center":[6.099247,50.762798],"length":204},"geometry":{"type":"MultiLineString","coordinates":[[[6.099171,50.762828],[6.099562,50.762664],[6.099784,50.762507],[6.09988,50.762343],[6.099954,50.762049],[6.099928,50.761927]],[[6.098415,50.762807],[6.098318,50.762781],[6.098034,50.762808],[6.097612,50.762947],[6.097398,50.763065]]]},"id":1022},{"type":"Feature","properties":{"id":"1cj5mlv","name":"Am Rollefer Berg","kind":"minor","district":"brand","level":"brand-5","importance":1263,"center":[6.167644,50.743915],"length":526},"geometry":{"type":"MultiLineString","coordinates":[[[6.170643,50.74363],[6.170538,50.743546],[6.169813,50.743202],[6.169337,50.743079],[6.169006,50.743101],[6.168319,50.743479]],[[6.168319,50.743479],[6.166123,50.744863]],[[6.166123,50.744863],[6.165024,50.74555]]]},"id":1023},{"type":"Feature","properties":{"id":"1cjjas6","name":"Wirichsbongardstraße","kind":"minor","district":"aachen-mitte","level":"aachen-mitte-10","importance":1207,"center":[6.088856,50.772829],"length":413},"geometry":{"type":"MultiLineString","coordinates":[[[6.088748,50.772865],[6.089424,50.772629]],[[6.088253,50.773111],[6.088142,50.77303],[6.088308,50.772634]],[[6.086996,50.773609],[6.087897,50.773322],[6.088748,50.772865]],[[6.089898,50.772349],[6.090769,50.771571]],[[6.089424,50.772629],[6.089898,50.772349]]]},"id":1024},{"type":"Feature","properties":{"id":"1ck89bb","name":"Im Reichswald","kind":"minor","district":"haaren","level":"haaren-5","importance":1176,"center":[6.166304,50.792452],"length":352},"geometry":{"type":"MultiLineString","coordinates":[[[6.164278,50.791486],[6.165407,50.792077],[6.166108,50.792403],[6.166499,50.792501],[6.16675,50.792525]],[[6.16675,50.792525],[6.167089,50.792492],[6.167311,50.792417],[6.167584,50.792291],[6.168314,50.791806]]]},"id":1025},{"type":"Feature","properties":{"id":"1cl1kij","name":"Alexanderstraße","kind":"major","district":"aachen-mitte","level":"aachen-mitte-2","importance":3254,"center":[6.090241,50.778538],"length":509},"geometry":{"type":"MultiLineString","coordinates":[[[6.088703,50.778383],[6.09006,50.778529]],[[6.093157,50.778042],[6.092857,50.778325]],[[6.088548,50.778156],[6.088644,50.778124],[6.089231,50.778208],[6.089157,50.778429]],[[6.088972,50.77817],[6.088887,50.778402]],[[6.088703,50.778383],[6.08871,50.778273]],[[6.092936,50.77834],[6.092857,50.778325]],[[6.092857,50.778325],[6.091598,50.778328],[6.091238,50.778386],[6.090664,50.778529],[6.09006,50.778529]],[[6.08871,50.778273],[6.088548,50.778156]],[[6.088548,50.778156],[6.088365,50.778049],[6.088135,50.777967]]]},"id":1026},{"type":"Feature","properties":{"id":"1clvro9","name":"Lombardenstraße","kind":"major","district":"aachen-mitte","level":"aachen-mitte-4","importance":3234,"center":[6.100787,50.782645],"length":469},"geometry":{"type":"MultiLineString","coordinates":[[[6.098615,50.783981],[6.099129,50.783678]],[[6.100737,50.782677],[6.102074,50.781789]],[[6.101893,50.781921],[6.102234,50.782117]],[[6.102074,50.781789],[6.102831,50.781251]],[[6.099682,50.783329],[6.10003,50.783121]],[[6.099129,50.783678],[6.099682,50.783329]],[[6.10003,50.783121],[6.100737,50.782677]],[[6.098454,50.784004],[6.098615,50.783981]]]},"id":1027},{"type":"Feature","properties":{"id":"1cmj6fy","name":"Heinrich-Hollands-Straße","kind":"minor","district":"aachen-mitte","level":"aachen-mitte-32","importance":1058,"center":[6.114599,50.789143],"length":116},"geometry":{"type":"LineString","coordinates":[[6.115214,50.788837],[6.113912,50.789479]]},"id":1028},{"type":"Feature","properties":{"id":"1cne4bh","name":"Dedolphstraße","kind":"minor","district":"aachen-mitte","level":"aachen-mitte-29","importance":1078,"center":[6.112857,50.761923],"length":157},"geometry":{"type":"LineString","coordinates":[[6.113487,50.7621],[6.112227,50.761745],[6.11161,50.7616],[6.111416,50.761598]]},"id":1029},{"type":"Feature","properties":{"id":"1ctann8","name":"Wiesenweg","kind":"minor","district":"richterich","level":"richterich-2","importance":1657,"center":[6.045667,50.835699],"length":1314},"geometry":{"type":"MultiLineString","coordinates":[[[6.043005,50.834526],[6.041073,50.83376],[6.040237,50.83329]],[[6.040509,50.833431],[6.039994,50.833848]],[[6.053365,50.839017],[6.053223,50.839086],[6.05306,50.839081],[6.05243,50.838857],[6.05171,50.838665],[6.05006,50.838049],[6.049198,50.837786],[6.048365,50.837322],[6.047516,50.836621],[6.046886,50.836275]],[[6.040237,50.83329],[6.039356,50.832871]],[[6.046886,50.836275],[6.044541,50.835178],[6.04445,50.835189],[6.04418,50.835445],[6.044058,50.835452],[6.042903,50.834997]],[[6.042903,50.834997],[6.042639,50.834896]]]},"id":1030},{"type":"Feature","properties":{"id":"1cy3fsc","name":"Emmi-Welter-Straße","kind":"minor","district":"aachen-mitte","level":"aachen-mitte-21","importance":1067,"center":[6.074069,50.7659],"length":133},"geometry":{"type":"MultiLineString","coordinates":[[[6.073639,50.765498],[6.074044,50.7658]],[[6.074094,50.766001],[6.074254,50.766592]],[[6.074044,50.7658],[6.074094,50.766001]]]},"id":1031},{"type":"Feature","properties":{"id":"1cz711f","name":"Hochbrück","kind":"minor","district":"laurensberg","level":"laurensberg-8","importance":1062,"center":[6.106717,50.801325],"length":123},"geometry":{"type":"MultiLineString","coordinates":[[[6.106389,50.800787],[6.106832,50.801211]],[[6.106832,50.801211],[6.106603,50.80144],[6.106989,50.801659]]]},"id":1032},{"type":"Feature","properties":{"id":"1d0tl3a","name":"Berdoletstraße","kind":"minor","district":"aachen-mitte","level":"aachen-mitte-22","importance":1072,"center":[6.091811,50.759655],"length":143},"geometry":{"type":"MultiLineString","coordinates":[[[6.090933,50.759565],[6.091272,50.759661]],[[6.091272,50.759661],[6.091103,50.759715],[6.090992,50.759798]],[[6.091272,50.759661],[6.092571,50.759645]]]},"id":1033},{"type":"Feature","properties":{"id":"1d2fmbi","name":"Veltmanplatz","kind":"minor","district":"aachen-mitte","level":"aachen-mitte-12","importance":1177,"center":[6.082348,50.781077],"length":354},"geometry":{"type":"MultiLineString","coordinates":[[[6.080496,50.782096],[6.081452,50.781229],[6.082093,50.781074],[6.082417,50.781083]],[[6.082417,50.781083],[6.082886,50.781165],[6.083338,50.781346],[6.083678,50.781623],[6.08399,50.781961],[6.083995,50.782057]]]},"id":1034},{"type":"Feature","properties":{"id":"1d3c100","name":"Johannstraße","kind":"minor","district":"aachen-mitte","level":"aachen-mitte-36","importance":1339,"center":[6.141041,50.75764],"length":678},"geometry":{"type":"MultiLineString","coordinates":[[[6.137599,50.759556],[6.138173,50.759191],[6.140994,50.757648]],[[6.141599,50.75746],[6.14141,50.757539],[6.140994,50.757648]],[[6.140994,50.757648],[6.141157,50.757554],[6.141599,50.75746]],[[6.141599,50.75746],[6.142167,50.757355],[6.143427,50.757187],[6.144231,50.75696],[6.145049,50.75664]]]},"id":1035},{"type":"Feature","properties":{"id":"1d49y0e","name":"Heydenstraße","kind":"minor","district":"richterich","level":"richterich-2","importance":1026,"center":[6.057591,50.843129],"length":52},"geometry":{"type":"MultiLineString","coordinates":[[[6.05718,50.843134],[6.0578,50.843118]],[[6.0578,50.843118],[6.05792,50.843103]]]},"id":1036},{"type":"Feature","properties":{"id":"1d4qse3","name":"Zieglersteg","kind":"minor","district":"eilendorf","level":"eilendorf-3","importance":1060,"center":[6.148576,50.768379],"length":119},"geometry":{"type":"LineString","coordinates":[[6.149439,50.767878],[6.148357,50.768503],[6.148219,50.768618]]},"id":1037},{"type":"Feature","properties":{"id":"1d7mcxt","name":"Pannhauser Winkel","kind":"minor","district":"laurensberg","level":"laurensberg-6","importance":1038,"center":[6.055144,50.802191],"length":75},"geometry":{"type":"LineString","coordinates":[[6.05446,50.802215],[6.055527,50.802193]]},"id":1038},{"type":"Feature","properties":{"id":"1d8ozh4","name":"Betzelterstraße","kind":"minor","district":"eilendorf","level":"eilendorf-4","importance":1167,"center":[6.158579,50.780937],"length":333},"geometry":{"type":"MultiLineString","coordinates":[[[6.160707,50.779846],[6.159196,50.780623]],[[6.157962,50.781251],[6.156875,50.781585]],[[6.159196,50.780623],[6.157962,50.781251]]]},"id":1039},{"type":"Feature","properties":{"id":"1d91okr","name":"An der Ölmühle","kind":"path","district":"laurensberg","level":"laurensberg-9","importance":78,"center":[6.05245,50.794215],"length":155},"geometry":{"type":"MultiLineString","coordinates":[[[6.052233,50.794398],[6.052329,50.794207],[6.052572,50.794224],[6.052667,50.794289],[6.052968,50.794304],[6.053048,50.794261],[6.053082,50.794003]],[[6.052329,50.794207],[6.052342,50.794101],[6.052008,50.793925],[6.051924,50.793921]]]},"id":1040},{"type":"Feature","properties":{"id":"1d9jeyo","name":"Forster Weg","kind":"minor","district":"aachen-mitte","level":"aachen-mitte-25","importance":1513,"center":[6.105091,50.761337],"length":1025},"geometry":{"type":"MultiLineString","coordinates":[[[6.109694,50.764543],[6.109459,50.764452],[6.10926,50.76422],[6.108713,50.763742],[6.107493,50.76282],[6.106526,50.762194],[6.104303,50.760863]],[[6.101731,50.758139],[6.100754,50.757973],[6.100594,50.757919]],[[6.102445,50.758257],[6.101731,50.758139]],[[6.104303,50.760863],[6.103981,50.760641],[6.103714,50.760336],[6.103365,50.75941]],[[6.103365,50.75941],[6.103154,50.75879],[6.102985,50.758554],[6.102699,50.758367],[6.102445,50.758257]]]},"id":1041},{"type":"Feature","properties":{"id":"1dc2qjp","name":"Branderhofer Weg","kind":"minor","district":"aachen-mitte","level":"aachen-mitte-25","importance":1811,"center":[6.105587,50.759443],"length":1623},"geometry":{"type":"MultiLineString","coordinates":[[[6.097052,50.762777],[6.099292,50.76214],[6.100571,50.761701]],[[6.10636,50.752824],[6.10636,50.752522],[6.10619,50.752354]],[[6.106182,50.756916],[6.106209,50.754603],[6.10636,50.752824]],[[6.100571,50.761701],[6.1015,50.761368],[6.102037,50.761264]],[[6.104303,50.760863],[6.104662,50.760676],[6.104924,50.760496],[6.105079,50.760363],[6.105409,50.759925],[6.106136,50.75778],[6.106182,50.756916]],[[6.099204,50.762001],[6.098475,50.762223],[6.098381,50.762271],[6.09833,50.76241]],[[6.102037,50.761264],[6.103656,50.76107],[6.104303,50.760863]]]},"id":1042},{"type":"Feature","properties":{"id":"1ddf8bh","name":"Gringelsbach","kind":"minor","district":"eilendorf","level":"eilendorf-5","importance":1126,"center":[6.169635,50.778039],"length":251},"geometry":{"type":"MultiLineString","coordinates":[[[6.170919,50.777684],[6.170793,50.777711],[6.170512,50.777624],[6.170402,50.777645],[6.169902,50.778308]],[[6.170015,50.778162],[6.169256,50.777916],[6.168705,50.777407]]]},"id":1043},{"type":"Feature","properties":{"id":"1dekh9f","name":"Brandenburgweg","kind":"path","district":"aachen-mitte","level":"aachen-mitte-39","importance":179,"center":[6.132584,50.770171],"length":359},"geometry":{"type":"LineString","coordinates":[[6.130588,50.769209],[6.130859,50.769367],[6.131363,50.769408],[6.132369,50.769797],[6.132468,50.769898],[6.132942,50.771163],[6.132927,50.771669]]},"id":1044},{"type":"Feature","properties":{"id":"1df50q2","name":"Rathenauallee","kind":"minor","district":"aachen-mitte","level":"aachen-mitte-25","importance":1172,"center":[6.09975,50.757943],"length":344},"geometry":{"type":"MultiLineString","coordinates":[[[6.100594,50.757919],[6.098312,50.757567]],[[6.098195,50.757684],[6.099334,50.757874]],[[6.099334,50.757874],[6.10041,50.758052]],[[6.100165,50.758011],[6.100229,50.757857]]]},"id":1045},{"type":"Feature","properties":{"id":"1dfa4vd","name":"Ahornstraße","kind":"minor","district":"aachen-mitte","level":"aachen-mitte-19","importance":1383,"center":[6.060324,50.780031],"length":766},"geometry":{"type":"MultiLineString","coordinates":[[[6.057899,50.779514],[6.058003,50.779535]],[[6.06223,50.780556],[6.062777,50.780821],[6.064537,50.781859],[6.064581,50.781927]],[[6.056608,50.778806],[6.056784,50.779073],[6.057052,50.779283],[6.057362,50.779396],[6.057899,50.779514]],[[6.058003,50.779535],[6.059781,50.779917]],[[6.05624,50.778069],[6.056608,50.778806]],[[6.059781,50.779917],[6.061664,50.780331]],[[6.061664,50.780331],[6.06223,50.780556]]]},"id":1046},{"type":"Feature","properties":{"id":"1dhor9h","name":"Am Gutshof","kind":"minor","district":"haaren","level":"haaren-3","importance":1241,"center":[6.132687,50.796957],"length":481},"geometry":{"type":"MultiLineString","coordinates":[[[6.132052,50.797665],[6.133048,50.796906],[6.133097,50.79656]],[[6.131702,50.796997],[6.13215,50.79667],[6.133262,50.79725],[6.133661,50.797426],[6.133178,50.797805]],[[6.133262,50.79725],[6.132862,50.797577]],[[6.1325,50.796859],[6.132049,50.797202]]]},"id":1047},{"type":"Feature","properties":{"id":"1ditamc","name":"Anne-Frank-Straße","kind":"minor","district":"aachen-mitte","level":"aachen-mitte-21","importance":1126,"center":[6.065438,50.768096],"length":251},"geometry":{"type":"MultiLineString","coordinates":[[[6.065425,50.767326],[6.0649,50.767853],[6.065646,50.768193],[6.066212,50.767643]],[[6.065646,50.768193],[6.065833,50.768313]],[[6.064927,50.767818],[6.064812,50.767829],[6.064607,50.767918]]]},"id":1048},{"type":"Feature","properties":{"id":"1dj59pg","name":"Brüggemannstraße","kind":"minor","district":"aachen-mitte","level":"aachen-mitte-15","importance":1099,"center":[6.074531,50.783168],"length":197},"geometry":{"type":"MultiLineString","coordinates":[[[6.073663,50.783835],[6.074952,50.782842]],[[6.074952,50.782842],[6.075345,50.782551],[6.07548,50.78249]]]},"id":1049},{"type":"Feature","properties":{"id":"1dkh6ss","name":"Hitfelder Straße","kind":"major","district":"aachen-mitte","level":"aachen-mitte-8","importance":3554,"center":[6.128769,50.738147],"length":1107},"geometry":{"type":"MultiLineString","coordinates":[[[6.125103,50.742633],[6.125886,50.742094],[6.12619,50.741787],[6.128352,50.738648]],[[6.128861,50.738048],[6.129472,50.73754],[6.130229,50.737071],[6.131493,50.736404],[6.132997,50.735707]],[[6.132997,50.735707],[6.134622,50.735043]],[[6.128503,50.738453],[6.128861,50.738048]],[[6.128352,50.738648],[6.128503,50.738453]]]},"id":1050},{"type":"Feature","properties":{"id":"1dmk35z","name":"Bergdriesch","kind":"minor","district":"aachen-mitte","level":"aachen-mitte-11","importance":1216,"center":[6.083637,50.779766],"length":432},"geometry":{"type":"MultiLineString","coordinates":[[[6.084312,50.779134],[6.084392,50.77889]],[[6.0823,50.779788],[6.082383,50.779736],[6.082641,50.779676],[6.083195,50.779762],[6.083358,50.779825]],[[6.082056,50.779816],[6.0823,50.779788],[6.083497,50.779847]],[[6.083497,50.779847],[6.083819,50.779863],[6.08483,50.779786]],[[6.083497,50.779847],[6.083886,50.779621],[6.084147,50.779343]],[[6.084392,50.77889],[6.08431,50.77865]],[[6.084147,50.779343],[6.084312,50.779134]]]},"id":1051},{"type":"Feature","properties":{"id":"1dno9u4","name":"Wildbacher Mühle","kind":"minor","district":"laurensberg","level":"laurensberg-6","importance":1353,"center":[6.060561,50.797148],"length":706},"geometry":{"type":"MultiLineString","coordinates":[[[6.061835,50.797576],[6.061706,50.797275]],[[6.060954,50.797434],[6.061051,50.797547]],[[6.061706,50.797275],[6.061838,50.796975],[6.061797,50.796916],[6.061337,50.796837]],[[6.060954,50.797434],[6.061134,50.797317],[6.061452,50.797251]],[[6.061452,50.797251],[6.061379,50.79707]],[[6.060067,50.797379],[6.059827,50.796899]],[[6.058729,50.796948],[6.058822,50.797151],[6.05901,50.79741],[6.05926,50.797514],[6.060471,50.797308],[6.060639,50.797326],[6.060954,50.797434]],[[6.061121,50.796802],[6.06075,50.796654]],[[6.061051,50.797547],[6.061078,50.797608]],[[6.061078,50.797608],[6.061134,50.79771]],[[6.060788,50.796895],[6.060606,50.796987],[6.060533,50.797066],[6.060639,50.797326]],[[6.059827,50.796899],[6.059802,50.796842]],[[6.059802,50.796842],[6.05973,50.796751],[6.059702,50.79661],[6.059778,50.796395]],[[6.061337,50.796837],[6.061243,50.796822]],[[6.060788,50.796895],[6.060664,50.796664],[6.060558,50.796639]],[[6.061121,50.796802],[6.060788,50.796895]],[[6.061243,50.796822],[6.061121,50.796802]],[[6.061452,50.797251],[6.061706,50.797275]]]},"id":1052},{"type":"Feature","properties":{"id":"1dnv6t1","name":"Juttastraße","kind":"minor","district":"aachen-mitte","level":"aachen-mitte-25","importance":1105,"center":[6.104687,50.758843],"length":210},"geometry":{"type":"LineString","coordinates":[[6.105601,50.75939],[6.10539,50.759348],[6.105005,50.759146],[6.104823,50.758996],[6.104307,50.758391],[6.104041,50.758152],[6.103753,50.757962]]},"id":1053},{"type":"Feature","properties":{"id":"1dnz0yu","name":"Schulstraße","kind":"minor","district":"eilendorf","level":"eilendorf-2","importance":1227,"center":[6.158836,50.780342],"length":453},"geometry":{"type":"LineString","coordinates":[[6.156558,50.778907],[6.157951,50.779644],[6.159974,50.781223],[6.160664,50.78163],[6.161053,50.7818]]},"id":1054},{"type":"Feature","properties":{"id":"1doeupk","name":"Markusstraße","kind":"minor","district":"eilendorf","level":"eilendorf-4","importance":1057,"center":[6.154336,50.783713],"length":115},"geometry":{"type":"MultiLineString","coordinates":[[[6.155432,50.783836],[6.154846,50.78377]],[[6.154846,50.78377],[6.153826,50.783655]]]},"id":1055},{"type":"Feature","properties":{"id":"1dqenz8","name":"Schagenstraße","kind":"minor","district":"brand","level":"brand-2","importance":1600,"center":[6.149984,50.748039],"length":1200},"geometry":{"type":"MultiLineString","coordinates":[[[6.155239,50.75009],[6.154212,50.749515],[6.153215,50.749057],[6.152444,50.748791],[6.150575,50.748273],[6.14949,50.747828],[6.148765,50.74735],[6.148161,50.746767]],[[6.148653,50.74725],[6.147637,50.747619],[6.147543,50.747626]],[[6.14949,50.747828],[6.148569,50.748179]],[[6.149355,50.747759],[6.15017,50.747356]],[[6.148553,50.747155],[6.14981,50.746675]],[[6.147975,50.746574],[6.149458,50.746056]],[[6.147437,50.746007],[6.147361,50.745925]],[[6.148161,50.746767],[6.147437,50.746007]]]},"id":1056},{"type":"Feature","properties":{"id":"1dt0i10","name":"Kirchrather Straße","kind":"minor","district":"laurensberg","level":"laurensberg-5","importance":1070,"center":[6.052541,50.774823],"length":141},"geometry":{"type":"MultiLineString","coordinates":[[[6.052714,50.775503],[6.052594,50.775362],[6.052559,50.775095],[6.052546,50.774568],[6.052584,50.774358]],[[6.052584,50.774358],[6.052602,50.774261]]]},"id":1057},{"type":"Feature","properties":{"id":"1dt2dvr","name":"Platanenplatz","kind":"square","district":"aachen-mitte","level":"aachen-mitte-3","importance":3000,"center":[6.078703,50.777424],"length":0},"geometry":{"type":"Polygon","coordinates":[[[6.078436,50.777411],[6.078571,50.777324],[6.078603,50.77734],[6.078676,50.777295],[6.078733,50.777331],[6.078764,50.777313],[6.078813,50.777346],[6.078829,50.777336],[6.079008,50.777456],[6.07896,50.777486],[6.078978,50.777498],[6.07865,50.777705],[6.078299,50.777476],[6.078404,50.77741],[6.078436,50.777411]]]},"id":1058},{"type":"Feature","properties":{"id":"1dvkuuo","name":"Vogelstangenweg","kind":"minor","district":"kornelimuenster-walheim","level":"kornelimuenster-walheim-4","importance":1058,"center":[6.195943,50.708767],"length":115},"geometry":{"type":"LineString","coordinates":[[6.196197,50.709203],[6.196205,50.709113],[6.195574,50.708256]]},"id":1059},{"type":"Feature","properties":{"id":"1dxnh7u","name":"Kandelfeldstraße","kind":"minor","district":"laurensberg","level":"laurensberg-5","importance":1223,"center":[6.040459,50.768942],"length":445},"geometry":{"type":"MultiLineString","coordinates":[[[6.04195,50.768495],[6.042064,50.769267],[6.042145,50.769364]],[[6.042001,50.768802],[6.041404,50.768894],[6.040505,50.768945],[6.040186,50.768923],[6.039667,50.768954],[6.039682,50.769552]],[[6.039667,50.768954],[6.039647,50.768857],[6.039449,50.768848],[6.039128,50.768964],[6.038703,50.769043],[6.038628,50.769096],[6.038622,50.769299]]]},"id":1060},{"type":"Feature","properties":{"id":"1e0j4b4","name":"Erckensstraße","kind":"minor","district":"aachen-mitte","level":"aachen-mitte-30","importance":1125,"center":[6.092696,50.755327],"length":249},"geometry":{"type":"LineString","coordinates":[[6.091374,50.75449],[6.092533,50.754557],[6.092674,50.754616],[6.092703,50.754665],[6.092689,50.756006]]},"id":1061},{"type":"Feature","properties":{"id":"1e4k2qg","name":"Bonifatiusweg","kind":"path","district":"aachen-mitte","level":"aachen-mitte-39","importance":57,"center":[6.121569,50.770304],"length":113},"geometry":{"type":"LineString","coordinates":[[6.12212,50.770793],[6.122013,50.770596],[6.121125,50.770012]]},"id":1062},{"type":"Feature","properties":{"id":"1e68osh","name":"Lilienthalstraße","kind":"minor","district":"aachen-mitte","level":"aachen-mitte-32","importance":1048,"center":[6.131572,50.77537],"length":96},"geometry":{"type":"LineString","coordinates":[[6.130838,50.775516],[6.132138,50.775266]]},"id":1063},{"type":"Feature","properties":{"id":"1e97ugh","name":"Klappergasse","kind":"minor","district":"aachen-mitte","level":"aachen-mitte-9","importance":1035,"center":[6.081191,50.774803],"length":71},"geometry":{"type":"LineString","coordinates":[[6.080774,50.775021],[6.080922,50.774917],[6.081459,50.774689],[6.081543,50.77462]]},"id":1064},{"type":"Feature","properties":{"id":"1ecl319","name":"Am Berg","kind":"minor","district":"kornelimuenster-walheim","level":"kornelimuenster-walheim-7","importance":1073,"center":[6.181106,50.728051],"length":146},"geometry":{"type":"MultiLineString","coordinates":[[[6.180272,50.72849],[6.180627,50.728247]],[[6.180627,50.728247],[6.181012,50.728079],[6.181552,50.727922],[6.181815,50.727877],[6.18203,50.727893]]]},"id":1065},{"type":"Feature","properties":{"id":"1ecqluw","name":"Herderstraße","kind":"minor","district":"aachen-mitte","level":"aachen-mitte-37","importance":1066,"center":[6.145472,50.752856],"length":131},"geometry":{"type":"LineString","coordinates":[[6.144804,50.753055],[6.146482,50.752536]]},"id":1066},{"type":"Feature","properties":{"id":"1eeybra","name":"Auf Krummerück","kind":"minor","district":"aachen-mitte","level":"aachen-mitte-37","importance":1105,"center":[6.146673,50.755869],"length":209},"geometry":{"type":"LineString","coordinates":[[6.145798,50.755149],[6.146008,50.755194],[6.146544,50.75563],[6.146714,50.755945],[6.147444,50.756518],[6.147602,50.756589]]},"id":1067},{"type":"Feature","properties":{"id":"1efiyyz","name":"Schinkelstraße","kind":"minor","district":"aachen-mitte","level":"aachen-mitte-12","importance":1321,"center":[6.076325,50.777864],"length":641},"geometry":{"type":"MultiLineString","coordinates":[[[6.077596,50.777115],[6.076674,50.777661]],[[6.074791,50.778348],[6.074956,50.778419],[6.075444,50.779506],[6.075627,50.779957],[6.075627,50.780055]],[[6.077415,50.777081],[6.079109,50.77819],[6.079208,50.778288]],[[6.074791,50.778348],[6.074989,50.778168],[6.075103,50.778111],[6.075214,50.77812],[6.075324,50.778171]],[[6.076674,50.777661],[6.075928,50.77806],[6.075324,50.778171]]]},"id":1068},{"type":"Feature","properties":{"id":"1ei3f5i","name":"Stadtwerke-Aachen-Platz","kind":"square","district":"aachen-mitte","level":"aachen-mitte-7","importance":3000,"center":[6.114922,50.763517],"length":0},"geometry":{"type":"Polygon","coordinates":[[[6.115042,50.76351],[6.114952,50.763572],[6.114918,50.763523],[6.11483,50.763486],[6.114829,50.763439],[6.115042,50.76351]]]},"id":1069},{"type":"Feature","properties":{"id":"1eler0f","name":"Glatzer Straße","kind":"minor","district":"aachen-mitte","level":"aachen-mitte-37","importance":1062,"center":[6.139546,50.751331],"length":124},"geometry":{"type":"LineString","coordinates":[[6.138942,50.751646],[6.140307,50.750938]]},"id":1070},{"type":"Feature","properties":{"id":"1em3ihk","name":"Germanusstraße","kind":"minor","district":"haaren","level":"haaren-4","importance":1138,"center":[6.124514,50.795981],"length":276},"geometry":{"type":"MultiLineString","coordinates":[[[6.124587,50.79608],[6.124759,50.796212]],[[6.124759,50.796212],[6.124754,50.796309],[6.124875,50.79646],[6.125401,50.796823]],[[6.124862,50.79461],[6.124606,50.795006],[6.124395,50.795729]],[[6.124395,50.795729],[6.12444,50.795883],[6.124587,50.79608]]]},"id":1071},{"type":"Feature","properties":{"id":"1en3myz","name":"Gottfriedstraße","kind":"minor","district":"aachen-mitte","level":"aachen-mitte-13","importance":1139,"center":[6.09408,50.772736],"length":279},"geometry":{"type":"MultiLineString","coordinates":[[[6.094006,50.7727],[6.094154,50.772771],[6.09434,50.772805]],[[6.09434,50.772805],[6.094394,50.772769],[6.095016,50.772719]],[[6.095016,50.772719],[6.095662,50.772678],[6.095812,50.772694]],[[6.092344,50.771918],[6.094006,50.7727]]]},"id":1072},{"type":"Feature","properties":{"id":"1enu8vc","name":"Schwalbenweg","kind":"minor","district":"aachen-mitte","level":"aachen-mitte-33","importance":1165,"center":[6.134546,50.767876],"length":331},"geometry":{"type":"LineString","coordinates":[[6.134211,50.769435],[6.134664,50.767335],[6.134916,50.766494]]},"id":1073},{"type":"Feature","properties":{"id":"1epbneu","name":"Melatener Weg","kind":"minor","district":"aachen-mitte","level":"aachen-mitte-28","importance":1194,"center":[6.05436,50.777194],"length":388},"geometry":{"type":"MultiLineString","coordinates":[[[6.055009,50.778231],[6.054767,50.777286],[6.054789,50.777156],[6.054837,50.777118],[6.05473,50.777029],[6.054564,50.776418]],[[6.053673,50.776799],[6.054022,50.776772],[6.054249,50.777725]],[[6.054113,50.777215],[6.054789,50.777156]]]},"id":1074},{"type":"Feature","properties":{"id":"1erfbg8","name":"Rudolf-Schwarz-Weg","kind":"minor","district":"aachen-mitte","level":"aachen-mitte-26","importance":1082,"center":[6.115668,50.774939],"length":164},"geometry":{"type":"LineString","coordinates":[[6.114825,50.774487],[6.115169,50.774686],[6.11532,50.774723],[6.115888,50.775076],[6.116381,50.77475],[6.116529,50.774835]]},"id":1075},{"type":"Feature","properties":{"id":"1esbuwy","name":"Pappelweg","kind":"minor","district":"haaren","level":"haaren-4","importance":1168,"center":[6.12336,50.800397],"length":337},"geometry":{"type":"MultiLineString","coordinates":[[[6.121839,50.799761],[6.123993,50.800658],[6.124072,50.800728]],[[6.124072,50.800728],[6.124015,50.800787],[6.12389,50.801564]],[[6.124072,50.800728],[6.124261,50.800674],[6.124546,50.800395]]]},"id":1076},{"type":"Feature","properties":{"id":"1esmflm","name":"Mittelstraße","kind":"minor","district":"laurensberg","level":"laurensberg-6","importance":1298,"center":[6.057034,50.799957],"length":595},"geometry":{"type":"MultiLineString","coordinates":[[[6.057902,50.798333],[6.058269,50.799456]],[[6.058592,50.799456],[6.05865,50.799354],[6.059249,50.799062]],[[6.058592,50.799456],[6.058269,50.799456],[6.058139,50.799589],[6.05803,50.799646],[6.056731,50.800047],[6.05643,50.800111],[6.056247,50.800121],[6.055227,50.800029],[6.054979,50.800038],[6.054611,50.800173],[6.0543,50.800388],[6.05393,50.800824]],[[6.05393,50.800824],[6.053874,50.800887]]]},"id":1077},{"type":"Feature","properties":{"id":"1esuqv5","name":"Im Weingarten","kind":"minor","district":"laurensberg","level":"laurensberg-3","importance":1221,"center":[6.051847,50.797582],"length":441},"geometry":{"type":"MultiLineString","coordinates":[[[6.05391,50.798719],[6.053725,50.798688],[6.053269,50.798488],[6.052957,50.798299],[6.052657,50.798051],[6.051933,50.797225],[6.051902,50.797152],[6.051933,50.797013],[6.052053,50.796921]],[[6.052132,50.79747],[6.051414,50.797766],[6.050096,50.798459]]]},"id":1078},{"type":"Feature","properties":{"id":"1euf0n7","name":"Pontsheide","kind":"minor","district":"kornelimuenster-walheim","level":"kornelimuenster-walheim-5","importance":1230,"center":[6.136577,50.715432],"length":459},"geometry":{"type":"MultiLineString","coordinates":[[[6.137286,50.714879],[6.134532,50.717004]],[[6.138094,50.714256],[6.137286,50.714879]],[[6.135867,50.715985],[6.136454,50.716294],[6.136461,50.716387]]]},"id":1079},{"type":"Feature","properties":{"id":"1euwgda","name":"Vetschauer Berg","kind":"minor","district":"laurensberg","level":"laurensberg-4","importance":2000,"center":[6.036637,50.80548],"length":2653},"geometry":{"type":"MultiLineString","coordinates":[[[6.02923,50.800524],[6.028369,50.801055],[6.027659,50.801394],[6.02754,50.801475],[6.027542,50.80154],[6.029139,50.802179],[6.03017,50.802702],[6.030525,50.80285],[6.031418,50.80314]],[[6.031418,50.80314],[6.032418,50.803399],[6.032686,50.803494],[6.033115,50.803785],[6.033663,50.804055],[6.035995,50.80538],[6.036224,50.805447],[6.03712,50.80551],[6.038146,50.805451],[6.03951,50.805423],[6.039785,50.805492],[6.040225,50.805635],[6.04195,50.806321],[6.04434,50.807523]],[[6.033349,50.811125],[6.034309,50.810607],[6.035107,50.810255],[6.036763,50.809584],[6.03844,50.80896],[6.041055,50.80823],[6.043339,50.807714],[6.044165,50.807569],[6.045282,50.807235],[6.045629,50.807207],[6.04578,50.807236]],[[6.032333,50.811744],[6.033349,50.811125]]]},"id":1080},{"type":"Feature","properties":{"id":"1ex3l3f","name":"Johannesstraße","kind":"minor","district":"eilendorf","level":"eilendorf-2","importance":1111,"center":[6.158974,50.779053],"length":222},"geometry":{"type":"LineString","coordinates":[[6.157951,50.779644],[6.159661,50.778642],[6.160312,50.778319]]},"id":1081},{"type":"Feature","properties":{"id":"1ey41uk","name":"Albert-Servais-Allee","kind":"minor","district":"laurensberg","level":"laurensberg-8","importance":1046,"center":[6.099999,50.794392],"length":91},"geometry":{"type":"MultiLineString","coordinates":[[[6.100724,50.794212],[6.100584,50.794264]],[[6.100584,50.794264],[6.099512,50.794498]]]},"id":1082},{"type":"Feature","properties":{"id":"1eze3gk","name":"Giselastraße","kind":"minor","district":"aachen-mitte","level":"aachen-mitte-27","importance":1076,"center":[6.086652,50.754261],"length":153},"geometry":{"type":"LineString","coordinates":[[6.08587,50.754102],[6.086323,50.754148],[6.086537,50.754206],[6.08767,50.754808]]},"id":1083},{"type":"Feature","properties":{"id":"1f0fd7h","name":"Neustraße","kind":"minor","district":"aachen-mitte","level":"aachen-mitte-22","importance":1178,"center":[6.088745,50.762193],"length":355},"geometry":{"type":"LineString","coordinates":[[6.090036,50.760946],[6.08907,50.761669],[6.088728,50.762219],[6.088681,50.763039],[6.088541,50.763819],[6.088477,50.763854]]},"id":1084},{"type":"Feature","properties":{"id":"1f45txi","name":"Pannhauser Straße","kind":"minor","district":"laurensberg","level":"laurensberg-6","importance":1222,"center":[6.053824,50.800856],"length":443},"geometry":{"type":"MultiLineString","coordinates":[[[6.05446,50.802215],[6.054343,50.801466],[6.054153,50.801168],[6.053775,50.800825]],[[6.053775,50.800825],[6.053225,50.800515],[6.053157,50.80043],[6.053117,50.800252],[6.053155,50.800108],[6.053751,50.799136]],[[6.054466,50.802771],[6.054499,50.80261],[6.05446,50.802215]]]},"id":1085},{"type":"Feature","properties":{"id":"1f8ddjb","name":"Lisztstraße","kind":"minor","district":"aachen-mitte","level":"aachen-mitte-24","importance":1041,"center":[6.05678,50.765862],"length":82},"geometry":{"type":"LineString","coordinates":[[6.057123,50.765603],[6.056436,50.766122],[6.056408,50.76618]]},"id":1086},{"type":"Feature","properties":{"id":"1faoi3v","name":"Elsenborn","kind":"minor","district":"richterich","level":"richterich-4","importance":1386,"center":[6.065877,50.807214],"length":773},"geometry":{"type":"MultiLineString","coordinates":[[[6.067252,50.806594],[6.067018,50.807255]],[[6.064569,50.808528],[6.063988,50.807738],[6.063972,50.807644],[6.064071,50.807585],[6.064964,50.807339],[6.065663,50.807222],[6.066637,50.807219],[6.067733,50.807342],[6.067938,50.807403]],[[6.064964,50.807339],[6.065385,50.807867]],[[6.063988,50.807738],[6.063676,50.807359]],[[6.067938,50.807403],[6.068045,50.807363],[6.068386,50.807435],[6.068833,50.80754],[6.068927,50.80763]],[[6.063676,50.807359],[6.063341,50.807458]],[[6.067062,50.807128],[6.06761,50.807255],[6.067733,50.807342]],[[6.067938,50.807403],[6.068016,50.807611]]]},"id":1087},{"type":"Feature","properties":{"id":"1fbj8xg","name":"Wacholderweg","kind":"minor","district":"kornelimuenster-walheim","level":"kornelimuenster-walheim-5","importance":1098,"center":[6.134324,50.714605],"length":195},"geometry":{"type":"LineString","coordinates":[[6.135283,50.713875],[6.133572,50.715167],[6.133468,50.715184]]},"id":1088},{"type":"Feature","properties":{"id":"1fbknb0","name":"Kleiberweg","kind":"minor","district":"kornelimuenster-walheim","level":"kornelimuenster-walheim-2","importance":1049,"center":[6.170404,50.701861],"length":97},"geometry":{"type":"LineString","coordinates":[[6.169752,50.701569],[6.170012,50.70161],[6.170797,50.702111]]},"id":1089},{"type":"Feature","properties":{"id":"1fiqoxq","name":"Grensstraat","kind":"minor","district":"laurensberg","level":"laurensberg-4","importance":1175,"center":[6.026262,50.772406],"length":349},"geometry":{"type":"MultiLineString","coordinates":[[[6.027996,50.773429],[6.027258,50.773199],[6.02679,50.772912],[6.02655,50.772717],[6.025192,50.771091]],[[6.025158,50.771037],[6.025123,50.77098]],[[6.025192,50.771091],[6.025158,50.771037]]]},"id":1090},{"type":"Feature","properties":{"id":"1fivx2n","name":"An der Weingass","kind":"minor","district":"richterich","level":"richterich-2","importance":1188,"center":[6.050214,50.817145],"length":375},"geometry":{"type":"MultiLineString","coordinates":[[[6.048508,50.816906],[6.049738,50.817079],[6.049918,50.817199],[6.0502,50.817211]],[[6.050375,50.817266],[6.050272,50.817264],[6.0502,50.817211],[6.050206,50.817154],[6.050299,50.817106],[6.050409,50.817121],[6.050454,50.817162],[6.050437,50.817235],[6.050375,50.817266]],[[6.050432,50.817136],[6.051435,50.817097]],[[6.050375,50.817266],[6.050654,50.817754]],[[6.050323,50.817104],[6.050483,50.816721],[6.050442,50.816572]]]},"id":1091},{"type":"Feature","properties":{"id":"1fksx6a","name":"Tulpenweg","kind":"minor","district":"aachen-mitte","level":"aachen-mitte-33","importance":1074,"center":[6.127132,50.764785],"length":148},"geometry":{"type":"LineString","coordinates":[[6.126219,50.764333],[6.126704,50.764477],[6.126886,50.76458],[6.127664,50.765254]]},"id":1092},{"type":"Feature","properties":{"id":"1fl40mj","name":"Michaelsbergstraße","kind":"minor","district":"aachen-mitte","level":"aachen-mitte-20","importance":1177,"center":[6.096374,50.765163],"length":355},"geometry":{"type":"MultiLineString","coordinates":[[[6.094942,50.7639],[6.094812,50.764076]],[[6.097313,50.765724],[6.097835,50.765929],[6.097956,50.766014]],[[6.095104,50.764313],[6.096843,50.765477]],[[6.097039,50.765609],[6.097313,50.765724]],[[6.096843,50.765477],[6.097039,50.765609]],[[6.094812,50.764076],[6.094835,50.764124],[6.095104,50.764313]],[[6.094737,50.763759],[6.094942,50.7639]]]},"id":1093},{"type":"Feature","properties":{"id":"1fn3rtf","name":"Raerener Straße","kind":"major","district":"kornelimuenster-walheim","level":"kornelimuenster-walheim-1","importance":4000,"center":[6.13095,50.700659],"length":5943},"geometry":{"type":"MultiLineString","coordinates":[[[6.157887,50.691694],[6.159073,50.691877]],[[6.124896,50.711175],[6.12468,50.711471],[6.123627,50.712648],[6.123365,50.712844]],[[6.12338,50.707266],[6.123567,50.707605],[6.124985,50.709473]],[[6.122649,50.716083],[6.122319,50.715813],[6.122295,50.715665],[6.121969,50.715331]],[[6.121738,50.714736],[6.1211,50.714597]],[[6.155968,50.691856],[6.155284,50.692254],[6.151764,50.694017],[6.151107,50.694645],[6.150775,50.69491],[6.150508,50.695043],[6.149108,50.695375],[6.148917,50.69541],[6.148644,50.695405]],[[6.123004,50.71311],[6.121943,50.714297],[6.121738,50.714736],[6.121689,50.714935],[6.121969,50.715331],[6.121379,50.71659],[6.121381,50.716728],[6.121503,50.71697]],[[6.121503,50.71697],[6.121771,50.717178],[6.123674,50.718058]],[[6.123674,50.718058],[6.124571,50.718499],[6.125176,50.718837],[6.126724,50.719792]],[[6.134371,50.695703],[6.13415,50.695782],[6.133518,50.696243],[6.13337,50.696472],[6.133256,50.69695]],[[6.143814,50.696049],[6.143192,50.696389]],[[6.144045,50.69592],[6.143814,50.696049]],[[6.143192,50.696389],[6.142539,50.696731],[6.142184,50.696836],[6.141934,50.69684],[6.139003,50.696318],[6.135063,50.695757],[6.134552,50.695692],[6.134371,50.695703]],[[6.145561,50.694663],[6.145248,50.69478],[6.144787,50.695069],[6.144565,50.695249],[6.144045,50.69592]],[[6.148644,50.695405],[6.147225,50.694799]],[[6.131807,50.699883],[6.12862,50.702673],[6.12471,50.705975]],[[6.12676,50.720402],[6.126963,50.720112],[6.126913,50.719942]],[[6.127206,50.720121],[6.126913,50.719942]],[[6.126913,50.719942],[6.126724,50.719792]],[[6.126724,50.719792],[6.127292,50.720064]],[[6.147225,50.694799],[6.146894,50.694698]],[[6.124985,50.709473],[6.125053,50.709666],[6.124896,50.711175]],[[6.12471,50.705975],[6.123871,50.706668]],[[6.133256,50.69695],[6.133294,50.698553],[6.133264,50.69876],[6.132991,50.699111],[6.132141,50.699615],[6.131807,50.699883]],[[6.123871,50.706668],[6.123477,50.707045],[6.12338,50.707266]],[[6.123365,50.712844],[6.123004,50.71311]],[[6.124939,50.71097],[6.125394,50.710689],[6.125509,50.710712],[6.125598,50.710794],[6.125776,50.710716]],[[6.124997,50.710349],[6.125554,50.710366]],[[6.124981,50.710567],[6.124659,50.710548],[6.123917,50.710572]],[[6.121643,50.71601],[6.122223,50.716138],[6.122261,50.716235],[6.122172,50.716363]],[[6.124096,50.712122],[6.12346,50.711916],[6.123383,50.711922],[6.12331,50.712007],[6.123232,50.712013],[6.123061,50.711899],[6.123084,50.711869],[6.123299,50.711862],[6.12346,50.711916]],[[6.146894,50.694698],[6.146301,50.694654]],[[6.155968,50.691856],[6.156167,50.691794],[6.156876,50.691733],[6.157887,50.691694]],[[6.146301,50.694654],[6.145901,50.69464],[6.145561,50.694663]]]},"id":1094},{"type":"Feature","properties":{"id":"1foav3f","name":"Oberstraße","kind":"minor","district":"aachen-mitte","level":"aachen-mitte-17","importance":1046,"center":[6.102201,50.775904],"length":92},"geometry":{"type":"LineString","coordinates":[[6.102854,50.775902],[6.101548,50.775907]]},"id":1095},{"type":"Feature","properties":{"id":"1fpaaiy","name":"Kleinmarschierstraße","kind":"minor","district":"aachen-mitte","level":"aachen-mitte-10","importance":1127,"center":[6.084296,50.773161],"length":254},"geometry":{"type":"MultiLineString","coordinates":[[[6.084639,50.772038],[6.084507,50.772825],[6.083884,50.773709]],[[6.083884,50.773709],[6.083635,50.774205]]]},"id":1096},{"type":"Feature","properties":{"id":"1fpms16","name":"Weißdornweg","kind":"minor","district":"eilendorf","level":"eilendorf-3","importance":1115,"center":[6.158726,50.773818],"length":230},"geometry":{"type":"LineString","coordinates":[[6.15993,50.774213],[6.159092,50.773643],[6.158359,50.773993],[6.157552,50.773496]]},"id":1097},{"type":"Feature","properties":{"id":"1fsz9vo","name":"Reinhardstraße","kind":"major","district":"aachen-mitte","level":"aachen-mitte-8","importance":3557,"center":[6.138009,50.765493],"length":1113},"geometry":{"type":"MultiLineString","coordinates":[[[6.138459,50.769682],[6.138168,50.769068]],[[6.137689,50.762229],[6.13669,50.76267]],[[6.138019,50.768816],[6.137801,50.768528],[6.137679,50.768206],[6.137696,50.766948]],[[6.138799,50.763846],[6.138822,50.763603],[6.138779,50.763369],[6.138639,50.763084],[6.137855,50.762316],[6.137689,50.762229],[6.137025,50.761597]],[[6.138168,50.769068],[6.138019,50.768816]],[[6.138168,50.769068],[6.13827,50.769143],[6.138629,50.769624]],[[6.137696,50.766948],[6.137756,50.766098],[6.137912,50.76567],[6.138725,50.76411],[6.138799,50.763846]]]},"id":1098},{"type":"Feature","properties":{"id":"1ftjczv","name":"Kalkbergstraße","kind":"major","district":"eilendorf","level":"eilendorf-1","importance":3613,"center":[6.156772,50.790884],"length":1225},"geometry":{"type":"MultiLineString","coordinates":[[[6.156941,50.795866],[6.156914,50.795787]],[[6.152004,50.786888],[6.152714,50.786997],[6.153144,50.787103],[6.154685,50.787694]],[[6.156674,50.789565],[6.15688,50.789873],[6.157152,50.790164],[6.157203,50.790307],[6.157168,50.790392],[6.156782,50.790835],[6.156762,50.790934],[6.156824,50.791057],[6.157153,50.791331],[6.157215,50.791472],[6.157207,50.791706],[6.156987,50.792173],[6.157322,50.792836],[6.157352,50.792927],[6.157326,50.79308]],[[6.157282,50.793224],[6.156353,50.795091],[6.15635,50.795178]],[[6.154917,50.787794],[6.15551,50.788084],[6.155993,50.788451]],[[6.154685,50.787694],[6.154917,50.787794]],[[6.15635,50.795178],[6.156485,50.795339]],[[6.155993,50.788451],[6.156336,50.788743],[6.156425,50.788871],[6.156627,50.789475]],[[6.156914,50.795787],[6.156485,50.795339]],[[6.157326,50.79308],[6.157282,50.793224]],[[6.156627,50.789475],[6.156674,50.789565]]]},"id":1099},{"type":"Feature","properties":{"id":"1fuso4r","name":"Im Süsterfeld","kind":"minor","district":"laurensberg","level":"laurensberg-3","importance":1177,"center":[6.057135,50.789889],"length":354},"geometry":{"type":"MultiLineString","coordinates":[[[6.05854,50.790735],[6.058355,50.790565],[6.057315,50.790043],[6.057038,50.78977],[6.056999,50.789465]],[[6.056999,50.789465],[6.056159,50.789341]],[[6.056999,50.789465],[6.057045,50.789365],[6.057299,50.789082],[6.05779,50.78866]]]},"id":1100},{"type":"Feature","properties":{"id":"1fv3plt","name":"Pontdriesch","kind":"major","district":"aachen-mitte","level":"aachen-mitte-3","importance":3128,"center":[6.081454,50.779629],"length":255},"geometry":{"type":"MultiLineString","coordinates":[[[6.081804,50.779249],[6.081747,50.779387]],[[6.081159,50.779892],[6.081406,50.779961],[6.082056,50.779816]],[[6.081159,50.779892],[6.080968,50.780052],[6.080526,50.78023]],[[6.082252,50.779222],[6.08222,50.779281],[6.081902,50.779358]],[[6.081627,50.779483],[6.081159,50.779892]],[[6.081747,50.779387],[6.081627,50.779483]],[[6.081902,50.779358],[6.081747,50.779387]]]},"id":1101},{"type":"Feature","properties":{"id":"1fw405r","name":"Strüverweg","kind":"major","district":"laurensberg","level":"laurensberg-2","importance":3573,"center":[6.084334,50.79564],"length":1146},"geometry":{"type":"MultiLineString","coordinates":[[[6.084238,50.796113],[6.084619,50.794342]],[[6.083912,50.797561],[6.084238,50.796113]],[[6.084984,50.793172],[6.084394,50.792387]],[[6.080964,50.800184],[6.081037,50.800075],[6.082354,50.799154],[6.082786,50.79874]],[[6.084394,50.792387],[6.083724,50.791428],[6.083765,50.791197],[6.083862,50.791066],[6.084035,50.790934]],[[6.082786,50.79874],[6.083481,50.798084]],[[6.083481,50.798084],[6.083778,50.79777],[6.083912,50.797561]],[[6.084619,50.794342],[6.08473,50.794221],[6.085177,50.793891],[6.085276,50.793731],[6.085251,50.793539],[6.084984,50.793172]]]},"id":1102},{"type":"Feature","properties":{"id":"1fw6jsr","name":"Buchenheck","kind":"minor","district":"brand","level":"brand-6","importance":1099,"center":[6.188836,50.753544],"length":199},"geometry":{"type":"LineString","coordinates":[[6.189415,50.752697],[6.188333,50.754347]]},"id":1103},{"type":"Feature","properties":{"id":"1fzd2el","name":"Süsterfeldstraße","kind":"major","district":"aachen-mitte","level":"aachen-mitte-6","importance":4000,"center":[6.062613,50.787445],"length":2360},"geometry":{"type":"MultiLineString","coordinates":[[[6.057339,50.791562],[6.057579,50.791243],[6.057907,50.791009]],[[6.057253,50.79187],[6.057339,50.791562]],[[6.059206,50.790146],[6.060395,50.789008],[6.061061,50.788493]],[[6.072609,50.781121],[6.072886,50.780948]],[[6.072886,50.780948],[6.072992,50.780881]],[[6.056943,50.792908],[6.057184,50.792563],[6.057252,50.792399],[6.057253,50.79187]],[[6.056335,50.793744],[6.056943,50.792908]],[[6.063929,50.786498],[6.065267,50.785503],[6.065702,50.785256],[6.068168,50.784018],[6.070842,50.78228]],[[6.071186,50.782056],[6.071554,50.781805]],[[6.05854,50.790735],[6.059247,50.790602]],[[6.059751,50.790633],[6.059247,50.790602]],[[6.061028,50.788955],[6.061839,50.788099],[6.062299,50.78768]],[[6.060051,50.790206],[6.060009,50.790426]],[[6.060051,50.790206],[6.06023,50.789885],[6.060618,50.789412]],[[6.059839,50.790512],[6.059935,50.790297],[6.060051,50.790206]],[[6.059247,50.790602],[6.059322,50.790566],[6.059776,50.790543]],[[6.071554,50.781805],[6.072193,50.781385]],[[6.070842,50.78228],[6.071186,50.782056]],[[6.060009,50.790426],[6.059976,50.790517]],[[6.072193,50.781385],[6.072609,50.781121]],[[6.056106,50.794126],[6.056335,50.793744]],[[6.05596,50.79447],[6.056022,50.794199]],[[6.056106,50.794126],[6.056113,50.794214]],[[6.056113,50.794214],[6.056056,50.794469]],[[6.056022,50.794199],[6.056106,50.794126]],[[6.057907,50.791009],[6.05826,50.790832],[6.05854,50.790735]],[[6.060618,50.789412],[6.061028,50.788955]],[[6.062299,50.78768],[6.063929,50.786498]],[[6.061028,50.788955],[6.060679,50.788771]]]},"id":1104},{"type":"Feature","properties":{"id":"1g1ffak","name":"Borchersstraße","kind":"minor","district":"aachen-mitte","level":"aachen-mitte-19","importance":1181,"center":[6.064557,50.788381],"length":362},"geometry":{"type":"LineString","coordinates":[[6.066952,50.787837],[6.066712,50.787839],[6.0654,50.788292],[6.064916,50.788371],[6.064452,50.788378],[6.06406,50.788324],[6.063619,50.788216],[6.062299,50.78768]]},"id":1105},{"type":"Feature","properties":{"id":"1g5eqwa","name":"Dr.-Hahn-Straße","kind":"minor","district":"aachen-mitte","level":"aachen-mitte-30","importance":1126,"center":[6.099783,50.756704],"length":251},"geometry":{"type":"LineString","coordinates":[[6.099334,50.757874],[6.100177,50.75568]]},"id":1106},{"type":"Feature","properties":{"id":"1g6ov6i","name":"Walhorner Straße","kind":"minor","district":"aachen-mitte","level":"aachen-mitte-35","importance":1137,"center":[6.044293,50.738906],"length":273},"geometry":{"type":"MultiLineString","coordinates":[[[6.045384,50.739838],[6.044399,50.739025],[6.043872,50.738397],[6.043469,50.738524]],[[6.043469,50.738524],[6.043566,50.738658],[6.043977,50.738533]]]},"id":1107},{"type":"Feature","properties":{"id":"1g774j9","name":"Reumontstraße","kind":"minor","district":"aachen-mitte","level":"aachen-mitte-14","importance":1281,"center":[6.083256,50.766141],"length":562},"geometry":{"type":"MultiLineString","coordinates":[[[6.078914,50.766258],[6.081359,50.766044]],[[6.082047,50.766152],[6.082211,50.76609],[6.082537,50.766106]],[[6.084353,50.766196],[6.085799,50.766408],[6.08725,50.766973]],[[6.082537,50.766106],[6.082215,50.766271]],[[6.082537,50.766106],[6.083441,50.766148],[6.08355,50.766198]],[[6.081359,50.766044],[6.081619,50.765899]]]},"id":1108},{"type":"Feature","properties":{"id":"1g80iws","name":"An der Vorburg","kind":"minor","district":"richterich","level":"richterich-3","importance":1056,"center":[6.064322,50.812592],"length":112},"geometry":{"type":"LineString","coordinates":[[6.065341,50.812311],[6.063954,50.812694],[6.063878,50.812692]]},"id":1109},{"type":"Feature","properties":{"id":"1g8qwgp","name":"Herzogsweg","kind":"minor","district":"laurensberg","level":"laurensberg-3","importance":2000,"center":[6.037811,50.793521],"length":2212},"geometry":{"type":"MultiLineString","coordinates":[[[6.047202,50.800693],[6.046793,50.799881],[6.046632,50.799663],[6.045738,50.799184],[6.045278,50.798777],[6.045154,50.798518],[6.044902,50.797372],[6.044795,50.797196],[6.043824,50.796481],[6.042705,50.795529],[6.041141,50.794401]],[[6.034482,50.791619],[6.02822,50.78748],[6.026851,50.786564],[6.026695,50.786428]],[[6.041141,50.794401],[6.037288,50.793386],[6.036967,50.793278],[6.036686,50.793131],[6.034482,50.791619]]]},"id":1110},{"type":"Feature","properties":{"id":"1gct5me","name":"Dammstraße","kind":"minor","district":"aachen-mitte","level":"aachen-mitte-16","importance":1188,"center":[6.094579,50.765074],"length":377},"geometry":{"type":"MultiLineString","coordinates":[[[6.093138,50.763726],[6.093385,50.763893]],[[6.094279,50.764677],[6.094559,50.765023],[6.09464,50.765358]],[[6.093385,50.763893],[6.09381,50.764223]],[[6.09464,50.765358],[6.094672,50.765694]],[[6.094672,50.765694],[6.094812,50.766492],[6.094922,50.766703]],[[6.094922,50.766703],[6.094989,50.766792]],[[6.09381,50.764223],[6.094279,50.764677]]]},"id":1111},{"type":"Feature","properties":{"id":"1ge0icd","name":"Eddington","kind":"path","district":"richterich","level":"richterich-5","importance":28,"center":[6.024185,50.830408],"length":55},"geometry":{"type":"LineString","coordinates":[[6.023827,50.830422],[6.024063,50.830473],[6.02411,50.830391],[6.024463,50.830493]]},"id":1112},{"type":"Feature","properties":{"id":"1gee5f9","name":"Friedrich-Wilhelm-Platz","kind":"square","district":"aachen-mitte","level":"aachen-mitte-2","importance":3000,"center":[6.087037,50.774235],"length":0},"geometry":{"type":"Polygon","coordinates":[[[6.086713,50.773891],[6.086843,50.774039],[6.08692,50.774046],[6.086986,50.774084],[6.087003,50.774127],[6.086969,50.774183],[6.087101,50.774333],[6.087177,50.774305],[6.087272,50.774413],[6.087149,50.774457],[6.08713,50.774437],[6.087001,50.774481],[6.087045,50.774532],[6.087142,50.774532],[6.087151,50.774578],[6.087206,50.774574],[6.087239,50.774777],[6.087761,50.774806],[6.087444,50.774236],[6.086905,50.773607],[6.086379,50.77374],[6.086429,50.773802],[6.086504,50.773777],[6.08655,50.773835],[6.08659,50.77382],[6.086572,50.7738],[6.086696,50.773755],[6.086791,50.773863],[6.086713,50.773891]]]},"id":1113},{"type":"Feature","properties":{"id":"1gg0dm7","name":"Johannes-Paul-II.-Straße","kind":"minor","district":"aachen-mitte","level":"aachen-mitte-9","importance":1059,"center":[6.082584,50.775337],"length":119},"geometry":{"type":"MultiLineString","coordinates":[[[6.082675,50.774755],[6.082626,50.775243]],[[6.082626,50.775243],[6.082543,50.77543],[6.082214,50.775756]]]},"id":1114},{"type":"Feature","properties":{"id":"1gh61vy","name":"Kaiserstraße","kind":"minor","district":"eilendorf","level":"eilendorf-3","importance":1263,"center":[6.149722,50.781384],"length":526},"geometry":{"type":"MultiLineString","coordinates":[[[6.152354,50.779741],[6.150294,50.781019]],[[6.14861,50.782092],[6.147243,50.78319]],[[6.150294,50.781019],[6.14861,50.782092]]]},"id":1115},{"type":"Feature","properties":{"id":"1gibmpj","name":"An der Birk","kind":"minor","district":"aachen-mitte","level":"aachen-mitte-33","importance":1057,"center":[6.121665,50.771664],"length":114},"geometry":{"type":"MultiLineString","coordinates":[[[6.121127,50.77173],[6.121696,50.771662]],[[6.121696,50.771662],[6.122724,50.771577]]]},"id":1116},{"type":"Feature","properties":{"id":"1girkhs","name":"Gerhart-Hauptmann-Straße","kind":"minor","district":"aachen-mitte","level":"aachen-mitte-37","importance":1054,"center":[6.144549,50.751568],"length":108},"geometry":{"type":"LineString","coordinates":[[6.143852,50.751774],[6.145245,50.751363]]},"id":1117},{"type":"Feature","properties":{"id":"1gizi1l","name":"Am Bollet","kind":"minor","district":"brand","level":"brand-2","importance":1149,"center":[6.154862,50.746215],"length":297},"geometry":{"type":"MultiLineString","coordinates":[[[6.155035,50.745403],[6.155274,50.745821],[6.155388,50.746494]],[[6.154225,50.745603],[6.154391,50.746275],[6.154402,50.746537]],[[6.154391,50.746275],[6.155333,50.746156]]]},"id":1118},{"type":"Feature","properties":{"id":"1gkb3x5","name":"Vennbahnstraße","kind":"minor","district":"kornelimuenster-walheim","level":"kornelimuenster-walheim-3","importance":1159,"center":[6.179908,50.704821],"length":318},"geometry":{"type":"MultiLineString","coordinates":[[[6.178772,50.705139],[6.179252,50.704568],[6.179366,50.704573],[6.179678,50.704716]],[[6.179678,50.704716],[6.180138,50.704925]],[[6.179137,50.704691],[6.178613,50.704513]],[[6.180138,50.704925],[6.181493,50.705541],[6.181558,50.705545]],[[6.181558,50.705545],[6.181647,50.705554]]]},"id":1119},{"type":"Feature","properties":{"id":"1gm9jsl","name":"Sophienstraße","kind":"minor","district":"aachen-mitte","level":"aachen-mitte-20","importance":1134,"center":[6.105422,50.771896],"length":269},"geometry":{"type":"MultiLineString","coordinates":[[[6.107268,50.772061],[6.106233,50.772129],[6.104414,50.771603]],[[6.104414,50.771603],[6.103707,50.771396]]]},"id":1120},{"type":"Feature","properties":{"id":"1gmlcm4","name":"Oranienstraße","kind":"minor","district":"aachen-mitte","level":"aachen-mitte-20","importance":1141,"center":[6.10845,50.772381],"length":283},"geometry":{"type":"LineString","coordinates":[[6.110887,50.773113],[6.110837,50.773033],[6.107268,50.772061]]},"id":1121},{"type":"Feature","properties":{"id":"1gmxzy3","name":"Herbartstraße","kind":"minor","district":"aachen-mitte","level":"aachen-mitte-35","importance":1112,"center":[6.134137,50.760523],"length":225},"geometry":{"type":"LineString","coordinates":[[6.133098,50.759774],[6.134579,50.760827],[6.135148,50.76132]]},"id":1122},{"type":"Feature","properties":{"id":"1gofddq","name":"Turmstraße","kind":"major","district":"aachen-mitte","level":"aachen-mitte-3","importance":3487,"center":[6.074704,50.778745],"length":975},"geometry":{"type":"MultiLineString","coordinates":[[[6.074305,50.778076],[6.074222,50.777999]],[[6.076443,50.782889],[6.076313,50.782853]],[[6.074664,50.778667],[6.07492,50.779274]],[[6.075352,50.78024],[6.075634,50.780547],[6.07587,50.780688]],[[6.074222,50.777999],[6.073825,50.777608]],[[6.074261,50.777952],[6.074305,50.778076]],[[6.074305,50.778076],[6.074664,50.778667]],[[6.075919,50.781386],[6.075811,50.78078],[6.07587,50.780688]],[[6.076313,50.782853],[6.076189,50.782799],[6.076135,50.782734],[6.075919,50.781386]],[[6.07492,50.779274],[6.075183,50.779891]],[[6.073159,50.77685],[6.073013,50.776709],[6.072334,50.7763],[6.072239,50.776213]],[[6.072098,50.775561],[6.072153,50.775042]],[[6.075183,50.779891],[6.075352,50.78024]],[[6.073825,50.777608],[6.073159,50.77685]],[[6.072239,50.776213],[6.072082,50.77596],[6.072098,50.775561]]]},"id":1123},{"type":"Feature","properties":{"id":"1gp13yp","name":"Schönforstwinkel","kind":"minor","district":"aachen-mitte","level":"aachen-mitte-36","importance":1046,"center":[6.134945,50.763154],"length":91},"geometry":{"type":"LineString","coordinates":[[6.134597,50.7633],[6.135679,50.762846]]},"id":1124},{"type":"Feature","properties":{"id":"1grz43m","name":"Lothringerstraße","kind":"minor","district":"aachen-mitte","level":"aachen-mitte-16","importance":1315,"center":[6.096491,50.770642],"length":630},"geometry":{"type":"MultiLineString","coordinates":[[[6.094159,50.771304],[6.093811,50.771371]],[[6.100546,50.769408],[6.098016,50.770212],[6.096342,50.770689]],[[6.095372,50.771074],[6.094159,50.771304]],[[6.096342,50.770689],[6.095541,50.771006]],[[6.093811,50.771371],[6.093047,50.771528]],[[6.093047,50.771528],[6.09265,50.771604],[6.092523,50.771601]],[[6.095503,50.771035],[6.095457,50.77107],[6.095372,50.771074]],[[6.095372,50.771074],[6.095503,50.771035]],[[6.095541,50.771006],[6.095503,50.771035]]]},"id":1125},{"type":"Feature","properties":{"id":"1gtbeoq","name":"Fliederweg","kind":"minor","district":"aachen-mitte","level":"aachen-mitte-33","importance":1217,"center":[6.13112,50.762651],"length":434},"geometry":{"type":"MultiLineString","coordinates":[[[6.131573,50.763075],[6.130757,50.762309]],[[6.130927,50.762038],[6.130615,50.762199],[6.130757,50.762309],[6.131069,50.762148],[6.130927,50.762038]],[[6.130927,50.762038],[6.129929,50.761361]],[[6.130983,50.763219],[6.131482,50.762992]],[[6.131769,50.763936],[6.130983,50.763219]]]},"id":1126},{"type":"Feature","properties":{"id":"1gwh6eb","name":"Otto-Blumenthal-Straße","kind":"minor","district":"laurensberg","level":"laurensberg-3","importance":1179,"center":[6.050383,50.781678],"length":358},"geometry":{"type":"MultiLineString","coordinates":[[[6.050382,50.781635],[6.050368,50.781118],[6.05022,50.780887],[6.050089,50.780807],[6.049848,50.780741],[6.049078,50.780683]],[[6.050684,50.783146],[6.050448,50.783145],[6.05039,50.783113],[6.050385,50.782798]],[[6.050385,50.782798],[6.050382,50.782227]],[[6.050382,50.782227],[6.050382,50.781635]]]},"id":1127},{"type":"Feature","properties":{"id":"1gwsexf","name":"Spitzgässchen","kind":"minor","district":"aachen-mitte","level":"aachen-mitte-9","importance":1029,"center":[6.083053,50.774568],"length":59},"geometry":{"type":"LineString","coordinates":[[6.082712,50.774547],[6.082886,50.774572],[6.083545,50.774548]]},"id":1128},{"type":"Feature","properties":{"id":"1gwu9x6","name":"Rammenasseweg","kind":"path","district":"laurensberg","level":"laurensberg-9","importance":69,"center":[6.090999,50.809787],"length":137},"geometry":{"type":"LineString","coordinates":[[6.090637,50.809215],[6.09136,50.810359]]},"id":1129},{"type":"Feature","properties":{"id":"1gxvh6l","name":"Aureliusstraße","kind":"minor","district":"aachen-mitte","level":"aachen-mitte-10","importance":1171,"center":[6.088068,50.770332],"length":342},"geometry":{"type":"MultiLineString","coordinates":[[[6.087886,50.7702],[6.086659,50.769616],[6.08625,50.769382]],[[6.089414,50.771658],[6.088311,50.770536],[6.087886,50.7702]]]},"id":1130},{"type":"Feature","properties":{"id":"1h5xo27","name":"Trichtergasse","kind":"minor","district":"aachen-mitte","level":"aachen-mitte-9","importance":1067,"center":[6.079524,50.775223],"length":133},"geometry":{"type":"LineString","coordinates":[[6.079047,50.775682],[6.079618,50.775141],[6.080191,50.774728]]},"id":1131},{"type":"Feature","properties":{"id":"1h7lbj3","name":"Altdorfstraße","kind":"minor","district":"aachen-mitte","level":"aachen-mitte-22","importance":1099,"center":[6.091065,50.761423],"length":197},"geometry":{"type":"MultiLineString","coordinates":[[[6.092161,50.762088],[6.091761,50.761903],[6.091616,50.761789]],[[6.090036,50.760946],[6.090938,50.761348],[6.091616,50.761789]]]},"id":1132},{"type":"Feature","properties":{"id":"1haigni","name":"Baumgartsweg","kind":"path","district":"kornelimuenster-walheim","level":"kornelimuenster-walheim-9","importance":61,"center":[6.139781,50.704835],"length":121},"geometry":{"type":"LineString","coordinates":[[6.139425,50.705203],[6.140288,50.704261]]},"id":1133},{"type":"Feature","properties":{"id":"1hbd2xi","name":"An der Junkersmühle","kind":"minor","district":"aachen-mitte","level":"aachen-mitte-18","importance":1121,"center":[6.070331,50.769531],"length":243},"geometry":{"type":"LineString","coordinates":[[6.069705,50.769157],[6.06949,50.769212],[6.069226,50.769065],[6.069213,50.769024],[6.069396,50.768974],[6.070957,50.769906],[6.071035,50.770177]]},"id":1134},{"type":"Feature","properties":{"id":"1hbrbz0","name":"Frankenstraße","kind":"minor","district":"aachen-mitte","level":"aachen-mitte-17","importance":1057,"center":[6.101432,50.773826],"length":113},"geometry":{"type":"LineString","coordinates":[[6.101409,50.773318],[6.101455,50.774334]]},"id":1135},{"type":"Feature","properties":{"id":"1hd32af","name":"Eisenhütte","kind":"minor","district":"kornelimuenster-walheim","level":"kornelimuenster-walheim-2","importance":1209,"center":[6.153487,50.702045],"length":418},"geometry":{"type":"MultiLineString","coordinates":[[[6.154198,50.700145],[6.153882,50.700544],[6.153512,50.701651]],[[6.153444,50.701978],[6.153617,50.702261],[6.15368,50.70246],[6.153578,50.703459],[6.153631,50.703652]],[[6.153512,50.701651],[6.153458,50.701716]],[[6.153458,50.701716],[6.153401,50.70176]],[[6.153634,50.703657],[6.153686,50.703762]],[[6.153401,50.70176],[6.153375,50.701823],[6.153444,50.701978]],[[6.153631,50.703652],[6.153634,50.703657]]]},"id":1136},{"type":"Feature","properties":{"id":"1hdakzj","name":"Franziskusweg","kind":"minor","district":"aachen-mitte","level":"aachen-mitte-21","importance":1051,"center":[6.065481,50.763957],"length":101},"geometry":{"type":"LineString","coordinates":[[6.065746,50.763534],[6.065217,50.764379]]},"id":1137},{"type":"Feature","properties":{"id":"1hed0x5","name":"Grüner Winkel","kind":"minor","district":"aachen-mitte","level":"aachen-mitte-32","importance":1101,"center":[6.106171,50.795275],"length":202},"geometry":{"type":"LineString","coordinates":[[6.107356,50.794679],[6.105104,50.795801]]},"id":1138},{"type":"Feature","properties":{"id":"1hgdbgw","name":"Jakobstraße","kind":"major","district":"aachen-mitte","level":"aachen-mitte-3","importance":3478,"center":[6.077272,50.772887],"length":956},"geometry":{"type":"MultiLineString","coordinates":[[[6.075621,50.771096],[6.075114,50.77049]],[[6.074134,50.769168],[6.074085,50.769115]],[[6.074292,50.76938],[6.074134,50.769168]],[[6.077224,50.772786],[6.07748,50.773152],[6.077857,50.773449]],[[6.081482,50.775435],[6.082214,50.775756]],[[6.075621,50.771096],[6.076083,50.771398]],[[6.075114,50.77049],[6.07441,50.769538]],[[6.077857,50.773449],[6.078708,50.773953],[6.080191,50.774728]],[[6.080774,50.775021],[6.081482,50.775435]],[[6.080191,50.774728],[6.080774,50.775021]],[[6.077065,50.772448],[6.077224,50.772786]],[[6.076083,50.771398],[6.076553,50.771745],[6.076886,50.772102]],[[6.076886,50.772102],[6.077065,50.772448]],[[6.07441,50.769538],[6.074292,50.76938]]]},"id":1139},{"type":"Feature","properties":{"id":"1hguxzs","name":"Schiefdell","kind":"path","district":"laurensberg","level":"laurensberg-9","importance":154,"center":[6.025211,50.799567],"length":308},"geometry":{"type":"LineString","coordinates":[[6.026917,50.800512],[6.02363,50.798678]]},"id":1140},{"type":"Feature","properties":{"id":"1hh4d7q","name":"Pontwall","kind":"major","district":"aachen-mitte","level":"aachen-mitte-3","importance":3085,"center":[6.076749,50.781215],"length":170},"geometry":{"type":"MultiLineString","coordinates":[[[6.076039,50.78079],[6.076803,50.781246]],[[6.076803,50.781246],[6.077164,50.781427]],[[6.077273,50.78148],[6.07754,50.781596]],[[6.07754,50.781596],[6.077726,50.781664]],[[6.07587,50.780688],[6.076039,50.78079]],[[6.077164,50.781427],[6.077273,50.78148]]]},"id":1141},{"type":"Feature","properties":{"id":"1hrvgil","name":"Pützdriesch","kind":"minor","district":"richterich","level":"richterich-2","importance":1066,"center":[6.053661,50.81688],"length":131},"geometry":{"type":"LineString","coordinates":[[6.053715,50.817377],[6.053635,50.817056],[6.053644,50.816921],[6.053985,50.816232]]},"id":1142},{"type":"Feature","properties":{"id":"1hu173v","name":"Katschhof","kind":"square","district":"aachen-mitte","level":"aachen-mitte-1","importance":3000,"center":[6.083872,50.775351],"length":0},"geometry":{"type":"Polygon","coordinates":[[[6.084148,50.775751],[6.084045,50.775744],[6.084049,50.775081],[6.084064,50.775067],[6.083968,50.775021],[6.083871,50.775071],[6.083539,50.775072],[6.083536,50.775315],[6.083595,50.775316],[6.083594,50.775423],[6.083555,50.775423],[6.083451,50.775511],[6.08346,50.775831],[6.084244,50.775844],[6.084319,50.775781],[6.084148,50.775751]]]},"id":1143},{"type":"Feature","properties":{"id":"1huaije","name":"Hans-Böckler-Allee","kind":"minor","district":"laurensberg","level":"laurensberg-4","importance":1414,"center":[6.037883,50.774116],"length":828},"geometry":{"type":"MultiLineString","coordinates":[[[6.042112,50.773873],[6.042068,50.773918],[6.041932,50.773938],[6.041549,50.773825],[6.041881,50.773751],[6.042023,50.773755],[6.042122,50.77383],[6.042112,50.773873]],[[6.03777,50.774115],[6.03778,50.774204],[6.038065,50.774547]],[[6.035749,50.773916],[6.035369,50.774054],[6.035041,50.773648],[6.035354,50.773547]],[[6.036212,50.77408],[6.036176,50.774317],[6.036315,50.774504]],[[6.035075,50.773069],[6.035094,50.773216],[6.035354,50.773547],[6.035749,50.773916],[6.03596,50.774002],[6.036212,50.77408],[6.038332,50.774121]],[[6.038332,50.774121],[6.040033,50.774019],[6.041549,50.773825]]]},"id":1144},{"type":"Feature","properties":{"id":"1hvnxqa","name":"Lichtenbuscher Straße","kind":"major","district":"kornelimuenster-walheim","level":"kornelimuenster-walheim-1","importance":3015,"center":[6.123191,50.712778],"length":31},"geometry":{"type":"LineString","coordinates":[[6.123365,50.712844],[6.12323,50.712799],[6.123032,50.712671]]},"id":1145},{"type":"Feature","properties":{"id":"1hwkwrb","name":"Am Tunnel","kind":"minor","district":"eilendorf","level":"eilendorf-4","importance":1122,"center":[6.161844,50.786631],"length":244},"geometry":{"type":"MultiLineString","coordinates":[[[6.161631,50.787483],[6.161856,50.78741],[6.162106,50.787262],[6.162262,50.787072]],[[6.161749,50.787433],[6.161574,50.787029],[6.161623,50.786841],[6.161767,50.786676],[6.16192,50.786586]],[[6.16192,50.786586],[6.162058,50.786493]],[[6.162058,50.786493],[6.162203,50.786419],[6.162441,50.786358],[6.162852,50.786328]]]},"id":1146},{"type":"Feature","properties":{"id":"1hzq88r","name":"Alt-Haarener Straße","kind":"major","district":"haaren","level":"haaren-1","importance":3815,"center":[6.127055,50.798576],"length":1630},"geometry":{"type":"MultiLineString","coordinates":[[[6.121766,50.794068],[6.122466,50.794217],[6.124366,50.794492]],[[6.133631,50.802555],[6.133009,50.802182]],[[6.125798,50.797804],[6.126075,50.798008]],[[6.126658,50.795689],[6.126575,50.795764],[6.12606,50.796028],[6.125842,50.796272]],[[6.126616,50.795497],[6.126677,50.795583],[6.126658,50.795689]],[[6.127214,50.798676],[6.131573,50.801309]],[[6.126075,50.798008],[6.126732,50.798382]],[[6.125401,50.796823],[6.12524,50.797112],[6.125238,50.797271],[6.125798,50.797804]],[[6.124862,50.79461],[6.12551,50.794888]],[[6.125379,50.794688],[6.125879,50.794893],[6.1259,50.794946],[6.126583,50.795188],[6.126678,50.795255]],[[6.124366,50.794492],[6.124862,50.79461]],[[6.12551,50.794888],[6.12617,50.795191],[6.126481,50.795379]],[[6.126732,50.798382],[6.127214,50.798676]],[[6.131573,50.801309],[6.132019,50.801561]],[[6.132463,50.801832],[6.132019,50.801561]],[[6.133009,50.802182],[6.132463,50.801832]],[[6.134038,50.802804],[6.133949,50.802748]],[[6.125842,50.796272],[6.125401,50.796823]],[[6.1259,50.794946],[6.1258,50.795022]],[[6.125985,50.795106],[6.126082,50.795023]],[[6.126481,50.795379],[6.126616,50.795497]],[[6.13407,50.802824],[6.134038,50.802804]],[[6.133949,50.802748],[6.133631,50.802555]]]},"id":1147},{"type":"Feature","properties":{"id":"1i1ec6p","name":"Wierigsweg","kind":"minor","district":"kornelimuenster-walheim","level":"kornelimuenster-walheim-6","importance":1088,"center":[6.154135,50.722088],"length":176},"geometry":{"type":"LineString","coordinates":[[6.154789,50.721145],[6.153795,50.722594]]},"id":1148},{"type":"Feature","properties":{"id":"1i1qoaz","name":"Unter den Weiden","kind":"minor","district":"kornelimuenster-walheim","level":"kornelimuenster-walheim-7","importance":1135,"center":[6.185419,50.72791],"length":269},"geometry":{"type":"LineString","coordinates":[[6.183914,50.728115],[6.184089,50.728089],[6.18455,50.728186],[6.184716,50.728171],[6.185078,50.728077],[6.185242,50.728006],[6.186315,50.727386],[6.186396,50.727257],[6.186457,50.727016],[6.186665,50.726846]]},"id":1149},{"type":"Feature","properties":{"id":"1i2lx4e","name":"Auf der Schönauer Höhe","kind":"minor","district":"richterich","level":"richterich-4","importance":1043,"center":[6.070227,50.808574],"length":86},"geometry":{"type":"LineString","coordinates":[[6.069676,50.808629],[6.070779,50.808519],[6.070872,50.808548]]},"id":1150},{"type":"Feature","properties":{"id":"1i3jum8","name":"Heißbergstraße","kind":"minor","district":"aachen-mitte","level":"aachen-mitte-22","importance":1085,"center":[6.093776,50.759137],"length":171},"geometry":{"type":"MultiLineString","coordinates":[[[6.092679,50.75968],[6.094286,50.7589]],[[6.094286,50.7589],[6.094629,50.758768]]]},"id":1151},{"type":"Feature","properties":{"id":"1i66ofd","name":"Kahlgrachtstraße","kind":"minor","district":"haaren","level":"haaren-2","importance":1603,"center":[6.147521,50.795058],"length":1206},"geometry":{"type":"MultiLineString","coordinates":[[[6.155003,50.796473],[6.155076,50.796415]],[[6.149949,50.794804],[6.149251,50.794691],[6.148978,50.794715],[6.148239,50.794987],[6.14794,50.795039],[6.147101,50.795076],[6.146416,50.795218],[6.145974,50.79519],[6.144961,50.795257],[6.144063,50.795218],[6.142941,50.794962]],[[6.154342,50.795878],[6.15216,50.794941],[6.151716,50.79479],[6.151306,50.79472],[6.150296,50.794809],[6.149949,50.794804]],[[6.155163,50.796313],[6.155166,50.796246]],[[6.142941,50.794962],[6.141169,50.794746],[6.140519,50.794573],[6.140322,50.794552],[6.14013,50.794561],[6.139812,50.794646]],[[6.13976,50.79476],[6.139743,50.794803]],[[6.139812,50.794646],[6.13976,50.79476]],[[6.155076,50.796415],[6.155163,50.796313]],[[6.155166,50.796246],[6.155078,50.796175],[6.154342,50.795878]]]},"id":1152},{"type":"Feature","properties":{"id":"1i7sr6d","name":"Eckenerstraße","kind":"minor","district":"brand","level":"brand-2","importance":1408,"center":[6.158202,50.756144],"length":815},"geometry":{"type":"MultiLineString","coordinates":[[[6.162174,50.754867],[6.160382,50.755339],[6.159633,50.755565],[6.158122,50.756172],[6.157854,50.756196]],[[6.157854,50.756196],[6.157658,50.756166],[6.156924,50.755892],[6.156404,50.755752],[6.155,50.755227],[6.153633,50.754541],[6.153391,50.754342]],[[6.160372,50.754621],[6.160467,50.75468],[6.161113,50.754749],[6.161341,50.755084]]]},"id":1153},{"type":"Feature","properties":{"id":"1i9hots","name":"Schönauer Bach","kind":"minor","district":"richterich","level":"richterich-3","importance":1072,"center":[6.06611,50.81361],"length":144},"geometry":{"type":"LineString","coordinates":[[6.065244,50.813024],[6.066577,50.813916],[6.066605,50.813985]]},"id":1154},{"type":"Feature","properties":{"id":"1iaw3gy","name":"Fischweiher","kind":"minor","district":"richterich","level":"richterich-3","importance":1068,"center":[6.066944,50.813233],"length":136},"geometry":{"type":"LineString","coordinates":[[6.066119,50.81269],[6.066482,50.812981],[6.067406,50.813485],[6.067457,50.813554]]},"id":1155},{"type":"Feature","properties":{"id":"1ibogc9","name":"Friedlandstraße","kind":"major","district":"aachen-mitte","level":"aachen-mitte-5","importance":3120,"center":[6.085832,50.767785],"length":240},"geometry":{"type":"MultiLineString","coordinates":[[[6.08457,50.768424],[6.084607,50.768356],[6.0851,50.767977],[6.085523,50.767816]],[[6.085523,50.767816],[6.085636,50.767806]],[[6.085636,50.767806],[6.086029,50.767764],[6.086374,50.767673],[6.086608,50.767538],[6.086976,50.767235]],[[6.086976,50.767235],[6.08713,50.767133]]]},"id":1156},{"type":"Feature","properties":{"id":"1icvab4","name":"Kannegießerstraße","kind":"minor","district":"aachen-mitte","level":"aachen-mitte-27","importance":1326,"center":[6.068525,50.758847],"length":653},"geometry":{"type":"MultiLineString","coordinates":[[[6.068392,50.759304],[6.068362,50.759238],[6.068461,50.758953],[6.068691,50.758605],[6.068732,50.758408],[6.068349,50.757624],[6.06806,50.757256],[6.067891,50.757127],[6.066381,50.756463]],[[6.068725,50.761472],[6.067836,50.760091],[6.067848,50.759952],[6.068263,50.7595],[6.068392,50.759304]]]},"id":1157},{"type":"Feature","properties":{"id":"1if2s8q","name":"Burggrafenstraße","kind":"minor","district":"aachen-mitte","level":"aachen-mitte-26","importance":1178,"center":[6.109535,50.783868],"length":356},"geometry":{"type":"MultiLineString","coordinates":[[[6.111218,50.784322],[6.111111,50.784232],[6.111025,50.784234],[6.110572,50.784442],[6.110108,50.784114],[6.109826,50.783971],[6.109468,50.783849],[6.108854,50.783766]],[[6.109134,50.783017],[6.109052,50.783097],[6.108693,50.784332]]]},"id":1158},{"type":"Feature","properties":{"id":"1ifi70y","name":"Pontstraße","kind":"major","district":"aachen-mitte","level":"aachen-mitte-3","importance":3369,"center":[6.080763,50.77919],"length":738},"geometry":{"type":"MultiLineString","coordinates":[[[6.080526,50.78023],[6.079712,50.780566],[6.07893,50.781008]],[[6.080437,50.780263],[6.080284,50.780122],[6.080486,50.779485],[6.08071,50.779236],[6.081033,50.778964]],[[6.082619,50.777686],[6.082631,50.777603],[6.082948,50.777243],[6.083554,50.776726]],[[6.082619,50.777686],[6.082506,50.77794],[6.081584,50.778559]],[[6.081584,50.778559],[6.081089,50.778919]],[[6.078567,50.78127],[6.078205,50.781347]],[[6.07893,50.781008],[6.078639,50.781219]],[[6.083588,50.776696],[6.0837,50.776593]],[[6.078639,50.781219],[6.078567,50.78127]],[[6.078205,50.781347],[6.078057,50.781461],[6.077881,50.781683]],[[6.081089,50.778919],[6.081033,50.778964]]]},"id":1159},{"type":"Feature","properties":{"id":"1igjn92","name":"Karlsgraben","kind":"major","district":"aachen-mitte","level":"aachen-mitte-3","importance":3167,"center":[6.076089,50.773997],"length":334},"geometry":{"type":"MultiLineString","coordinates":[[[6.075672,50.775512],[6.07581,50.775044]],[[6.076828,50.772963],[6.077224,50.772786]],[[6.076146,50.773769],[6.07642,50.773309],[6.076645,50.773083],[6.076828,50.772963]],[[6.07581,50.775044],[6.076116,50.773889]],[[6.076116,50.773889],[6.076146,50.773769]]]},"id":1160},{"type":"Feature","properties":{"id":"1igxx6c","name":"Georgstraße","kind":"minor","district":"brand","level":"brand-5","importance":1182,"center":[6.174142,50.74887],"length":363},"geometry":{"type":"LineString","coordinates":[[6.175629,50.750164],[6.175745,50.749949],[6.175812,50.749693],[6.175776,50.74956],[6.175593,50.749381],[6.173411,50.748624],[6.172298,50.748139]]},"id":1161},{"type":"Feature","properties":{"id":"1iivwgc","name":"Buchenallee","kind":"path","district":"aachen-mitte","level":"aachen-mitte-39","importance":643,"center":[6.078791,50.788535],"length":1286},"geometry":{"type":"MultiLineString","coordinates":[[[6.084387,50.785873],[6.083982,50.786216],[6.079802,50.788789],[6.079683,50.788811],[6.079593,50.788788],[6.078892,50.788554]],[[6.078892,50.788554],[6.078435,50.7885],[6.078266,50.788521],[6.077742,50.788672]],[[6.077742,50.788672],[6.074991,50.789474],[6.074698,50.789533],[6.073005,50.789747],[6.072931,50.789679],[6.072943,50.789606],[6.073032,50.789545]],[[6.084499,50.784948],[6.084555,50.785681]],[[6.073032,50.789545],[6.073531,50.789368],[6.074328,50.789148],[6.075005,50.788886]],[[6.084555,50.785681],[6.084387,50.785873]],[[6.075005,50.788886],[6.075288,50.788755]]]},"id":1162},{"type":"Feature","properties":{"id":"1im6yl8","name":"Wolfsacker","kind":"minor","district":"brand","level":"brand-5","importance":1062,"center":[6.165856,50.743566],"length":124},"geometry":{"type":"LineString","coordinates":[[6.166309,50.743943],[6.165983,50.743648],[6.165729,50.743485],[6.165013,50.743222]]},"id":1163},{"type":"Feature","properties":{"id":"1inuge7","name":"Hirschgraben","kind":"major","district":"aachen-mitte","level":"aachen-mitte-2","importance":3133,"center":[6.08285,50.779055],"length":266},"geometry":{"type":"MultiLineString","coordinates":[[[6.081804,50.779249],[6.08197,50.779258],[6.082252,50.779222]],[[6.081704,50.779169],[6.081808,50.779131],[6.08246,50.779107],[6.082586,50.779133]],[[6.08431,50.77865],[6.084473,50.778622]],[[6.082586,50.779133],[6.083459,50.778871]],[[6.082252,50.779222],[6.082586,50.779133]],[[6.083459,50.778871],[6.08431,50.77865]]]},"id":1164},{"type":"Feature","properties":{"id":"1ipajkp","name":"An der Schurzelter Brücke","kind":"minor","district":"laurensberg","level":"laurensberg-5","importance":1090,"center":[6.058011,50.795234],"length":181},"geometry":{"type":"MultiLineString","coordinates":[[[6.058718,50.795558],[6.057939,50.795485],[6.058123,50.79479]],[[6.057939,50.795485],[6.057275,50.795422]]]},"id":1165},{"type":"Feature","properties":{"id":"1iq3k8p","name":"Wilburgpfad","kind":"path","district":"kornelimuenster-walheim","level":"kornelimuenster-walheim-9","importance":24,"center":[6.16043,50.726929],"length":47},"geometry":{"type":"LineString","coordinates":[[6.160881,50.72695],[6.160637,50.726962],[6.160224,50.726897]]},"id":1166},{"type":"Feature","properties":{"id":"1iu7kuc","name":"Nelkenweg","kind":"minor","district":"aachen-mitte","level":"aachen-mitte-33","importance":1038,"center":[6.129922,50.762989],"length":76},"geometry":{"type":"LineString","coordinates":[[6.129289,50.76269],[6.130151,50.763105]]},"id":1167},{"type":"Feature","properties":{"id":"1iwe9kv","name":"Charlottenburger Allee","kind":"major","district":"haaren","level":"haaren-1","importance":3840,"center":[6.135121,50.785909],"length":1681},"geometry":{"type":"MultiLineString","coordinates":[[[6.127311,50.783201],[6.12758,50.78338]],[[6.127585,50.783526],[6.127204,50.783296]],[[6.142235,50.790638],[6.141747,50.790325],[6.141427,50.790054],[6.141065,50.78966],[6.140706,50.78916]],[[6.128792,50.784216],[6.129728,50.784677]],[[6.127159,50.78311],[6.127311,50.783201]],[[6.13142,50.785269],[6.132469,50.78552],[6.132936,50.785599]],[[6.137571,50.786399],[6.136522,50.78608]],[[6.139699,50.787787],[6.139341,50.787434],[6.13874,50.786985],[6.138103,50.786629],[6.137571,50.786399]],[[6.134663,50.785779],[6.136109,50.785965],[6.136522,50.78608]],[[6.136522,50.78608],[6.134639,50.785857]],[[6.128271,50.783911],[6.127585,50.783526]],[[6.128271,50.783911],[6.128792,50.784216]],[[6.130135,50.784836],[6.130828,50.785093]],[[6.12758,50.78338],[6.128271,50.783911]],[[6.140322,50.788614],[6.139854,50.787972]],[[6.130828,50.785093],[6.130947,50.78513]],[[6.130947,50.78513],[6.13142,50.785269]],[[6.133652,50.785699],[6.134385,50.78579]],[[6.132936,50.785599],[6.133652,50.785699]],[[6.140706,50.78916],[6.140322,50.788614]],[[6.129728,50.784677],[6.130135,50.784836]],[[6.139751,50.787846],[6.139699,50.787787]],[[6.139854,50.787972],[6.139751,50.787846]],[[6.142596,50.79089],[6.142235,50.790638]]]},"id":1168},{"type":"Feature","properties":{"id":"1iwt4kf","name":"Moltkestraße","kind":"minor","district":"aachen-mitte","level":"aachen-mitte-20","importance":1153,"center":[6.099316,50.766874],"length":306},"geometry":{"type":"MultiLineString","coordinates":[[[6.098736,50.766248],[6.098774,50.766328]],[[6.099064,50.766685],[6.100304,50.767639]],[[6.098736,50.766248],[6.098622,50.766222],[6.098256,50.766046],[6.098156,50.765965]],[[6.098774,50.766328],[6.098887,50.766524]],[[6.098887,50.766524],[6.098941,50.766619],[6.099064,50.766685]],[[6.100304,50.767639],[6.100718,50.767973],[6.100662,50.76809]]]},"id":1169},{"type":"Feature","properties":{"id":"1ixvjla","name":"Rathausplatz","kind":"square","district":"richterich","level":"richterich-1","importance":3000,"center":[6.061316,50.811188],"length":0},"geometry":{"type":"Polygon","coordinates":[[[6.060987,50.810952],[6.060988,50.810972],[6.060809,50.810977],[6.060801,50.810877],[6.060697,50.810872],[6.060671,50.811117],[6.060635,50.811237],[6.060623,50.81152],[6.061195,50.811527],[6.061198,50.811414],[6.06185,50.811421],[6.061853,50.811322],[6.0619,50.811323],[6.061894,50.811081],[6.061695,50.811058],[6.061673,50.811092],[6.061594,50.811125],[6.061168,50.811108],[6.061173,50.81095],[6.060987,50.810952]]]},"id":1170},{"type":"Feature","properties":{"id":"1iy92hb","name":"Lennéstraße","kind":"minor","district":"aachen-mitte","level":"aachen-mitte-24","importance":1078,"center":[6.059791,50.770212],"length":156},"geometry":{"type":"MultiLineString","coordinates":[[[6.059661,50.77048],[6.059486,50.770821]],[[6.060139,50.769532],[6.059743,50.770309]],[[6.059743,50.770309],[6.059661,50.77048]],[[6.060159,50.769488],[6.060139,50.769532]]]},"id":1171},{"type":"Feature","properties":{"id":"1iyjfd5","name":"Schönebergstraße","kind":"minor","district":"haaren","level":"haaren-2","importance":1196,"center":[6.13851,50.789803],"length":392},"geometry":{"type":"MultiLineString","coordinates":[[[6.138642,50.789764],[6.138302,50.78987],[6.138025,50.790043]],[[6.137855,50.790252],[6.137137,50.790011],[6.136859,50.789769]],[[6.138025,50.790043],[6.13745,50.790746]],[[6.140706,50.78916],[6.138642,50.789764]]]},"id":1172},{"type":"Feature","properties":{"id":"1j03ako","name":"Romaneygasse","kind":"square","district":"aachen-mitte","level":"aachen-mitte-1","importance":3000,"center":[6.08468,50.775456],"length":0},"geometry":{"type":"Polygon","coordinates":[[[6.084842,50.77542],[6.084794,50.77539],[6.084783,50.77541],[6.084694,50.775437],[6.084541,50.775429],[6.084533,50.775542],[6.084872,50.775439],[6.084842,50.77542]]]},"id":1173},{"type":"Feature","properties":{"id":"1j0pbz0","name":"Sperberweg","kind":"minor","district":"kornelimuenster-walheim","level":"kornelimuenster-walheim-2","importance":1268,"center":[6.171969,50.705864],"length":536},"geometry":{"type":"LineString","coordinates":[[6.170932,50.704788],[6.170998,50.705262],[6.171417,50.705917],[6.172091,50.706602],[6.17211,50.706677],[6.173016,50.706904],[6.173331,50.706681],[6.173529,50.706484],[6.173542,50.706391],[6.173375,50.706314],[6.172178,50.705908],[6.17176,50.70582],[6.171417,50.705917]]},"id":1174},{"type":"Feature","properties":{"id":"1j161ss","name":"Siederstraße","kind":"minor","district":"aachen-mitte","level":"aachen-mitte-11","importance":1022,"center":[6.091015,50.774418],"length":45},"geometry":{"type":"LineString","coordinates":[[6.090696,50.774427],[6.091333,50.774409]]},"id":1175},{"type":"Feature","properties":{"id":"1j2pz14","name":"Im Brockenfeld","kind":"minor","district":"aachen-mitte","level":"aachen-mitte-27","importance":1160,"center":[6.076714,50.757909],"length":319},"geometry":{"type":"LineString","coordinates":[[6.078845,50.757824],[6.077379,50.757774],[6.077066,50.757807],[6.076614,50.757944],[6.076461,50.758031],[6.075422,50.759145]]},"id":1176},{"type":"Feature","properties":{"id":"1jbca34","name":"Napoleonsberg","kind":"major","district":"kornelimuenster-walheim","level":"kornelimuenster-walheim-1","importance":4000,"center":[6.17854,50.732143],"length":2004},"geometry":{"type":"MultiLineString","coordinates":[[[6.175002,50.739241],[6.175471,50.737673],[6.175337,50.737185],[6.174235,50.735912],[6.173943,50.7354],[6.173826,50.734768]],[[6.186377,50.727987],[6.187206,50.727714]],[[6.174321,50.733259],[6.174654,50.733168],[6.176588,50.732861],[6.177308,50.732691],[6.1778,50.73251],[6.178342,50.732265],[6.178738,50.732021],[6.179283,50.731595],[6.179436,50.731329]],[[6.184411,50.728247],[6.184941,50.728332],[6.185357,50.728303]],[[6.185357,50.728303],[6.186377,50.727987]],[[6.183358,50.727963],[6.183914,50.728115]],[[6.183914,50.728115],[6.184411,50.728247]],[[6.179712,50.729212],[6.180187,50.728692]],[[6.179397,50.7296],[6.17946,50.729514]],[[6.180576,50.728434],[6.181025,50.728212]],[[6.181025,50.728212],[6.181099,50.728174]],[[6.181099,50.728174],[6.181551,50.727986],[6.182305,50.727866],[6.182855,50.727871],[6.183358,50.727963]],[[6.180381,50.728545],[6.180576,50.728434]],[[6.17946,50.729514],[6.179712,50.729212]],[[6.179327,50.729915],[6.179331,50.729722],[6.179397,50.7296]],[[6.173787,50.734324],[6.173776,50.733951],[6.173824,50.733671],[6.174051,50.733416],[6.174321,50.733259]],[[6.179366,50.730201],[6.17936,50.730155]],[[6.179436,50.731329],[6.179458,50.731082]],[[6.180187,50.728692],[6.180381,50.728545]],[[6.179458,50.731082],[6.179366,50.730201]],[[6.17936,50.730155],[6.179327,50.729915]],[[6.173826,50.734768],[6.173787,50.734324]]]},"id":1177},{"type":"Feature","properties":{"id":"1jcobyx","name":"Ziegelweg","kind":"minor","district":"aachen-mitte","level":"aachen-mitte-31","importance":1084,"center":[6.107163,50.758664],"length":167},"geometry":{"type":"MultiLineString","coordinates":[[[6.107258,50.758949],[6.107642,50.75837]],[[6.107385,50.758735],[6.10694,50.758592],[6.106614,50.758418],[6.10636,50.758175]]]},"id":1178},{"type":"Feature","properties":{"id":"1jdlgow","name":"Aretzstraße","kind":"minor","district":"aachen-mitte","level":"aachen-mitte-17","importance":1238,"center":[6.102866,50.776366],"length":475},"geometry":{"type":"MultiLineString","coordinates":[[[6.102779,50.774932],[6.102878,50.776748]],[[6.102059,50.778643],[6.10285,50.777432]],[[6.102878,50.776748],[6.102886,50.777154]],[[6.102752,50.774473],[6.102779,50.774932]],[[6.10285,50.777432],[6.102886,50.777154]]]},"id":1179},{"type":"Feature","properties":{"id":"1jgqhmk","name":"Dr.-Bernhard-Klein-Straße","kind":"minor","district":"brand","level":"brand-2","importance":1536,"center":[6.151384,50.746618],"length":1072},"geometry":{"type":"MultiLineString","coordinates":[[[6.150447,50.74822],[6.150907,50.747723],[6.151098,50.747402],[6.151222,50.74702],[6.151252,50.746616],[6.151178,50.746188],[6.151029,50.745831],[6.150167,50.74476]],[[6.150433,50.745072],[6.151117,50.744782]],[[6.150668,50.745358],[6.15148,50.745111]],[[6.151029,50.745831],[6.15178,50.745583]],[[6.151252,50.746616],[6.151672,50.746603],[6.152196,50.746454]],[[6.151222,50.74702],[6.151896,50.747075],[6.152416,50.746938],[6.152619,50.747273],[6.152724,50.747324]],[[6.150907,50.747723],[6.152125,50.748069]],[[6.151098,50.747402],[6.15179,50.74754],[6.152193,50.747493],[6.152337,50.747543],[6.152512,50.747692]],[[6.151178,50.746188],[6.151393,50.746153],[6.15201,50.745956]]]},"id":1180},{"type":"Feature","properties":{"id":"1jmc8tn","name":"Pfeiferweg","kind":"minor","district":"kornelimuenster-walheim","level":"kornelimuenster-walheim-3","importance":1237,"center":[6.149083,50.692833],"length":474},"geometry":{"type":"MultiLineString","coordinates":[[[6.147404,50.694214],[6.149245,50.6927],[6.149395,50.692551],[6.149828,50.691664],[6.150493,50.691148]],[[6.146894,50.694698],[6.147404,50.694214]]]},"id":1181},{"type":"Feature","properties":{"id":"1jos6pf","name":"Horbacher Straße","kind":"major","district":"richterich","level":"richterich-1","importance":4000,"center":[6.045506,50.832909],"length":5231},"geometry":{"type":"MultiLineString","coordinates":[[[6.019043,50.846105],[6.018915,50.846232]],[[6.060097,50.809542],[6.060214,50.809449],[6.060513,50.809358]],[[6.059508,50.813353],[6.059698,50.813063],[6.059789,50.812709],[6.059368,50.811326],[6.059338,50.810822]],[[6.05714,50.817661],[6.057408,50.817227]],[[6.044499,50.83331],[6.04691,50.83233],[6.047322,50.832092]],[[6.044217,50.833459],[6.044499,50.83331]],[[6.051357,50.826791],[6.056462,50.818772]],[[6.057408,50.817227],[6.058024,50.816159],[6.058397,50.815621],[6.05852,50.81502],[6.058715,50.814472],[6.059508,50.813353]],[[6.056517,50.81868],[6.05714,50.817661]],[[6.037479,50.837528],[6.038729,50.836971]],[[6.040976,50.83597],[6.041476,50.835746],[6.041859,50.835512],[6.042639,50.834896]],[[6.022264,50.844321],[6.037479,50.837528]],[[6.049104,50.830514],[6.049416,50.830075],[6.051236,50.827038]],[[6.042639,50.834896],[6.043005,50.834526]],[[6.043005,50.834526],[6.043579,50.833909],[6.044217,50.833459]],[[6.059338,50.810822],[6.059457,50.810505]],[[6.019043,50.846105],[6.019592,50.845559]],[[6.020673,50.845031],[6.021109,50.844833]],[[6.039969,50.836424],[6.040976,50.83597]],[[6.04908,50.830545],[6.049104,50.830514]],[[6.020413,50.845146],[6.020673,50.845031]],[[6.056462,50.818772],[6.056517,50.81868]],[[6.038729,50.836971],[6.039512,50.836625]],[[6.059819,50.809922],[6.060097,50.809542]],[[6.019592,50.845559],[6.019954,50.845354]],[[6.019954,50.845354],[6.020413,50.845146]],[[6.039512,50.836625],[6.039969,50.836424]],[[6.021288,50.844754],[6.022264,50.844321]],[[6.021109,50.844833],[6.021288,50.844754]],[[6.051357,50.826791],[6.051236,50.827038]],[[6.047322,50.832092],[6.048316,50.831311],[6.04908,50.830545]]]},"id":1182},{"type":"Feature","properties":{"id":"1jpzvyk","name":"Helmertweg","kind":"path","district":"laurensberg","level":"laurensberg-9","importance":100,"center":[6.047015,50.777964],"length":201},"geometry":{"type":"LineString","coordinates":[[6.047025,50.778857],[6.047012,50.777523],[6.047398,50.77752],[6.047395,50.777292]]},"id":1183},{"type":"Feature","properties":{"id":"1jqitw3","name":"Auf dem Knopp","kind":"minor","district":"kornelimuenster-walheim","level":"kornelimuenster-walheim-4","importance":1067,"center":[6.17918,50.70946],"length":135},"geometry":{"type":"MultiLineString","coordinates":[[[6.178602,50.709857],[6.17912,50.709463],[6.179382,50.709423],[6.179472,50.709505],[6.179412,50.709541],[6.179339,50.709527],[6.179241,50.709457]],[[6.179461,50.709465],[6.179596,50.709372],[6.179601,50.709272]]]},"id":1184},{"type":"Feature","properties":{"id":"1jqrrjp","name":"Am Sandhäuschen","kind":"minor","district":"laurensberg","level":"laurensberg-6","importance":1127,"center":[6.050458,50.801854],"length":253},"geometry":{"type":"MultiLineString","coordinates":[[[6.051341,50.80204],[6.05094,50.801929],[6.051314,50.801385]],[[6.051341,50.80204],[6.051461,50.802076]],[[6.050281,50.801802],[6.050192,50.801738],[6.049905,50.801658]],[[6.049536,50.801536],[6.04956,50.801621],[6.0497,50.801704],[6.050281,50.801802],[6.050635,50.801905],[6.050767,50.801888],[6.05094,50.801929]]]},"id":1185},{"type":"Feature","properties":{"id":"1jrmyks","name":"Charles-de-Coster-Straße","kind":"minor","district":"aachen-mitte","level":"aachen-mitte-24","importance":1043,"center":[6.057329,50.763782],"length":85},"geometry":{"type":"LineString","coordinates":[[6.057921,50.763603],[6.057432,50.763767],[6.056804,50.763881]]},"id":1186},{"type":"Feature","properties":{"id":"1jt5akb","name":"St. Gangolfsberg","kind":"minor","district":"kornelimuenster-walheim","level":"kornelimuenster-walheim-7","importance":1233,"center":[6.179552,50.727561],"length":466},"geometry":{"type":"MultiLineString","coordinates":[[[6.180281,50.725165],[6.180277,50.725452],[6.180099,50.726062]],[[6.178979,50.728616],[6.178514,50.729159]],[[6.179323,50.728118],[6.179179,50.728355]],[[6.179179,50.728355],[6.178979,50.728616]],[[6.179946,50.726492],[6.179323,50.728118]],[[6.180099,50.726062],[6.179946,50.726492]]]},"id":1187},{"type":"Feature","properties":{"id":"1ju5kg4","name":"Im Winkel","kind":"minor","district":"kornelimuenster-walheim","level":"kornelimuenster-walheim-4","importance":1099,"center":[6.180332,50.706238],"length":198},"geometry":{"type":"MultiLineString","coordinates":[[[6.180013,50.706147],[6.181043,50.706415]],[[6.180277,50.70561],[6.180086,50.706015]],[[6.180086,50.706015],[6.17971,50.70662]]]},"id":1188},{"type":"Feature","properties":{"id":"1juxcer","name":"Simpelvelder Straße","kind":"minor","district":"aachen-mitte","level":"aachen-mitte-24","importance":1158,"center":[6.054811,50.772736],"length":316},"geometry":{"type":"LineString","coordinates":[[6.053749,50.773942],[6.054317,50.773237],[6.055448,50.772122],[6.055549,50.772087],[6.05568,50.772098],[6.056471,50.772359]]},"id":1189},{"type":"Feature","properties":{"id":"1jw8jrt","name":"Stolberger Straße","kind":"major","district":"aachen-mitte","level":"aachen-mitte-7","importance":3849,"center":[6.115847,50.777012],"length":1698},"geometry":{"type":"MultiLineString","coordinates":[[[6.107605,50.774783],[6.10698,50.774644]],[[6.114762,50.777237],[6.115014,50.777181]],[[6.107605,50.774783],[6.109321,50.775367],[6.110313,50.775652]],[[6.107042,50.774565],[6.107605,50.774783]],[[6.106742,50.774468],[6.107042,50.774565]],[[6.125171,50.776082],[6.125326,50.7761],[6.125565,50.77606],[6.125774,50.7761]],[[6.121106,50.776437],[6.121835,50.776636],[6.122027,50.776639],[6.123948,50.776341]],[[6.10698,50.774644],[6.106514,50.774547],[6.10622,50.774435]],[[6.111465,50.77598],[6.11212,50.776204]],[[6.122027,50.776639],[6.122115,50.776851],[6.122274,50.776974],[6.122571,50.777109],[6.122712,50.777413]],[[6.11212,50.776204],[6.112719,50.776436]],[[6.110313,50.775652],[6.111111,50.775878]],[[6.114118,50.776989],[6.114401,50.777098]],[[6.12055,50.776288],[6.121106,50.776437]],[[6.116786,50.776816],[6.118647,50.776514],[6.119345,50.776357]],[[6.115602,50.777061],[6.116091,50.776963]],[[6.115279,50.777127],[6.115222,50.777224],[6.115213,50.777411]],[[6.113765,50.776851],[6.114118,50.776989]],[[6.112719,50.776436],[6.113045,50.776568]],[[6.113045,50.776568],[6.113765,50.776851]],[[6.111111,50.775878],[6.111465,50.77598]],[[6.119345,50.776357],[6.119988,50.776206]],[[6.116091,50.776963],[6.116786,50.776816]],[[6.115014,50.777181],[6.115279,50.777127]],[[6.119988,50.776206],[6.120175,50.776193],[6.120365,50.776241]],[[6.120365,50.776241],[6.12055,50.776288]],[[6.115279,50.777127],[6.115602,50.777061]],[[6.123948,50.776341],[6.12504,50.776153],[6.125171,50.776082]],[[6.114401,50.777098],[6.114762,50.777237]]]},"id":1190},{"type":"Feature","properties":{"id":"1jxuoxv","name":"Prämienstraße","kind":"major","district":"kornelimuenster-walheim","level":"kornelimuenster-walheim-1","importance":3458,"center":[6.175941,50.704241],"length":917},"geometry":{"type":"MultiLineString","coordinates":[[[6.175512,50.704091],[6.176759,50.704512],[6.181764,50.706087],[6.181908,50.706056]],[[6.170276,50.70394],[6.170747,50.70394],[6.173224,50.703747],[6.173886,50.70374],[6.174754,50.703853],[6.175512,50.704091]],[[6.169777,50.703927],[6.170276,50.70394]]]},"id":1191},{"type":"Feature","properties":{"id":"1jyv6r1","name":"Wilhelm-Ziemons-Straße","kind":"minor","district":"brand","level":"brand-4","importance":1401,"center":[6.155125,50.744604],"length":801},"geometry":{"type":"MultiLineString","coordinates":[[[6.153076,50.743032],[6.153303,50.743342]],[[6.153989,50.744036],[6.15454,50.743806]],[[6.153303,50.743342],[6.153927,50.743997],[6.154359,50.744268],[6.155581,50.744789],[6.156077,50.745038],[6.156434,50.745265],[6.156933,50.745726],[6.157261,50.746221]],[[6.157343,50.746348],[6.157974,50.746496]],[[6.154472,50.744322],[6.154943,50.744053]],[[6.155259,50.744974],[6.155581,50.744789]],[[6.155214,50.74464],[6.154932,50.744811]],[[6.15335,50.743398],[6.154169,50.743141]],[[6.153661,50.743738],[6.154308,50.743484]],[[6.157261,50.746221],[6.157343,50.746348]]]},"id":1192},{"type":"Feature","properties":{"id":"1k9eljw","name":"Ringfahrbahn Süd","kind":"major","district":"laurensberg","level":"laurensberg-1","importance":3109,"center":[6.047635,50.773335],"length":218},"geometry":{"type":"MultiLineString","coordinates":[[[6.047856,50.773124],[6.048012,50.773109],[6.048131,50.773157],[6.048178,50.773276],[6.048114,50.773353]],[[6.047332,50.773783],[6.047296,50.773684]],[[6.047419,50.77384],[6.047332,50.773783]],[[6.047622,50.77383],[6.047419,50.77384]],[[6.047296,50.773684],[6.047558,50.773414]],[[6.047558,50.773414],[6.047856,50.773124]],[[6.048114,50.773353],[6.047622,50.77383]]]},"id":1193},{"type":"Feature","properties":{"id":"1k9whwn","name":"Sackgasse","kind":"path","district":"haaren","level":"haaren-5","importance":72,"center":[6.127808,50.798739],"length":144},"geometry":{"type":"LineString","coordinates":[[6.126904,50.798483],[6.127059,50.798453],[6.127354,50.798582],[6.127656,50.798652],[6.128146,50.798896],[6.128287,50.798998],[6.127998,50.799146]]},"id":1194},{"type":"Feature","properties":{"id":"1kbw8r9","name":"Pascalstraße","kind":"major","district":"kornelimuenster-walheim","level":"kornelimuenster-walheim-1","importance":3683,"center":[6.143553,50.7131],"length":1366},"geometry":{"type":"MultiLineString","coordinates":[[[6.145491,50.714494],[6.144621,50.714852],[6.144071,50.714995],[6.143608,50.715057],[6.142666,50.715036]],[[6.138199,50.711091],[6.138951,50.711413],[6.139984,50.711935],[6.140628,50.712217]],[[6.141579,50.712525],[6.143177,50.712955],[6.143814,50.713215],[6.144225,50.713434],[6.144883,50.713902],[6.145992,50.715]],[[6.145992,50.715],[6.146749,50.715759],[6.147193,50.71615],[6.147749,50.716541],[6.148143,50.716769]],[[6.141394,50.712474],[6.141579,50.712525]],[[6.140628,50.712217],[6.141394,50.712474]],[[6.137614,50.710845],[6.138199,50.711091]],[[6.142666,50.715036],[6.140918,50.714922],[6.140739,50.714959]]]},"id":1195},{"type":"Feature","properties":{"id":"1kd06th","name":"Lindenstraße","kind":"minor","district":"eilendorf","level":"eilendorf-2","importance":1341,"center":[6.157397,50.775164],"length":682},"geometry":{"type":"MultiLineString","coordinates":[[[6.158579,50.777596],[6.158798,50.777374],[6.158804,50.777282],[6.158414,50.776501],[6.157892,50.775689],[6.157102,50.774862],[6.156405,50.773967],[6.155404,50.772387],[6.155328,50.772324]],[[6.158798,50.777374],[6.158888,50.777444],[6.158995,50.777681]]]},"id":1196},{"type":"Feature","properties":{"id":"1kfb11d","name":"Hermann-Heusch-Platz","kind":"square","district":"aachen-mitte","level":"aachen-mitte-2","importance":3000,"center":[6.080366,50.773615],"length":0},"geometry":{"type":"Polygon","coordinates":[[[6.081027,50.773854],[6.080811,50.774028],[6.080719,50.773967],[6.080669,50.773982],[6.08048,50.773842],[6.080515,50.773823],[6.080485,50.773802],[6.080458,50.773816],[6.0804,50.773773],[6.080428,50.773758],[6.080398,50.773736],[6.080371,50.773751],[6.080313,50.773708],[6.080341,50.773692],[6.080312,50.773671],[6.080284,50.773685],[6.080135,50.773576],[6.080165,50.773561],[6.080151,50.77355],[6.080137,50.77354],[6.080108,50.773555],[6.080073,50.773529],[6.080081,50.773484],[6.079833,50.773481],[6.079818,50.773252],[6.080455,50.77324],[6.080482,50.773256],[6.080502,50.773316],[6.080317,50.773436],[6.08044,50.773511],[6.080459,50.773498],[6.081027,50.773854]]]},"id":1197},{"type":"Feature","properties":{"id":"1kfu7pk","name":"Nirmer Platz","kind":"major","district":"eilendorf","level":"eilendorf-1","importance":3113,"center":[6.155359,50.787313],"length":226},"geometry":{"type":"MultiLineString","coordinates":[[[6.156115,50.787036],[6.155714,50.787083],[6.155471,50.787194],[6.154917,50.787794]],[[6.15551,50.788084],[6.155997,50.78741],[6.156169,50.787322]]]},"id":1198},{"type":"Feature","properties":{"id":"1ki5m7c","name":"In Jenem End","kind":"minor","district":"kornelimuenster-walheim","level":"kornelimuenster-walheim-4","importance":1025,"center":[6.179621,50.711496],"length":50},"geometry":{"type":"LineString","coordinates":[[6.179508,50.711653],[6.179733,50.711339],[6.17958,50.711295]]},"id":1199},{"type":"Feature","properties":{"id":"1kjfaow","name":"Am Bayerhaus","kind":"minor","district":"eilendorf","level":"eilendorf-5","importance":1332,"center":[6.178172,50.780455],"length":664},"geometry":{"type":"MultiLineString","coordinates":[[[6.180945,50.778028],[6.181028,50.778205]],[[6.177821,50.780589],[6.176546,50.780909]],[[6.176546,50.780909],[6.175313,50.781416],[6.174593,50.781781],[6.174381,50.781927]],[[6.17852,50.780187],[6.178255,50.780409],[6.178089,50.780501],[6.177821,50.780589]],[[6.181028,50.778205],[6.181006,50.778276],[6.180599,50.778447],[6.179413,50.779155],[6.178864,50.779697],[6.17852,50.780187]]]},"id":1200},{"type":"Feature","properties":{"id":"1kkd9t0","name":"Kohlscheider Straße","kind":"major","district":"laurensberg","level":"laurensberg-2","importance":4000,"center":[6.074505,50.800584],"length":5841},"geometry":{"type":"MultiLineString","coordinates":[[[6.069064,50.787753],[6.068508,50.788348],[6.068288,50.788757],[6.068178,50.789161]],[[6.075715,50.805853],[6.075704,50.805452]],[[6.075865,50.805886],[6.075718,50.806581]],[[6.074929,50.808163],[6.075359,50.807221],[6.075572,50.80663]],[[6.075695,50.804226],[6.075826,50.804826]],[[6.075564,50.803804],[6.075695,50.804226]],[[6.075509,50.804254],[6.075375,50.80383]],[[6.075375,50.80383],[6.075062,50.802882]],[[6.068163,50.789305],[6.068235,50.789962]],[[6.075227,50.802859],[6.075564,50.803804]],[[6.075062,50.802882],[6.074993,50.802667]],[[6.068654,50.816883],[6.068648,50.816605]],[[6.074564,50.797838],[6.074583,50.799911]],[[6.074993,50.802667],[6.074623,50.801287],[6.074474,50.800369],[6.074406,50.799366],[6.074398,50.797038]],[[6.069593,50.792016],[6.069227,50.791718]],[[6.069709,50.814675],[6.071715,50.812611],[6.072441,50.811796],[6.073532,50.810352],[6.074239,50.8093],[6.074929,50.808163]],[[6.074583,50.799911],[6.074769,50.801276],[6.075006,50.802204]],[[6.06824,50.790434],[6.068074,50.789924],[6.068018,50.789308]],[[6.072055,50.793387],[6.070151,50.792373],[6.069593,50.792016]],[[6.068831,50.815868],[6.069172,50.815301],[6.069709,50.814675]],[[6.075704,50.805452],[6.075622,50.804726],[6.075509,50.804254]],[[6.075006,50.802204],[6.075227,50.802859]],[[6.075718,50.806581],[6.075477,50.807236],[6.075071,50.808022],[6.074929,50.808163]],[[6.068018,50.789308],[6.068113,50.788819]],[[6.074398,50.797038],[6.074272,50.796189],[6.073967,50.795341]],[[6.073967,50.795341],[6.073644,50.794798],[6.07317,50.794237],[6.072692,50.793824],[6.072055,50.793387]],[[6.075826,50.804826],[6.075873,50.805276],[6.075865,50.805886]],[[6.075572,50.80663],[6.075652,50.806267]],[[6.075652,50.806267],[6.075712,50.80592]],[[6.068305,50.790199],[6.068499,50.790628],[6.068743,50.79102],[6.069001,50.791329],[6.06941,50.791724],[6.070247,50.7923],[6.072221,50.793344],[6.072555,50.793564],[6.073118,50.794012],[6.073499,50.794388],[6.074053,50.79519],[6.074346,50.795903],[6.074521,50.796745],[6.074564,50.797838]],[[6.068235,50.789962],[6.068305,50.790199]],[[6.068178,50.789161],[6.068163,50.789305]],[[6.068599,50.791069],[6.06824,50.790434]],[[6.069227,50.791718],[6.068599,50.791069]],[[6.068708,50.816227],[6.068831,50.815868]],[[6.068648,50.816605],[6.068708,50.816227]],[[6.075712,50.80592],[6.075715,50.805853]]]},"id":1201},{"type":"Feature","properties":{"id":"1kp0uxs","name":"Gewerbepark Brand","kind":"minor","district":"brand","level":"brand-3","importance":1979,"center":[6.162058,50.759249],"length":1958},"geometry":{"type":"MultiLineString","coordinates":[[[6.159566,50.762433],[6.160068,50.7621]],[[6.160131,50.762067],[6.160454,50.761954],[6.16094,50.761844],[6.161313,50.761618]],[[6.160031,50.756322],[6.160681,50.756065]],[[6.164296,50.76024],[6.164095,50.760419]],[[6.164559,50.760352],[6.161234,50.758859],[6.160021,50.758137],[6.159903,50.757999],[6.159921,50.757902],[6.159979,50.757853],[6.161457,50.75726],[6.161723,50.75725],[6.1618,50.757283],[6.162585,50.758097],[6.163685,50.758974],[6.163714,50.759062]],[[6.16107,50.757406],[6.159747,50.756048]],[[6.162109,50.760205],[6.162177,50.760128]],[[6.162177,50.760128],[6.162486,50.759844],[6.163112,50.759374],[6.163534,50.759114],[6.163714,50.759062]],[[6.1618,50.757283],[6.162383,50.757041],[6.162393,50.756962],[6.162211,50.756725]],[[6.163714,50.759062],[6.163875,50.759106],[6.164213,50.759316],[6.165366,50.759918],[6.16596,50.760148]],[[6.161313,50.761618],[6.161546,50.761401]],[[6.161546,50.761401],[6.161837,50.761102],[6.161956,50.760868],[6.161987,50.760685]],[[6.158892,50.762894],[6.159566,50.762433]],[[6.16596,50.760148],[6.166124,50.760193],[6.166263,50.760175]],[[6.161987,50.760685],[6.162026,50.76032],[6.162109,50.760205]]]},"id":1202},{"type":"Feature","properties":{"id":"1kp6oq5","name":"Burghöhenweg","kind":"minor","district":"haaren","level":"haaren-4","importance":1118,"center":[6.125784,50.799171],"length":236},"geometry":{"type":"LineString","coordinates":[[6.126694,50.799855],[6.125162,50.798703],[6.125064,50.798671],[6.124898,50.798691],[6.124419,50.799007]]},"id":1203},{"type":"Feature","properties":{"id":"1kpip7j","name":"Hergelsmühlenweg","kind":"minor","district":"haaren","level":"haaren-4","importance":1056,"center":[6.121193,50.798075],"length":112},"geometry":{"type":"MultiLineString","coordinates":[[[6.121513,50.798375],[6.120872,50.797775]],[[6.120953,50.797731],[6.120872,50.797775],[6.120692,50.79759]]]},"id":1204},{"type":"Feature","properties":{"id":"1kvpblr","name":"Dr.-Vitus-Metz-Straße","kind":"minor","district":"aachen-mitte","level":"aachen-mitte-12","importance":1031,"center":[6.078014,50.772988],"length":62},"geometry":{"type":"MultiLineString","coordinates":[[[6.078119,50.773248],[6.077854,50.773019],[6.078154,50.77297]],[[6.078154,50.77297],[6.078272,50.772954]]]},"id":1205},{"type":"Feature","properties":{"id":"1kwipr0","name":"Scheurenstraße","kind":"minor","district":"aachen-mitte","level":"aachen-mitte-27","importance":1053,"center":[6.073096,50.755104],"length":105},"geometry":{"type":"LineString","coordinates":[[6.072759,50.755327],[6.072859,50.755284],[6.073761,50.754629]]},"id":1206},{"type":"Feature","properties":{"id":"1kwzm8p","name":"Katharinenstraße","kind":"minor","district":"aachen-mitte","level":"aachen-mitte-37","importance":1119,"center":[6.142636,50.77647],"length":239},"geometry":{"type":"MultiLineString","coordinates":[[[6.142293,50.776768],[6.142091,50.776669],[6.141756,50.776602],[6.141402,50.776467]],[[6.143587,50.775664],[6.142176,50.77687]]]},"id":1207},{"type":"Feature","properties":{"id":"1kx4cb4","name":"Am Weyenberg","kind":"minor","district":"laurensberg","level":"laurensberg-3","importance":1064,"center":[6.053727,50.797331],"length":129},"geometry":{"type":"LineString","coordinates":[[6.053941,50.797831],[6.053883,50.797827],[6.053713,50.797278],[6.053462,50.796903],[6.053429,50.796751]]},"id":1208},{"type":"Feature","properties":{"id":"1kx9g8w","name":"An der Kapelle","kind":"minor","district":"aachen-mitte","level":"aachen-mitte-34","importance":1208,"center":[6.124568,50.746522],"length":416},"geometry":{"type":"MultiLineString","coordinates":[[[6.125562,50.745744],[6.123844,50.746313]],[[6.123844,50.746313],[6.125854,50.746879],[6.126362,50.746981],[6.1265,50.746971]],[[6.123844,50.746313],[6.122855,50.746616]]]},"id":1209},{"type":"Feature","properties":{"id":"1kydmg9","name":"Rohrbergweg","kind":"minor","district":"laurensberg","level":"laurensberg-3","importance":1394,"center":[6.039248,50.791006],"length":788},"geometry":{"type":"MultiLineString","coordinates":[[[6.034482,50.791619],[6.035113,50.791563],[6.035679,50.791459],[6.036838,50.791157],[6.037165,50.790958],[6.037537,50.790835],[6.038114,50.790755],[6.038604,50.790803],[6.038961,50.790897],[6.039339,50.791045],[6.039677,50.791236]],[[6.039677,50.791236],[6.040436,50.791578],[6.040486,50.792063],[6.04066,50.792515],[6.040988,50.793106],[6.041141,50.794401]]]},"id":1210},{"type":"Feature","properties":{"id":"1kyt9me","name":"Am Schönauer Hang","kind":"minor","district":"richterich","level":"richterich-4","importance":1029,"center":[6.068155,50.812232],"length":57},"geometry":{"type":"LineString","coordinates":[[6.067809,50.812029],[6.068419,50.812368]]},"id":1211},{"type":"Feature","properties":{"id":"1kzypa7","name":"Krauthausener Heide","kind":"path","district":"brand","level":"brand-7","importance":56,"center":[6.191766,50.744778],"length":113},"geometry":{"type":"LineString","coordinates":[[6.192076,50.744405],[6.192064,50.744519],[6.191981,50.744639],[6.19109,50.745161]]},"id":1212},{"type":"Feature","properties":{"id":"1l1k9eu","name":"Martinusstraße","kind":"minor","district":"richterich","level":"richterich-3","importance":1137,"center":[6.060225,50.815401],"length":273},"geometry":{"type":"LineString","coordinates":[[6.05848,50.815178],[6.059705,50.815263],[6.060159,50.815378],[6.060485,50.815528],[6.060752,50.81573],[6.060946,50.815991],[6.061002,50.816264],[6.060933,50.816542]]},"id":1213},{"type":"Feature","properties":{"id":"1l1kpxl","name":"Schievenhövel","kind":"minor","district":"aachen-mitte","level":"aachen-mitte-35","importance":1099,"center":[6.035532,50.721607],"length":198},"geometry":{"type":"LineString","coordinates":[[6.036872,50.721732],[6.03578,50.721659],[6.03559,50.721611],[6.035293,50.721634],[6.035006,50.721605],[6.034835,50.721569],[6.034263,50.721289]]},"id":1214},{"type":"Feature","properties":{"id":"1l4uh8d","name":"Maria-Lipp-Straße","kind":"minor","district":"laurensberg","level":"laurensberg-3","importance":1070,"center":[6.043436,50.786537],"length":141},"geometry":{"type":"LineString","coordinates":[[6.042029,50.786539],[6.043813,50.786537],[6.044024,50.786497]]},"id":1215},{"type":"Feature","properties":{"id":"1l6t2rt","name":"Rollefbachweg","kind":"path","district":"brand","level":"brand-7","importance":213,"center":[6.173007,50.740997],"length":426},"geometry":{"type":"MultiLineString","coordinates":[[[6.174893,50.739596],[6.174673,50.739634],[6.173855,50.740156],[6.173476,50.740482],[6.172774,50.741263],[6.172674,50.741309],[6.172567,50.741316],[6.17139,50.741157]],[[6.17139,50.741157],[6.17098,50.741154],[6.170705,50.741203]],[[6.170705,50.741203],[6.170593,50.741272]],[[6.170593,50.741272],[6.170452,50.741453]]]},"id":1216},{"type":"Feature","properties":{"id":"1l7yy5r","name":"Pannesheider Straße","kind":"path","district":"richterich","level":"richterich-5","importance":201,"center":[6.059436,50.850551],"length":401},"geometry":{"type":"MultiLineString","coordinates":[[[6.05673,50.851028],[6.057212,50.851014]],[[6.057212,50.851014],[6.057662,50.85098],[6.058626,50.850827],[6.059809,50.850441],[6.060877,50.850314],[6.062094,50.849927]]]},"id":1217},{"type":"Feature","properties":{"id":"1l9s8eu","name":"Mühlenweidweg","kind":"minor","district":"eilendorf","level":"eilendorf-4","importance":1079,"center":[6.155399,50.786738],"length":158},"geometry":{"type":"MultiLineString","coordinates":[[[6.155544,50.787148],[6.155352,50.786883],[6.155445,50.786593]],[[6.154838,50.786729],[6.155352,50.786883]],[[6.155445,50.786593],[6.155568,50.786128]]]},"id":1218},{"type":"Feature","properties":{"id":"1ldzfdr","name":"Schmithofer Straße","kind":"major","district":"kornelimuenster-walheim","level":"kornelimuenster-walheim-1","importance":4000,"center":[6.167264,50.697923],"length":2129},"geometry":{"type":"MultiLineString","coordinates":[[[6.159073,50.691877],[6.159639,50.691977],[6.160235,50.692129],[6.161601,50.692538],[6.162336,50.692806]],[[6.162336,50.692806],[6.161964,50.693332],[6.16191,50.69356],[6.161951,50.693754],[6.162199,50.694047],[6.162543,50.69431],[6.163276,50.694529],[6.163534,50.69468],[6.164723,50.69577],[6.166479,50.697139],[6.166845,50.69748],[6.168757,50.699515],[6.171307,50.701543],[6.171506,50.701669]],[[6.171506,50.701669],[6.172025,50.701938],[6.172998,50.702246],[6.173997,50.702657],[6.175797,50.703182],[6.17593,50.70326],[6.175989,50.703378],[6.175974,50.703484],[6.175512,50.704091]],[[6.171307,50.701543],[6.172012,50.700892]],[[6.162941,50.694433],[6.162816,50.694515],[6.161775,50.694903]]]},"id":1219},{"type":"Feature","properties":{"id":"1le0mj9","name":"Triftweg","kind":"minor","district":"kornelimuenster-walheim","level":"kornelimuenster-walheim-3","importance":1080,"center":[6.142755,50.686032],"length":160},"geometry":{"type":"LineString","coordinates":[[6.142326,50.686866],[6.143052,50.685504]]},"id":1220},{"type":"Feature","properties":{"id":"1lep9gk","name":"Großkölnstraße","kind":"minor","district":"aachen-mitte","level":"aachen-mitte-11","importance":1175,"center":[6.086232,50.77736],"length":349},"geometry":{"type":"MultiLineString","coordinates":[[[6.084555,50.777006],[6.086586,50.777429],[6.087669,50.777748],[6.088006,50.777929],[6.088135,50.777967]],[[6.084119,50.776833],[6.084555,50.777006]],[[6.086282,50.777161],[6.086563,50.777363],[6.086586,50.777429]]]},"id":1221},{"type":"Feature","properties":{"id":"1lewn6c","name":"Pippinstraße","kind":"minor","district":"aachen-mitte","level":"aachen-mitte-15","importance":1069,"center":[6.091788,50.783578],"length":138},"geometry":{"type":"LineString","coordinates":[[6.090976,50.783916],[6.091592,50.783625],[6.091984,50.783531],[6.092375,50.783489],[6.09275,50.783504]]},"id":1222},{"type":"Feature","properties":{"id":"1lhm5si","name":"Am Kaninsberg","kind":"minor","district":"haaren","level":"haaren-4","importance":1089,"center":[6.131139,50.801514],"length":179},"geometry":{"type":"LineString","coordinates":[[6.132019,50.801561],[6.131832,50.801687],[6.131768,50.801696],[6.130492,50.801328],[6.129803,50.801574]]},"id":1223},{"type":"Feature","properties":{"id":"1lhtfd4","name":"Arnoldstraße","kind":"minor","district":"aachen-mitte","level":"aachen-mitte-36","importance":1118,"center":[6.137659,50.758015],"length":236},"geometry":{"type":"LineString","coordinates":[[6.136501,50.757314],[6.137958,50.758211],[6.138767,50.758869]]},"id":1224},{"type":"Feature","properties":{"id":"1ljqi84","name":"Bahnesweg","kind":"minor","district":"kornelimuenster-walheim","level":"kornelimuenster-walheim-6","importance":1163,"center":[6.157294,50.719107],"length":326},"geometry":{"type":"MultiLineString","coordinates":[[[6.158599,50.719539],[6.155953,50.718165]],[[6.157126,50.719263],[6.157462,50.71895]],[[6.158206,50.719335],[6.157706,50.71956]]]},"id":1225},{"type":"Feature","properties":{"id":"1ljy3hg","name":"Schönauer Friede","kind":"minor","district":"richterich","level":"richterich-4","importance":1540,"center":[6.068594,50.814168],"length":1081},"geometry":{"type":"MultiLineString","coordinates":[[[6.070493,50.813588],[6.070081,50.813371],[6.069101,50.812731]],[[6.069945,50.813283],[6.070517,50.812939]],[[6.070081,50.813371],[6.069274,50.813862]],[[6.069205,50.81391],[6.069382,50.814031],[6.069461,50.814023]],[[6.068474,50.815023],[6.068914,50.814569],[6.067939,50.813921]],[[6.0668,50.816099],[6.066409,50.815817]],[[6.066016,50.816055],[6.066321,50.815872]],[[6.066771,50.815291],[6.066684,50.815345],[6.066902,50.815488]],[[6.069127,50.813866],[6.067003,50.815146]],[[6.066902,50.815488],[6.067759,50.815419],[6.068115,50.815194]],[[6.069194,50.813817],[6.068602,50.813413]],[[6.068602,50.813413],[6.06843,50.813287]],[[6.069461,50.814023],[6.069857,50.814161]],[[6.066535,50.815743],[6.066902,50.815488]],[[6.070517,50.812939],[6.070818,50.813118]],[[6.066321,50.815872],[6.066535,50.815743]],[[6.067003,50.815146],[6.066771,50.815291]]]},"id":1226},{"type":"Feature","properties":{"id":"1lk7gm1","name":"Klara-Fey-Straße","kind":"minor","district":"aachen-mitte","level":"aachen-mitte-25","importance":1132,"center":[6.098313,50.758828],"length":264},"geometry":{"type":"LineString","coordinates":[[6.099713,50.759357],[6.097216,50.758432],[6.096728,50.758229],[6.096613,50.758071]]},"id":1227},{"type":"Feature","properties":{"id":"1lmhmj2","name":"Am Alten Kloster","kind":"path","district":"haaren","level":"haaren-5","importance":29,"center":[6.129222,50.800501],"length":58},"geometry":{"type":"LineString","coordinates":[[6.129531,50.80033],[6.128908,50.800677]]},"id":1228},{"type":"Feature","properties":{"id":"1lnyf40","name":"Am Hügel","kind":"minor","district":"aachen-mitte","level":"aachen-mitte-18","importance":1112,"center":[6.062933,50.775507],"length":224},"geometry":{"type":"LineString","coordinates":[[6.06235,50.774968],[6.062343,50.77513],[6.064289,50.776376],[6.064354,50.776462]]},"id":1229},{"type":"Feature","properties":{"id":"1lo2irc","name":"Auf der Heide","kind":"minor","district":"kornelimuenster-walheim","level":"kornelimuenster-walheim-6","importance":1066,"center":[6.155761,50.718856],"length":133},"geometry":{"type":"LineString","coordinates":[[6.155264,50.719353],[6.155938,50.718694],[6.156387,50.718404]]},"id":1230},{"type":"Feature","properties":{"id":"1logt13","name":"Hanns-Bolz-Straße","kind":"minor","district":"kornelimuenster-walheim","level":"kornelimuenster-walheim-8","importance":1141,"center":[6.169475,50.728615],"length":282},"geometry":{"type":"LineString","coordinates":[[6.169374,50.729961],[6.169344,50.729408],[6.169379,50.728695],[6.17021,50.728003],[6.170664,50.727721]]},"id":1231},{"type":"Feature","properties":{"id":"1lqbrvo","name":"Niersteiner Weg","kind":"minor","district":"laurensberg","level":"laurensberg-6","importance":1186,"center":[6.047915,50.807638],"length":372},"geometry":{"type":"LineString","coordinates":[[6.045194,50.808043],[6.045392,50.808034],[6.046259,50.807761],[6.047232,50.807657],[6.048486,50.807623],[6.050048,50.808288]]},"id":1232},{"type":"Feature","properties":{"id":"1lsy3lt","name":"Indeweg","kind":"minor","district":"brand","level":"brand-6","importance":1347,"center":[6.177856,50.742591],"length":695},"geometry":{"type":"MultiLineString","coordinates":[[[6.176012,50.743102],[6.176063,50.743152]],[[6.17376,50.742894],[6.174056,50.742891],[6.174535,50.742771],[6.174926,50.742766],[6.175564,50.742905],[6.176012,50.743102]],[[6.176208,50.743194],[6.176433,50.743222],[6.176605,50.743175],[6.177766,50.742632]],[[6.179288,50.741901],[6.179414,50.74184]],[[6.179414,50.74184],[6.179524,50.741814],[6.179629,50.741891],[6.179761,50.742098],[6.180162,50.742427],[6.180201,50.742507]],[[6.179462,50.741821],[6.179201,50.741651],[6.17931,50.74153],[6.179303,50.741469],[6.17901,50.741146],[6.179018,50.741039],[6.179093,50.740996],[6.179209,50.741015],[6.179288,50.741101]],[[6.177766,50.742632],[6.179288,50.741901]],[[6.176063,50.743152],[6.176208,50.743194]]]},"id":1233},{"type":"Feature","properties":{"id":"1lt9jir","name":"Viehhofstraße","kind":"major","district":"aachen-mitte","level":"aachen-mitte-5","importance":3174,"center":[6.09528,50.761702],"length":348},"geometry":{"type":"MultiLineString","coordinates":[[[6.093222,50.76094],[6.095192,50.761664]],[[6.096237,50.762225],[6.096505,50.76232],[6.09677,50.762359]],[[6.095192,50.761664],[6.095368,50.761739]],[[6.095368,50.761739],[6.096237,50.762225]],[[6.096784,50.762466],[6.096446,50.762389]],[[6.096446,50.762389],[6.096274,50.762286],[6.096237,50.762225]]]},"id":1234},{"type":"Feature","properties":{"id":"1lutmnn","name":"Deltourserb","kind":"path","district":"brand","level":"brand-7","importance":775,"center":[6.175965,50.774259],"length":1550},"geometry":{"type":"MultiLineString","coordinates":[[[6.183906,50.776918],[6.183598,50.776594],[6.183364,50.776474],[6.177681,50.774769]],[[6.175128,50.77401],[6.172865,50.777277]],[[6.171595,50.773017],[6.170796,50.774068],[6.170684,50.774095],[6.170558,50.774086],[6.169253,50.773759]],[[6.176801,50.774509],[6.172988,50.773369],[6.171595,50.773017]]]},"id":1235},{"type":"Feature","properties":{"id":"1lyi4hv","name":"Kostromastraße","kind":"minor","district":"aachen-mitte","level":"aachen-mitte-34","importance":1122,"center":[6.13555,50.750986],"length":243},"geometry":{"type":"LineString","coordinates":[[6.136349,50.75185],[6.136015,50.751427],[6.135437,50.750861],[6.134401,50.750057]]},"id":1236},{"type":"Feature","properties":{"id":"1lzwtub","name":"Lehnsherrenstraße","kind":"minor","district":"richterich","level":"richterich-2","importance":1145,"center":[6.048379,50.835289],"length":291},"geometry":{"type":"MultiLineString","coordinates":[[[6.050062,50.834648],[6.049074,50.834985]],[[6.047901,50.835555],[6.047401,50.83584],[6.046886,50.836275]],[[6.048,50.835492],[6.047901,50.835555]],[[6.049074,50.834985],[6.048668,50.835138],[6.048,50.835492]]]},"id":1237},{"type":"Feature","properties":{"id":"1m4h0pk","name":"Akazienstraße","kind":"minor","district":"haaren","level":"haaren-3","importance":1200,"center":[6.129191,50.794561],"length":400},"geometry":{"type":"MultiLineString","coordinates":[[[6.132,50.794655],[6.130321,50.79471],[6.129661,50.794677],[6.129378,50.794614]],[[6.126902,50.793315],[6.128353,50.794201]],[[6.129203,50.794565],[6.12857,50.794324],[6.128353,50.794201]]]},"id":1238},{"type":"Feature","properties":{"id":"1m4oubh","name":"Marientalweg","kind":"minor","district":"kornelimuenster-walheim","level":"kornelimuenster-walheim-3","importance":1312,"center":[6.143484,50.692548],"length":624},"geometry":{"type":"MultiLineString","coordinates":[[[6.140363,50.691206],[6.140716,50.691508]],[[6.140716,50.691508],[6.140904,50.691657]],[[6.140904,50.691657],[6.141465,50.692147],[6.141847,50.692027],[6.141957,50.692018],[6.142903,50.692333],[6.145039,50.693139],[6.147404,50.694214]]]},"id":1239},{"type":"Feature","properties":{"id":"1m6jw1a","name":"Am Gut Bau","kind":"minor","district":"richterich","level":"richterich-3","importance":1121,"center":[6.052487,50.816696],"length":242},"geometry":{"type":"MultiLineString","coordinates":[[[6.05246,50.817578],[6.052238,50.81718],[6.052764,50.816123]],[[6.052346,50.816983],[6.052717,50.81706]],[[6.052764,50.816123],[6.053053,50.816183]],[[6.052238,50.81718],[6.052142,50.817186],[6.051943,50.817264]]]},"id":1240},{"type":"Feature","properties":{"id":"1m89rn5","name":"Luise-Hensel-Straße","kind":"minor","district":"aachen-mitte","level":"aachen-mitte-25","importance":1260,"center":[6.10159,50.758446],"length":520},"geometry":{"type":"MultiLineString","coordinates":[[[6.100357,50.760132],[6.10112,50.759265],[6.101449,50.758753],[6.101731,50.758139]],[[6.101731,50.758139],[6.102512,50.755692]]]},"id":1241},{"type":"Feature","properties":{"id":"1m8qm6z","name":"Weißwasserstraße","kind":"minor","district":"aachen-mitte","level":"aachen-mitte-37","importance":1205,"center":[6.139366,50.775399],"length":411},"geometry":{"type":"LineString","coordinates":[[6.141916,50.775908],[6.141142,50.775552],[6.140758,50.775429],[6.140274,50.775333],[6.139765,50.775329],[6.139494,50.775365],[6.139239,50.775432],[6.137977,50.776019],[6.137937,50.776194],[6.138187,50.776826]]},"id":1242},{"type":"Feature","properties":{"id":"1m9ssox","name":"Erftstraße","kind":"minor","district":"brand","level":"brand-3","importance":1084,"center":[6.165504,50.758321],"length":167},"geometry":{"type":"LineString","coordinates":[[6.167031,50.757773],[6.166061,50.75815],[6.164948,50.758492]]},"id":1243},{"type":"Feature","properties":{"id":"1mcqein","name":"Forster Linde","kind":"minor","district":"aachen-mitte","level":"aachen-mitte-34","importance":1418,"center":[6.129517,50.756683],"length":837},"geometry":{"type":"MultiLineString","coordinates":[[[6.131961,50.755816],[6.13168,50.755914],[6.130655,50.756468],[6.129961,50.756878],[6.129773,50.757069],[6.129787,50.757483],[6.129892,50.758097],[6.1298,50.758846],[6.130168,50.759219],[6.130559,50.759517]],[[6.129815,50.756998],[6.128825,50.755986]],[[6.128825,50.755986],[6.128193,50.755262],[6.1272,50.754467]]]},"id":1244},{"type":"Feature","properties":{"id":"1mei1on","name":"Am Forsthaus","kind":"minor","district":"brand","level":"brand-6","importance":1103,"center":[6.187498,50.755094],"length":206},"geometry":{"type":"LineString","coordinates":[[6.188333,50.754347],[6.188031,50.754745],[6.187754,50.754942],[6.186421,50.755719]]},"id":1245},{"type":"Feature","properties":{"id":"1mfko4x","name":"Prinzenhof","kind":"square","district":"aachen-mitte","level":"aachen-mitte-1","importance":3000,"center":[6.083182,50.773193],"length":0},"geometry":{"type":"Polygon","coordinates":[[[6.083238,50.773004],[6.083073,50.773176],[6.083003,50.773184],[6.082953,50.773158],[6.082868,50.773225],[6.083127,50.773334],[6.083369,50.773461],[6.083667,50.773223],[6.083238,50.773004]]]},"id":1246},{"type":"Feature","properties":{"id":"1mgxdz8","name":"Burtscheider Markt","kind":"minor","district":"aachen-mitte","level":"aachen-mitte-22","importance":1210,"center":[6.092094,50.762812],"length":420},"geometry":{"type":"MultiLineString","coordinates":[[[6.092501,50.763324],[6.092645,50.763373],[6.093138,50.763726]],[[6.092056,50.76238],[6.092242,50.762397],[6.092292,50.762323],[6.092654,50.762376]],[[6.092056,50.76238],[6.092113,50.762135],[6.092161,50.762088]],[[6.092501,50.763324],[6.091935,50.762981],[6.091938,50.762655],[6.092056,50.76238]],[[6.092292,50.762323],[6.092268,50.76213],[6.092161,50.762088]],[[6.092501,50.763324],[6.092598,50.763251],[6.092114,50.762864],[6.092074,50.76276],[6.092163,50.7625],[6.092242,50.762397]]]},"id":1247},{"type":"Feature","properties":{"id":"1mhirs0","name":"Hohlweg","kind":"minor","district":"laurensberg","level":"laurensberg-4","importance":1146,"center":[5.998063,50.799787],"length":292},"geometry":{"type":"MultiLineString","coordinates":[[[5.996236,50.799276],[5.99646,50.799434],[5.996983,50.799687]],[[5.996983,50.799687],[5.997197,50.799651],[5.997662,50.799664],[5.997902,50.799721],[5.998794,50.800057],[5.999945,50.800201]]]},"id":1248},{"type":"Feature","properties":{"id":"1mjk74x","name":"Dinkermichsweg","kind":"minor","district":"kornelimuenster-walheim","level":"kornelimuenster-walheim-2","importance":1085,"center":[6.173633,50.704501],"length":171},"geometry":{"type":"MultiLineString","coordinates":[[[6.174182,50.703765],[6.173787,50.704478],[6.173708,50.704507],[6.173559,50.704495]],[[6.173559,50.704495],[6.172588,50.704377]]]},"id":1249},{"type":"Feature","properties":{"id":"1mjrkoc","name":"Münsterplatz","kind":"square","district":"aachen-mitte","level":"aachen-mitte-1","importance":3000,"center":[6.083951,50.774453],"length":0},"geometry":{"type":"Polygon","coordinates":[[[6.083802,50.774287],[6.083796,50.774398],[6.083669,50.77439],[6.083625,50.774371],[6.083599,50.774387],[6.083476,50.77439],[6.0832,50.774473],[6.083231,50.774578],[6.083528,50.774574],[6.083567,50.774594],[6.083646,50.774543],[6.083931,50.774483],[6.084085,50.774503],[6.084238,50.774542],[6.084371,50.774596],[6.084493,50.774711],[6.084498,50.774751],[6.084471,50.774788],[6.084566,50.774763],[6.084624,50.774782],[6.084707,50.774698],[6.084866,50.77458],[6.084912,50.774468],[6.08428,50.774283],[6.084161,50.774258],[6.084143,50.774284],[6.083728,50.774179],[6.083672,50.774215],[6.083675,50.774276],[6.083802,50.774287]]]},"id":1250},{"type":"Feature","properties":{"id":"1mmzj6z","name":"An den Frauenbrüdern","kind":"minor","district":"aachen-mitte","level":"aachen-mitte-10","importance":1038,"center":[6.082717,50.770276],"length":76},"geometry":{"type":"LineString","coordinates":[[6.082926,50.770592],[6.082508,50.76996]]},"id":1251},{"type":"Feature","properties":{"id":"1mnx1ng","name":"Amsterdamer Ring","kind":"major","district":"aachen-mitte","level":"aachen-mitte-6","importance":3848,"center":[6.060716,50.764693],"length":1697},"geometry":{"type":"MultiLineString","coordinates":[[[6.057618,50.768945],[6.05773,50.768817],[6.057882,50.768719]],[[6.058408,50.768625],[6.05819,50.768694]],[[6.058408,50.768625],[6.058796,50.768622],[6.059163,50.768655]],[[6.065855,50.760816],[6.065735,50.760836]],[[6.05819,50.768694],[6.057932,50.768828],[6.057798,50.768974]],[[6.057882,50.768719],[6.058084,50.768649],[6.058408,50.768625]],[[6.057798,50.768974],[6.057766,50.76903]],[[6.057588,50.768993],[6.057618,50.768945]],[[6.061059,50.766069],[6.060932,50.76573]],[[6.065162,50.760955],[6.06391,50.761379]],[[6.062097,50.761934],[6.062656,50.761701],[6.063311,50.761486]],[[6.060932,50.76573],[6.060764,50.765068],[6.060669,50.764319],[6.060704,50.763494],[6.060842,50.762797],[6.061123,50.762445],[6.061313,50.762299],[6.061521,50.762172],[6.062097,50.761934]],[[6.063436,50.761537],[6.063146,50.761652],[6.062097,50.761934]],[[6.061264,50.766634],[6.061059,50.766069]],[[6.059163,50.768655],[6.059806,50.768715]],[[6.059806,50.768715],[6.060319,50.768669],[6.060842,50.768506],[6.061137,50.768348],[6.061446,50.768022],[6.061532,50.767841],[6.061538,50.767445],[6.061264,50.766634]],[[6.063756,50.761334],[6.064512,50.761076]],[[6.065095,50.760886],[6.065447,50.760789]],[[6.065659,50.760768],[6.065783,50.760756]],[[6.065541,50.760864],[6.065162,50.760955]],[[6.063311,50.761486],[6.063756,50.761334]],[[6.06391,50.761379],[6.063436,50.761537]],[[6.065447,50.760789],[6.065659,50.760768]],[[6.065735,50.760836],[6.065541,50.760864]],[[6.064512,50.761076],[6.065095,50.760886]]]},"id":1252},{"type":"Feature","properties":{"id":"1moiy5j","name":"Am Neuenhof","kind":"minor","district":"aachen-mitte","level":"aachen-mitte-24","importance":1283,"center":[6.058175,50.763791],"length":566},"geometry":{"type":"LineString","coordinates":[[6.060111,50.766115],[6.059957,50.76526],[6.059711,50.764854],[6.059565,50.764722],[6.05843,50.763978],[6.055962,50.762078],[6.05578,50.761999]]},"id":1253},{"type":"Feature","properties":{"id":"1mr2o05","name":"Pottenmühlenweg","kind":"minor","district":"aachen-mitte","level":"aachen-mitte-18","importance":1084,"center":[6.068704,50.768396],"length":169},"geometry":{"type":"LineString","coordinates":[[6.067844,50.768705],[6.068553,50.768469],[6.069827,50.767861]]},"id":1254},{"type":"Feature","properties":{"id":"1mw8u55","name":"Schlackstraße","kind":"path","district":"eilendorf","level":"eilendorf-5","importance":83,"center":[6.167917,50.773662],"length":166},"geometry":{"type":"MultiLineString","coordinates":[[[6.167543,50.773624],[6.167625,50.773634]],[[6.167625,50.773634],[6.169223,50.77383]],[[6.166911,50.773534],[6.167543,50.773624]]]},"id":1255},{"type":"Feature","properties":{"id":"1my98g3","name":"Neupforte","kind":"minor","district":"aachen-mitte","level":"aachen-mitte-11","importance":1090,"center":[6.083779,50.77797],"length":180},"geometry":{"type":"MultiLineString","coordinates":[[[6.083675,50.777915],[6.084288,50.778232],[6.084394,50.778369],[6.084473,50.778622]],[[6.083675,50.777915],[6.082619,50.777686]]]},"id":1256},{"type":"Feature","properties":{"id":"1n1l5d2","name":"Rödgener Straße","kind":"minor","district":"eilendorf","level":"eilendorf-5","importance":1505,"center":[6.145402,50.782307],"length":1011},"geometry":{"type":"MultiLineString","coordinates":[[[6.143244,50.781328],[6.143685,50.781556],[6.144429,50.781827],[6.147243,50.78319],[6.149017,50.784205],[6.149362,50.784363],[6.149574,50.784432],[6.149928,50.784453],[6.151117,50.784255]],[[6.140934,50.778717],[6.141437,50.779388],[6.142208,50.780292]],[[6.142208,50.780292],[6.1426,50.780816],[6.143244,50.781328]]]},"id":1257},{"type":"Feature","properties":{"id":"1n1vp4z","name":"Dachsbau","kind":"minor","district":"aachen-mitte","level":"aachen-mitte-31","importance":1124,"center":[6.107149,50.750014],"length":247},"geometry":{"type":"LineString","coordinates":[[6.106575,50.750259],[6.107724,50.74977],[6.10778,50.749718],[6.107741,50.749651],[6.107476,50.749466],[6.106782,50.749361],[6.106091,50.749631]]},"id":1258},{"type":"Feature","properties":{"id":"1n2li9b","name":"Auf der Kier","kind":"minor","district":"kornelimuenster-walheim","level":"kornelimuenster-walheim-2","importance":1421,"center":[6.177639,50.702135],"length":842},"geometry":{"type":"MultiLineString","coordinates":[[[6.176578,50.69968],[6.17664,50.699963],[6.176639,50.700371],[6.1768,50.700619],[6.177002,50.701178],[6.177253,50.701635],[6.177569,50.702028],[6.177684,50.702072],[6.178109,50.702135],[6.179272,50.702446],[6.180104,50.70259]],[[6.177397,50.702896],[6.178845,50.703706],[6.17912,50.703521]],[[6.177397,50.702896],[6.177579,50.70264],[6.17753,50.702327],[6.177684,50.702072]],[[6.177056,50.703145],[6.177397,50.702896]],[[6.175989,50.703378],[6.176406,50.703346],[6.177056,50.703145]]]},"id":1259},{"type":"Feature","properties":{"id":"1n802ih","name":"Marktplatz","kind":"minor","district":"brand","level":"brand-4","importance":1132,"center":[6.163827,50.748842],"length":264},"geometry":{"type":"MultiLineString","coordinates":[[[6.162166,50.748487],[6.162491,50.748581],[6.163376,50.748757]],[[6.165202,50.748092],[6.164615,50.748396]],[[6.163532,50.748786],[6.164339,50.748954]],[[6.164339,50.748954],[6.164771,50.749293]],[[6.163376,50.748757],[6.163532,50.748786]]]},"id":1260},{"type":"Feature","properties":{"id":"1n8bjps","name":"Kuhlweg","kind":"minor","district":"laurensberg","level":"laurensberg-7","importance":1812,"center":[5.985549,50.796303],"length":1624},"geometry":{"type":"MultiLineString","coordinates":[[[5.975037,50.798237],[5.975076,50.798085],[5.975122,50.798052],[5.976794,50.798025]],[[5.976794,50.798025],[5.977521,50.798018],[5.977942,50.797963],[5.985279,50.796357],[5.986294,50.79617],[5.986879,50.796135],[5.987702,50.796196],[5.989102,50.796226],[5.990193,50.796293],[5.990779,50.796424],[5.991333,50.796735],[5.991523,50.796792]],[[5.991523,50.796792],[5.992636,50.797154],[5.995007,50.798016],[5.995255,50.798143],[5.995727,50.798552],[5.996015,50.79874],[5.996128,50.798764]]]},"id":1261},{"type":"Feature","properties":{"id":"1nb97k7","name":"Hoffmannallee","kind":"minor","district":"aachen-mitte","level":"aachen-mitte-19","importance":1238,"center":[6.079723,50.787386],"length":477},"geometry":{"type":"MultiLineString","coordinates":[[[6.082098,50.785757],[6.082123,50.785878],[6.082041,50.785957]],[[6.082041,50.785957],[6.079991,50.787233],[6.079268,50.787641],[6.079072,50.787706],[6.077867,50.787885],[6.076875,50.78823]]]},"id":1262},{"type":"Feature","properties":{"id":"1nbo665","name":"Andréstraße","kind":"minor","district":"aachen-mitte","level":"aachen-mitte-36","importance":1153,"center":[6.140251,50.762746],"length":307},"geometry":{"type":"MultiLineString","coordinates":[[[6.140334,50.764119],[6.140468,50.763388]],[[6.140468,50.763388],[6.140443,50.763187],[6.140212,50.762679],[6.139701,50.76212],[6.139109,50.761593]]]},"id":1263},{"type":"Feature","properties":{"id":"1nce90l","name":"Breiniger Straße","kind":"major","district":"kornelimuenster-walheim","level":"kornelimuenster-walheim-1","importance":3475,"center":[6.1921,50.72856],"length":951},"geometry":{"type":"MultiLineString","coordinates":[[[6.19847,50.728322],[6.197797,50.728262],[6.196205,50.728253]],[[6.190232,50.728715],[6.189925,50.728768],[6.189645,50.728874],[6.189111,50.729257],[6.188803,50.729327],[6.188533,50.72929],[6.188406,50.729231],[6.188251,50.729067],[6.188214,50.728224],[6.188149,50.72815],[6.187999,50.728069],[6.187206,50.727714]],[[6.193932,50.728288],[6.193034,50.728375],[6.191682,50.728652],[6.191267,50.728712]],[[6.19493,50.728251],[6.193932,50.728288]],[[6.196205,50.728253],[6.19493,50.728251]],[[6.191267,50.728712],[6.190232,50.728715]]]},"id":1264},{"type":"Feature","properties":{"id":"1nczzch","name":"Am Tivoli","kind":"minor","district":"aachen-mitte","level":"aachen-mitte-23","importance":1234,"center":[6.091266,50.79201],"length":467},"geometry":{"type":"MultiLineString","coordinates":[[[6.093428,50.791539],[6.091374,50.791975],[6.090968,50.792133],[6.090585,50.792367],[6.089828,50.792567]],[[6.091158,50.792046],[6.091461,50.792431]],[[6.090585,50.792367],[6.090771,50.792657]],[[6.090464,50.79241],[6.09016,50.791913]],[[6.091536,50.791941],[6.091348,50.791566]]]},"id":1265},{"type":"Feature","properties":{"id":"1ndbfq5","name":"Wurmbenden","kind":"minor","district":"aachen-mitte","level":"aachen-mitte-32","importance":1179,"center":[6.119627,50.794888],"length":358},"geometry":{"type":"LineString","coordinates":[[6.121445,50.79396],[6.121278,50.794083],[6.120675,50.794411],[6.11948,50.794959],[6.118336,50.79556],[6.117757,50.795896],[6.117647,50.796061]]},"id":1266},{"type":"Feature","properties":{"id":"1ne655k","name":"Chlodwigstraße","kind":"minor","district":"aachen-mitte","level":"aachen-mitte-15","importance":1055,"center":[6.092733,50.783911],"length":110},"geometry":{"type":"LineString","coordinates":[[6.09275,50.783504],[6.092702,50.784263],[6.092634,50.784488]]},"id":1267},{"type":"Feature","properties":{"id":"1nfjh43","name":"Lagerhausstraße","kind":"major","district":"aachen-mitte","level":"aachen-mitte-5","importance":3151,"center":[6.088312,50.768332],"length":301},"geometry":{"type":"MultiLineString","coordinates":[[[6.086657,50.76808],[6.086989,50.768071]],[[6.089104,50.768478],[6.089654,50.768584]],[[6.088165,50.7683],[6.088051,50.76846],[6.08773,50.768607]],[[6.086989,50.768071],[6.087148,50.76809]],[[6.088165,50.7683],[6.089104,50.768478]],[[6.087988,50.768265],[6.088165,50.7683]],[[6.089654,50.768584],[6.090121,50.768673]],[[6.087148,50.76809],[6.087988,50.768265]]]},"id":1268},{"type":"Feature","properties":{"id":"1nhd9z9","name":"Krefelder Straße","kind":"major","district":"laurensberg","level":"laurensberg-2","importance":4000,"center":[6.100732,50.794397],"length":7187},"geometry":{"type":"MultiLineString","coordinates":[[[6.090538,50.784233],[6.090538,50.784418]],[[6.107198,50.800444],[6.107048,50.800508]],[[6.103655,50.801828],[6.103419,50.801728],[6.101024,50.80174],[6.100703,50.801693],[6.099548,50.80138],[6.099323,50.801306],[6.099146,50.801196],[6.099031,50.801051],[6.09948,50.800754]],[[6.099031,50.801051],[6.099,50.800982],[6.098819,50.800915],[6.098594,50.800938],[6.098429,50.800997],[6.098311,50.800992],[6.098162,50.800933],[6.098087,50.800778],[6.0982,50.800505]],[[6.088558,50.782175],[6.088202,50.78188]],[[6.097145,50.79092],[6.096639,50.790437]],[[6.09836,50.791928],[6.099677,50.793199]],[[6.09455,50.788216],[6.096424,50.790046]],[[6.089971,50.783282],[6.090458,50.784138]],[[6.090538,50.784418],[6.089748,50.783534]],[[6.094449,50.788303],[6.093244,50.787114]],[[6.105352,50.798886],[6.104964,50.79851]],[[6.107048,50.800508],[6.106389,50.800787],[6.100047,50.803211],[6.09957,50.803286]],[[6.108189,50.801396],[6.108294,50.801499]],[[6.108294,50.801499],[6.108928,50.802166]],[[6.108155,50.801591],[6.108054,50.801484]],[[6.108054,50.801484],[6.107048,50.800508]],[[6.105631,50.798922],[6.105781,50.799057]],[[6.105781,50.799057],[6.106199,50.799469]],[[6.110235,50.803693],[6.110574,50.804121]],[[6.110932,50.80489],[6.109927,50.803563]],[[6.109927,50.803563],[6.109285,50.802809]],[[6.109167,50.802427],[6.110235,50.803693]],[[6.108633,50.802091],[6.108266,50.801695]],[[6.101241,50.794882],[6.100584,50.794264]],[[6.098226,50.791979],[6.097717,50.791494]],[[6.100584,50.794264],[6.098226,50.791979]],[[6.100724,50.794212],[6.10171,50.795157]],[[6.105512,50.798831],[6.105631,50.798922]],[[6.105459,50.798984],[6.105352,50.798886]],[[6.108937,50.802412],[6.108633,50.802091]],[[6.109003,50.802483],[6.108937,50.802412]],[[6.104699,50.798038],[6.105512,50.798831]],[[6.102182,50.795582],[6.102488,50.795873]],[[6.103689,50.797047],[6.103985,50.797331]],[[6.102488,50.795873],[6.102926,50.796306]],[[6.10171,50.795157],[6.101941,50.795369]],[[6.102926,50.796306],[6.103689,50.797047]],[[6.095405,50.789244],[6.095198,50.789039]],[[6.103556,50.797138],[6.101241,50.794882]],[[6.095198,50.789039],[6.094449,50.788303]],[[6.097717,50.791494],[6.097145,50.79092]],[[6.104378,50.797933],[6.103879,50.79745]],[[6.089303,50.783041],[6.088651,50.782352],[6.088558,50.782175]],[[6.093966,50.78764],[6.09455,50.788216]],[[6.104964,50.79851],[6.104461,50.798023]],[[6.093746,50.787605],[6.092544,50.788595]],[[6.106053,50.799515],[6.105633,50.799104]],[[6.097616,50.791194],[6.097817,50.791377]],[[6.110574,50.804121],[6.111333,50.80514]],[[6.106628,50.799889],[6.107198,50.800444]],[[6.107198,50.800444],[6.107564,50.800791]],[[6.107564,50.800791],[6.107734,50.800953]],[[6.107734,50.800953],[6.108189,50.801396]],[[6.106479,50.799954],[6.10623,50.799711]],[[6.10623,50.799711],[6.106053,50.799515]],[[6.09069,50.784377],[6.090825,50.784539]],[[6.104461,50.798023],[6.104378,50.797933]],[[6.106199,50.799469],[6.106628,50.799889]],[[6.101941,50.795369],[6.102182,50.795582]],[[6.099677,50.793199],[6.100553,50.794005],[6.100724,50.794212]],[[6.097273,50.79087],[6.097616,50.791194]],[[6.096826,50.790433],[6.097273,50.79087]],[[6.097817,50.791377],[6.09836,50.791928]],[[6.091833,50.785724],[6.090538,50.784418]],[[6.092498,50.786382],[6.091833,50.785724]],[[6.090825,50.784539],[6.093966,50.78764]],[[6.090538,50.784233],[6.09069,50.784377]],[[6.093244,50.787114],[6.092498,50.786382]],[[6.096289,50.790099],[6.095405,50.789244]],[[6.108266,50.801695],[6.108155,50.801591]],[[6.108928,50.802166],[6.109103,50.802356]],[[6.109285,50.802809],[6.109003,50.802483]],[[6.103985,50.797331],[6.104381,50.797709]],[[6.104381,50.797709],[6.104699,50.798038]],[[6.109103,50.802356],[6.109167,50.802427]],[[6.107048,50.800508],[6.106479,50.799954]],[[6.105633,50.799104],[6.105459,50.798984]],[[6.089748,50.783534],[6.089303,50.783041]],[[6.096424,50.790046],[6.096774,50.790382]],[[6.096774,50.790382],[6.096826,50.790433]],[[6.096639,50.790437],[6.096289,50.790099]],[[6.090458,50.784138],[6.090538,50.784233]],[[6.103879,50.79745],[6.103556,50.797138]]]},"id":1269},{"type":"Feature","properties":{"id":"1njd6iv","name":"Marienplatz","kind":"minor","district":"aachen-mitte","level":"aachen-mitte-16","importance":1075,"center":[6.089009,50.770077],"length":150},"geometry":{"type":"MultiLineString","coordinates":[[[6.088311,50.770536],[6.089282,50.769894]],[[6.088388,50.769888],[6.088871,50.769542]]]},"id":1270},{"type":"Feature","properties":{"id":"1njfxxh","name":"Kalverbenden","kind":"minor","district":"aachen-mitte","level":"aachen-mitte-30","importance":1423,"center":[6.09868,50.756145],"length":845},"geometry":{"type":"MultiLineString","coordinates":[[[6.099904,50.752997],[6.099385,50.753965],[6.099104,50.754621],[6.098312,50.757567]],[[6.098195,50.757684],[6.096613,50.758071],[6.095611,50.758396],[6.095056,50.75861]],[[6.098312,50.757567],[6.098195,50.757684]],[[6.09471,50.758478],[6.094795,50.758535],[6.095056,50.75861]],[[6.095056,50.75861],[6.094629,50.758768]]]},"id":1271},{"type":"Feature","properties":{"id":"1nk634m","name":"Eynattener Straße","kind":"minor","district":"aachen-mitte","level":"aachen-mitte-22","importance":1182,"center":[6.085209,50.762919],"length":364},"geometry":{"type":"MultiLineString","coordinates":[[[6.083675,50.764352],[6.084957,50.763003]],[[6.085084,50.762951],[6.08753,50.762565]],[[6.084957,50.763003],[6.085084,50.762951]]]},"id":1272},{"type":"Feature","properties":{"id":"1nlqyxz","name":"Josefstraße","kind":"major","district":"eilendorf","level":"eilendorf-1","importance":3641,"center":[6.149368,50.78254],"length":1282},"geometry":{"type":"MultiLineString","coordinates":[[[6.145135,50.779374],[6.147043,50.780986],[6.14861,50.782092]],[[6.155228,50.784604],[6.157411,50.784727]],[[6.154709,50.784535],[6.154974,50.784572]],[[6.151739,50.783661],[6.15311,50.78429]],[[6.143798,50.777948],[6.144448,50.77866]],[[6.144448,50.77866],[6.144819,50.779091]],[[6.15311,50.78429],[6.154709,50.784535]],[[6.154974,50.784572],[6.155228,50.784604]],[[6.144819,50.779091],[6.145135,50.779374]],[[6.14861,50.782092],[6.150126,50.782987],[6.151739,50.783661]]]},"id":1273},{"type":"Feature","properties":{"id":"1nmh1dx","name":"Don-Bosco-Straße","kind":"minor","district":"aachen-mitte","level":"aachen-mitte-36","importance":1083,"center":[6.138604,50.761825],"length":166},"geometry":{"type":"LineString","coordinates":[[6.139629,50.761377],[6.137689,50.762229]]},"id":1274},{"type":"Feature","properties":{"id":"1nmnxd0","name":"Apolloniaweg","kind":"minor","district":"eilendorf","level":"eilendorf-4","importance":1092,"center":[6.167557,50.778756],"length":184},"geometry":{"type":"MultiLineString","coordinates":[[[6.167348,50.778502],[6.166676,50.778756]],[[6.167021,50.778141],[6.167766,50.77901],[6.16784,50.779176]]]},"id":1275},{"type":"Feature","properties":{"id":"1nndg9n","name":"Heyder Feldweg","kind":"minor","district":"richterich","level":"richterich-2","importance":1205,"center":[6.056048,50.84161],"length":410},"geometry":{"type":"MultiLineString","coordinates":[[[6.05718,50.843134],[6.056566,50.843012],[6.056257,50.842871]],[[6.056257,50.842871],[6.056167,50.842689],[6.056169,50.841949],[6.056085,50.841686],[6.055918,50.841391],[6.055409,50.840792],[6.054886,50.840294],[6.054868,50.84019],[6.054963,50.840065]]]},"id":1276},{"type":"Feature","properties":{"id":"1nogg1e","name":"Hanbrucher Straße","kind":"minor","district":"aachen-mitte","level":"aachen-mitte-21","importance":1399,"center":[6.065903,50.767524],"length":798},"geometry":{"type":"LineString","coordinates":[[6.061059,50.766069],[6.062194,50.76603],[6.062732,50.76608],[6.063215,50.766194],[6.063879,50.766473],[6.065047,50.767151],[6.065885,50.767517],[6.066896,50.767905],[6.067377,50.768209],[6.067624,50.768429],[6.069214,50.770374]]},"id":1277},{"type":"Feature","properties":{"id":"1nq4lnc","name":"Benediktinerstraße","kind":"minor","district":"aachen-mitte","level":"aachen-mitte-22","importance":1148,"center":[6.090242,50.762845],"length":295},"geometry":{"type":"MultiLineString","coordinates":[[[6.089379,50.761448],[6.089469,50.761503],[6.090017,50.762327],[6.089919,50.762383]],[[6.090533,50.763129],[6.091023,50.76365],[6.091089,50.763928]],[[6.089919,50.762383],[6.090338,50.762981],[6.090413,50.763011]]]},"id":1278},{"type":"Feature","properties":{"id":"1nunrd3","name":"Mühlenberg","kind":"minor","district":"aachen-mitte","level":"aachen-mitte-14","importance":1075,"center":[6.076841,50.770383],"length":151},"geometry":{"type":"LineString","coordinates":[[6.077525,50.770736],[6.077088,50.77049],[6.075808,50.769926]]},"id":1279},{"type":"Feature","properties":{"id":"1nve5tk","name":"Königstraße","kind":"major","district":"aachen-mitte","level":"aachen-mitte-3","importance":3215,"center":[6.075517,50.775481],"length":431},"geometry":{"type":"MultiLineString","coordinates":[[[6.075672,50.775512],[6.074767,50.775356]],[[6.072953,50.775089],[6.072468,50.775016]],[[6.074767,50.775356],[6.07385,50.77523]],[[6.075676,50.775588],[6.07673,50.775744],[6.077414,50.775793],[6.077789,50.775768],[6.078343,50.775609]],[[6.078343,50.775609],[6.078404,50.775588]],[[6.07385,50.77523],[6.072953,50.775089]]]},"id":1280},{"type":"Feature","properties":{"id":"1nvn7k4","name":"Roder Weg","kind":"minor","district":"richterich","level":"richterich-3","importance":1104,"center":[6.065141,50.816577],"length":209},"geometry":{"type":"MultiLineString","coordinates":[[[6.065174,50.817132],[6.064908,50.816946],[6.06486,50.8168],[6.064939,50.816705],[6.065444,50.81638]],[[6.065422,50.817349],[6.065174,50.817132]],[[6.065444,50.81638],[6.066016,50.816055]],[[6.065422,50.817349],[6.065527,50.817488]]]},"id":1281},{"type":"Feature","properties":{"id":"1nyt9qi","name":"Oberdorfstraße","kind":"minor","district":"richterich","level":"richterich-2","importance":1478,"center":[6.038132,50.831714],"length":956},"geometry":{"type":"MultiLineString","coordinates":[[[6.044499,50.83331],[6.043961,50.833063],[6.042893,50.832765],[6.042425,50.832659],[6.041206,50.832556],[6.040875,50.832477]],[[6.038171,50.831725],[6.036409,50.831177],[6.035194,50.830731],[6.034914,50.83067],[6.032772,50.830371],[6.031918,50.830218]],[[6.040875,50.832477],[6.038171,50.831725]]]},"id":1282},{"type":"Feature","properties":{"id":"1nyvd7i","name":"Auf Vogelsang","kind":"minor","district":"aachen-mitte","level":"aachen-mitte-31","importance":1174,"center":[6.108571,50.756199],"length":347},"geometry":{"type":"MultiLineString","coordinates":[[[6.110548,50.757094],[6.109868,50.756815]],[[6.109868,50.756815],[6.109711,50.756636],[6.109473,50.75649],[6.1084,50.756153],[6.107367,50.755968],[6.106782,50.755912],[6.106179,50.755894]]]},"id":1283},{"type":"Feature","properties":{"id":"1o2wwf8","name":"Klosterplatz","kind":"minor","district":"aachen-mitte","level":"aachen-mitte-9","importance":1038,"center":[6.082007,50.7751],"length":75},"geometry":{"type":"MultiLineString","coordinates":[[[6.082496,50.775217],[6.081766,50.775036],[6.081788,50.774942]],[[6.082626,50.775243],[6.082496,50.775217]]]},"id":1284},{"type":"Feature","properties":{"id":"1o6y998","name":"Raphaelshöfe","kind":"square","district":"laurensberg","level":"laurensberg-2","importance":3000,"center":[6.082722,50.791846],"length":0},"geometry":{"type":"Polygon","coordinates":[[[6.082423,50.792],[6.082331,50.791834],[6.083037,50.791726],[6.083099,50.791825],[6.082423,50.792]]]},"id":1285},{"type":"Feature","properties":{"id":"1o8578r","name":"Kaiser-Friedrich-Allee","kind":"major","district":"aachen-mitte","level":"aachen-mitte-6","importance":3611,"center":[6.072316,50.755709],"length":1223},"geometry":{"type":"MultiLineString","coordinates":[[[6.072815,50.75672],[6.072589,50.756131],[6.072411,50.755829],[6.072009,50.75536],[6.069981,50.753824]],[[6.069952,50.753068],[6.070048,50.75314]],[[6.073453,50.756745],[6.073526,50.757012],[6.073738,50.757394],[6.073919,50.757627],[6.075063,50.758824],[6.075422,50.759145]],[[6.070624,50.75364],[6.072214,50.75484],[6.072759,50.755327],[6.072977,50.755606],[6.073283,50.756147],[6.073392,50.756389],[6.073453,50.756745]],[[6.070496,50.753547],[6.070624,50.75364]],[[6.069981,50.753824],[6.069617,50.753569]],[[6.070048,50.75314],[6.070496,50.753547]],[[6.069617,50.753569],[6.069518,50.753512]]]},"id":1286},{"type":"Feature","properties":{"id":"1obvvdf","name":"Hauptstraße","kind":"major","district":"haaren","level":"haaren-1","importance":3227,"center":[6.137234,50.804732],"length":454},"geometry":{"type":"MultiLineString","coordinates":[[[6.138739,50.80565],[6.134614,50.803156]],[[6.134614,50.803156],[6.13407,50.802824]]]},"id":1287},{"type":"Feature","properties":{"id":"1odkmte","name":"Mefferdatisstraße","kind":"minor","district":"aachen-mitte","level":"aachen-mitte-11","importance":1106,"center":[6.087876,50.77681],"length":212},"geometry":{"type":"MultiLineString","coordinates":[[[6.087803,50.776121],[6.087897,50.776397],[6.087931,50.776707],[6.087564,50.777318]],[[6.087564,50.777318],[6.087236,50.77761]],[[6.08773,50.775947],[6.087803,50.776121]],[[6.087659,50.775836],[6.08773,50.775947]]]},"id":1288},{"type":"Feature","properties":{"id":"1oeiuu3","name":"Bergische Gasse","kind":"minor","district":"aachen-mitte","level":"aachen-mitte-20","importance":1086,"center":[6.101257,50.76727],"length":173},"geometry":{"type":"MultiLineString","coordinates":[[[6.100304,50.767639],[6.102182,50.766906]],[[6.102182,50.766906],[6.102405,50.766836]]]},"id":1289},{"type":"Feature","properties":{"id":"1offdea","name":"Haarbachtalstraße","kind":"minor","district":"haaren","level":"haaren-3","importance":1246,"center":[6.129067,50.793851],"length":492},"geometry":{"type":"MultiLineString","coordinates":[[[6.126481,50.795379],[6.126678,50.795255]],[[6.128353,50.794201],[6.126795,50.79519]],[[6.128353,50.794201],[6.129229,50.793776],[6.130019,50.793462]],[[6.130435,50.793314],[6.130615,50.793251]],[[6.130615,50.793251],[6.131776,50.792818],[6.132001,50.792702]],[[6.126678,50.795255],[6.126795,50.79519]],[[6.130019,50.793462],[6.130435,50.793314]]]},"id":1290},{"type":"Feature","properties":{"id":"1ofsccs","name":"Königsberger Straße","kind":"minor","district":"aachen-mitte","level":"aachen-mitte-36","importance":1678,"center":[6.141659,50.753914],"length":1356},"geometry":{"type":"MultiLineString","coordinates":[[[6.145973,50.757635],[6.14557,50.757158]],[[6.144488,50.75607],[6.144282,50.755962],[6.143795,50.755541],[6.143768,50.755477]],[[6.137489,50.748439],[6.137934,50.748872],[6.13814,50.749177],[6.13834,50.749668],[6.138451,50.750557],[6.138619,50.751067],[6.138942,50.751646],[6.139412,50.75223],[6.140034,50.752776],[6.141441,50.753745],[6.143443,50.755202]],[[6.143768,50.755477],[6.14395,50.755573],[6.144353,50.755938],[6.144491,50.756021],[6.144488,50.75607]],[[6.145049,50.75664],[6.144488,50.75607]],[[6.143545,50.755288],[6.143768,50.755477]],[[6.14557,50.757158],[6.145049,50.75664]],[[6.14557,50.757158],[6.14608,50.757587]],[[6.143443,50.755202],[6.143545,50.755288]]]},"id":1291},{"type":"Feature","properties":{"id":"1oi0811","name":"Ronheider Winkel","kind":"minor","district":"aachen-mitte","level":"aachen-mitte-27","importance":1180,"center":[6.080739,50.754619],"length":359},"geometry":{"type":"MultiLineString","coordinates":[[[6.080783,50.755935],[6.080921,50.755226],[6.081076,50.754923],[6.081255,50.754761],[6.081522,50.754384]],[[6.081255,50.754761],[6.080223,50.754478],[6.079778,50.754391],[6.079468,50.754389],[6.078879,50.754487]]]},"id":1292},{"type":"Feature","properties":{"id":"1oiaaiy","name":"Oppenhoffallee","kind":"major","district":"aachen-mitte","level":"aachen-mitte-6","importance":3807,"center":[6.106269,50.770216],"length":1614},"geometry":{"type":"MultiLineString","coordinates":[[[6.111737,50.770869],[6.111585,50.770909],[6.107807,50.770417]],[[6.100546,50.769408],[6.100857,50.76936],[6.101277,50.769416]],[[6.107807,50.770417],[6.101856,50.769639]],[[6.107743,50.770255],[6.107961,50.770283]],[[6.107961,50.770283],[6.110751,50.770655]],[[6.101277,50.769416],[6.107332,50.770202]],[[6.101856,50.769639],[6.100759,50.7695],[6.100546,50.769408]],[[6.110751,50.770655],[6.111419,50.770746],[6.111737,50.770869]],[[6.107332,50.770202],[6.107743,50.770255]]]},"id":1293},{"type":"Feature","properties":{"id":"1oilj1j","name":"Ochsenstock","kind":"minor","district":"laurensberg","level":"laurensberg-4","importance":2000,"center":[6.020947,50.807425],"length":2040},"geometry":{"type":"MultiLineString","coordinates":[[[6.014562,50.802556],[6.015794,50.8042],[6.016049,50.804603],[6.016219,50.804775],[6.01838,50.806103],[6.020527,50.807311],[6.020772,50.807395],[6.021121,50.807454],[6.022656,50.807585],[6.024412,50.807839],[6.024756,50.80792],[6.025023,50.808024],[6.026068,50.808849],[6.026627,50.809172],[6.027927,50.809743],[6.02957,50.810356],[6.030581,50.810813],[6.032333,50.811744]],[[6.010992,50.800356],[6.011069,50.800439],[6.011346,50.800577],[6.01203,50.800854],[6.01293,50.801139],[6.013323,50.801325],[6.014228,50.802149],[6.014562,50.802556]]]},"id":1294},{"type":"Feature","properties":{"id":"1om3lwk","name":"Am Backes","kind":"minor","district":"aachen-mitte","level":"aachen-mitte-28","importance":1162,"center":[6.05401,50.762307],"length":324},"geometry":{"type":"MultiLineString","coordinates":[[[6.054654,50.763455],[6.054728,50.763347],[6.054733,50.763137],[6.0546,50.762837],[6.053915,50.762228],[6.053384,50.761847],[6.053069,50.761952],[6.052714,50.762145]],[[6.053915,50.762228],[6.053488,50.762452],[6.053287,50.762523]]]},"id":1295},{"type":"Feature","properties":{"id":"1omc4x9","name":"Steinstraße","kind":"minor","district":"eilendorf","level":"eilendorf-2","importance":1246,"center":[6.156138,50.779181],"length":491},"geometry":{"type":"LineString","coordinates":[[6.153788,50.780796],[6.155504,50.779574],[6.156558,50.778907],[6.157351,50.778274],[6.158477,50.777677],[6.158579,50.777596]]},"id":1296},{"type":"Feature","properties":{"id":"1ompyf8","name":"Kesselweg","kind":"minor","district":"aachen-mitte","level":"aachen-mitte-35","importance":1134,"center":[6.040327,50.721425],"length":269},"geometry":{"type":"MultiLineString","coordinates":[[[6.039397,50.722425],[6.039546,50.72172],[6.039597,50.721667],[6.041589,50.720992]],[[6.041589,50.720992],[6.041903,50.720921]]]},"id":1297},{"type":"Feature","properties":{"id":"1omw4nn","name":"Kirchplatz","kind":"minor","district":"eilendorf","level":"eilendorf-2","importance":1049,"center":[6.152532,50.779235],"length":98},"geometry":{"type":"LineString","coordinates":[[6.152354,50.779741],[6.152657,50.779506],[6.152725,50.779407],[6.152659,50.779288],[6.152206,50.779106]]},"id":1298},{"type":"Feature","properties":{"id":"1onr9uu","name":"Hofenbornstraße","kind":"minor","district":"haaren","level":"haaren-3","importance":1424,"center":[6.126671,50.791132],"length":847},"geometry":{"type":"LineString","coordinates":[[6.131162,50.790626],[6.130209,50.790063],[6.129915,50.789957],[6.129468,50.789925],[6.129009,50.790017],[6.128783,50.790105],[6.124522,50.792208],[6.124275,50.792391],[6.122522,50.794092],[6.122466,50.794217]]},"id":1299},{"type":"Feature","properties":{"id":"1oofel5","name":"Im Vennbahnbogen","kind":"minor","district":"brand","level":"brand-4","importance":1288,"center":[6.153412,50.741426],"length":577},"geometry":{"type":"MultiLineString","coordinates":[[[6.155164,50.741821],[6.154141,50.741227],[6.153952,50.741078],[6.153244,50.741337]],[[6.153244,50.741337],[6.152815,50.741041]],[[6.152676,50.741664],[6.152135,50.741931],[6.152466,50.742173]],[[6.152135,50.741931],[6.151634,50.742101]],[[6.153257,50.741329],[6.153566,50.741522]],[[6.153244,50.741337],[6.152676,50.741664],[6.152994,50.741874]],[[6.154924,50.740738],[6.155069,50.74085]],[[6.153952,50.741078],[6.155177,50.740651]]]},"id":1300},{"type":"Feature","properties":{"id":"1otgvri","name":"Zollernstraße","kind":"major","district":"aachen-mitte","level":"aachen-mitte-4","importance":3199,"center":[6.097957,50.769054],"length":398},"geometry":{"type":"MultiLineString","coordinates":[[[6.095244,50.769429],[6.09612,50.769014]],[[6.096476,50.768905],[6.096629,50.768881],[6.096817,50.768893],[6.097558,50.769001]],[[6.099459,50.769252],[6.09963,50.769293]],[[6.09612,50.769014],[6.096476,50.768905]],[[6.09963,50.769293],[6.100546,50.769408]],[[6.097558,50.769001],[6.099459,50.769252]]]},"id":1301},{"type":"Feature","properties":{"id":"1ovlkcb","name":"Im Ginster","kind":"minor","district":"brand","level":"brand-3","importance":1139,"center":[6.170516,50.762719],"length":278},"geometry":{"type":"MultiLineString","coordinates":[[[6.169322,50.761881],[6.170128,50.762323],[6.170471,50.762634],[6.170615,50.762964],[6.170659,50.763215],[6.170628,50.763593]],[[6.170628,50.763593],[6.170468,50.763859],[6.170308,50.76402]]]},"id":1302},{"type":"Feature","properties":{"id":"1oy5zzk","name":"Prinzenhofstraße","kind":"minor","district":"aachen-mitte","level":"aachen-mitte-10","importance":1117,"center":[6.083683,50.772835],"length":234},"geometry":{"type":"MultiLineString","coordinates":[[[6.084458,50.772924],[6.084317,50.772898]],[[6.084166,50.772868],[6.083989,50.772833]],[[6.084317,50.772898],[6.084166,50.772868]],[[6.083523,50.772714],[6.083527,50.77254],[6.083427,50.772159]],[[6.083369,50.773461],[6.08391,50.773003],[6.083892,50.772959],[6.083576,50.772783],[6.083523,50.772714]],[[6.083989,50.772833],[6.083576,50.772783]]]},"id":1303},{"type":"Feature","properties":{"id":"1oz6f80","name":"Am Chorusberg","kind":"minor","district":"aachen-mitte","level":"aachen-mitte-30","importance":1715,"center":[6.082382,50.746953],"length":1430},"geometry":{"type":"MultiLineString","coordinates":[[[6.084775,50.750539],[6.084867,50.750222],[6.08459,50.749641]],[[6.084264,50.749035],[6.084076,50.748903],[6.083879,50.748698],[6.083284,50.747858],[6.082204,50.746763],[6.081501,50.745863],[6.080774,50.745476]],[[6.080774,50.745476],[6.080492,50.74526],[6.079841,50.744367],[6.079561,50.744175]],[[6.084846,50.750157],[6.085293,50.750094],[6.08581,50.749949],[6.085996,50.74997],[6.086167,50.750132]],[[6.080607,50.74536],[6.080811,50.74533],[6.082354,50.745588]],[[6.080199,50.74483],[6.081079,50.74458],[6.081627,50.744609],[6.081972,50.744699],[6.082102,50.744705]],[[6.085904,50.749948],[6.085933,50.749673],[6.085537,50.749453],[6.085459,50.749376],[6.085389,50.749211]],[[6.079514,50.743997],[6.079402,50.743375],[6.079453,50.743017],[6.079409,50.742938]],[[6.079561,50.744175],[6.079514,50.743997]],[[6.08459,50.749641],[6.084369,50.749128],[6.084264,50.749035]]]},"id":1304},{"type":"Feature","properties":{"id":"1ozon4s","name":"Soerser Weg","kind":"major","district":"laurensberg","level":"laurensberg-2","importance":4000,"center":[6.093016,50.796862],"length":3195},"geometry":{"type":"MultiLineString","coordinates":[[[6.090538,50.784418],[6.090407,50.784538],[6.09023,50.784827]],[[6.095218,50.799341],[6.095159,50.799499],[6.095259,50.799685]],[[6.091952,50.803723],[6.09174,50.803998],[6.091593,50.804324]],[[6.091593,50.804324],[6.091519,50.804622],[6.09151,50.804922],[6.091633,50.805421],[6.091838,50.805782],[6.092834,50.807153],[6.093019,50.807522],[6.093111,50.807821],[6.093161,50.808203],[6.093126,50.808685],[6.092901,50.80929]],[[6.090308,50.793221],[6.092917,50.796724],[6.093998,50.798263],[6.094738,50.799106]],[[6.095156,50.801943],[6.095058,50.802013]],[[6.095058,50.802013],[6.094506,50.802326],[6.09279,50.803089],[6.092416,50.803316],[6.091952,50.803723]],[[6.088775,50.790961],[6.089123,50.791604],[6.089828,50.792567]],[[6.092544,50.809817],[6.092013,50.810402]],[[6.089187,50.789143],[6.088604,50.790007],[6.088522,50.79019]],[[6.095538,50.80006],[6.095684,50.800339],[6.095754,50.800601],[6.095756,50.800994],[6.09559,50.801442],[6.095425,50.801674],[6.095156,50.801943]],[[6.095259,50.799685],[6.095538,50.80006]],[[6.090095,50.785726],[6.090181,50.786039],[6.090172,50.786248],[6.089682,50.787179],[6.089569,50.788159],[6.089228,50.789081]],[[6.090045,50.792868],[6.090197,50.793071]],[[6.089828,50.792567],[6.090045,50.792868]],[[6.094738,50.799106],[6.094884,50.799225],[6.095218,50.799341]],[[6.092901,50.80929],[6.092544,50.809817]],[[6.088658,50.790718],[6.088775,50.790961]],[[6.088522,50.79019],[6.088533,50.790399],[6.088658,50.790718]],[[6.090197,50.793071],[6.090308,50.793221]],[[6.089228,50.789081],[6.089187,50.789143]],[[6.090145,50.785029],[6.090044,50.785386],[6.090095,50.785726]],[[6.09023,50.784827],[6.090145,50.785029]]]},"id":1305},{"type":"Feature","properties":{"id":"1ozteiv","name":"Am Haarberg","kind":"minor","district":"haaren","level":"haaren-3","importance":1398,"center":[6.133848,50.79892],"length":796},"geometry":{"type":"MultiLineString","coordinates":[[[6.132019,50.801561],[6.132502,50.801236],[6.132589,50.801142],[6.132616,50.800933],[6.132488,50.800478],[6.13259,50.800149],[6.133512,50.799187],[6.134302,50.79857],[6.134541,50.798231],[6.134881,50.797421],[6.135455,50.796775]],[[6.132992,50.799718],[6.13325,50.799815],[6.133305,50.799864],[6.13307,50.80029]],[[6.135249,50.796998],[6.134689,50.796844],[6.134661,50.796872],[6.133997,50.796745],[6.133742,50.796777]]]},"id":1306},{"type":"Feature","properties":{"id":"1p1879p","name":"Triebelsstraße","kind":"minor","district":"aachen-mitte","level":"aachen-mitte-20","importance":1063,"center":[6.106504,50.769327],"length":125},"geometry":{"type":"LineString","coordinates":[[6.106648,50.768961],[6.106264,50.770061]]},"id":1307},{"type":"Feature","properties":{"id":"1p1zjy9","name":"Hasencleverstraße","kind":"minor","district":"aachen-mitte","level":"aachen-mitte-29","importance":1139,"center":[6.12016,50.765277],"length":279},"geometry":{"type":"MultiLineString","coordinates":[[[6.118757,50.766172],[6.12108,50.76469]],[[6.120924,50.764584],[6.120447,50.764876]]]},"id":1308},{"type":"Feature","properties":{"id":"1p7qmlr","name":"Kurparkterrassen","kind":"square","district":"aachen-mitte","level":"aachen-mitte-5","importance":3000,"center":[6.095278,50.765286],"length":0},"geometry":{"type":"Polygon","coordinates":[[[6.095368,50.765222],[6.095601,50.765416],[6.095454,50.765486],[6.09559,50.7656],[6.095546,50.765621],[6.095451,50.765543],[6.095314,50.765609],[6.095055,50.765397],[6.095146,50.765352],[6.094818,50.765096],[6.09501,50.764997],[6.095064,50.765039],[6.095259,50.76494],[6.095466,50.765099],[6.095236,50.765209],[6.095294,50.765258],[6.095368,50.765222]]]},"id":1309},{"type":"Feature","properties":{"id":"1p94g5g","name":"Dreiwohnheimseck","kind":"square","district":"aachen-mitte","level":"aachen-mitte-5","importance":3000,"center":[6.067195,50.777927],"length":0},"geometry":{"type":"Polygon","coordinates":[[[6.067036,50.77803],[6.067369,50.778079],[6.067422,50.777929],[6.067082,50.777881],[6.067126,50.777751],[6.067031,50.777737],[6.067025,50.777751],[6.067048,50.777754],[6.066954,50.778019],[6.067036,50.77803]]]},"id":1310},{"type":"Feature","properties":{"id":"1pb0i1d","name":"Eisenhüttenweg","kind":"minor","district":"kornelimuenster-walheim","level":"kornelimuenster-walheim-2","importance":1310,"center":[6.15068,50.697951],"length":619},"geometry":{"type":"MultiLineString","coordinates":[[[6.148644,50.695405],[6.148638,50.69555],[6.149305,50.696422]],[[6.149305,50.696422],[6.150115,50.697558],[6.1503,50.697736],[6.150888,50.698059],[6.151235,50.698352],[6.151471,50.698657],[6.151819,50.699229],[6.152061,50.699404],[6.153275,50.69996]]]},"id":1311},{"type":"Feature","properties":{"id":"1pjh9nc","name":"Lukasstraße","kind":"minor","district":"aachen-mitte","level":"aachen-mitte-23","importance":1318,"center":[6.105743,50.793455],"length":637},"geometry":{"type":"LineString","coordinates":[[6.106663,50.790642],[6.105783,50.791167],[6.105547,50.791368],[6.105397,50.791551],[6.105228,50.791851],[6.105135,50.792169],[6.105132,50.792494],[6.105203,50.792767],[6.105435,50.793163],[6.105687,50.79341],[6.108253,50.795364]]},"id":1312},{"type":"Feature","properties":{"id":"1pjhrp3","name":"Johanniterstraße","kind":"minor","district":"aachen-mitte","level":"aachen-mitte-12","importance":1089,"center":[6.077172,50.774544],"length":179},"geometry":{"type":"LineString","coordinates":[[6.076116,50.773889],[6.076279,50.773943],[6.0779,50.775024]]},"id":1313},{"type":"Feature","properties":{"id":"1po58wt","name":"Abteigarten","kind":"minor","district":"kornelimuenster-walheim","level":"kornelimuenster-walheim-7","importance":1176,"center":[6.181226,50.729657],"length":351},"geometry":{"type":"MultiLineString","coordinates":[[[6.182554,50.729016],[6.182083,50.72935]],[[6.180349,50.729187],[6.180838,50.728681],[6.181295,50.728333]],[[6.181966,50.729418],[6.181496,50.729619]],[[6.182083,50.72935],[6.181966,50.729418]],[[6.181096,50.729675],[6.180648,50.729765],[6.180562,50.729751],[6.180502,50.729708],[6.180349,50.729187]],[[6.181496,50.729619],[6.181096,50.729675]]]},"id":1314},{"type":"Feature","properties":{"id":"1psw6vw","name":"Borngasse","kind":"minor","district":"aachen-mitte","level":"aachen-mitte-10","importance":1243,"center":[6.088477,50.771509],"length":487},"geometry":{"type":"MultiLineString","coordinates":[[[6.085569,50.769934],[6.086216,50.770111],[6.086684,50.770276],[6.087052,50.77048]],[[6.088981,50.771832],[6.089148,50.772018],[6.089898,50.772349]],[[6.087535,50.770985],[6.087705,50.771152],[6.088598,50.771554]],[[6.089898,50.772349],[6.090161,50.772526]],[[6.090161,50.772526],[6.090553,50.773304]],[[6.088598,50.771554],[6.088814,50.771635],[6.088981,50.771832]],[[6.087052,50.77048],[6.08718,50.770611]]]},"id":1315},{"type":"Feature","properties":{"id":"1pv9cqr","name":"Mühlenweg","kind":"minor","district":"kornelimuenster-walheim","level":"kornelimuenster-walheim-7","importance":1060,"center":[6.190275,50.725955],"length":121},"geometry":{"type":"LineString","coordinates":[[6.190718,50.725619],[6.190698,50.725723],[6.190303,50.725936],[6.190222,50.726019],[6.190198,50.726402],[6.190327,50.726546]]},"id":1316},{"type":"Feature","properties":{"id":"1pwk1du","name":"Fichthang","kind":"minor","district":"aachen-mitte","level":"aachen-mitte-28","importance":1163,"center":[6.056534,50.756146],"length":326},"geometry":{"type":"MultiLineString","coordinates":[[[6.057799,50.756047],[6.057599,50.756141],[6.057355,50.756198],[6.057131,50.756204],[6.056741,50.756124],[6.055682,50.75539]],[[6.05653,50.756099],[6.056538,50.756193],[6.056743,50.756596],[6.056677,50.756689],[6.056557,50.756742],[6.056332,50.756721],[6.055972,50.756569]],[[6.056591,50.756028],[6.05653,50.756099]]]},"id":1317},{"type":"Feature","properties":{"id":"1pwvfah","name":"Barbarossaplatz","kind":"minor","district":"aachen-mitte","level":"aachen-mitte-21","importance":1029,"center":[6.075566,50.764702],"length":58},"geometry":{"type":"MultiLineString","coordinates":[[[6.07532,50.764858],[6.075813,50.764547]],[[6.075813,50.764547],[6.075898,50.764489]]]},"id":1318},{"type":"Feature","properties":{"id":"1q2as72","name":"Leydelstraße","kind":"minor","district":"aachen-mitte","level":"aachen-mitte-16","importance":1057,"center":[6.089539,50.769414],"length":115},"geometry":{"type":"MultiLineString","coordinates":[[[6.090201,50.768972],[6.089998,50.769108]],[[6.089998,50.769108],[6.08908,50.76972]]]},"id":1319},{"type":"Feature","properties":{"id":"1q2klef","name":"Franz-Delheid-Straße","kind":"minor","district":"eilendorf","level":"eilendorf-5","importance":1156,"center":[6.164101,50.773666],"length":312},"geometry":{"type":"LineString","coordinates":[[6.163612,50.774976],[6.1638,50.774908],[6.164032,50.774599],[6.16412,50.774378],[6.164157,50.773959],[6.164081,50.773574],[6.163893,50.773187],[6.163697,50.772952],[6.163338,50.772672],[6.163004,50.772527]]},"id":1320},{"type":"Feature","properties":{"id":"1q4o2in","name":"Karlstraße","kind":"minor","district":"eilendorf","level":"eilendorf-2","importance":1481,"center":[6.150543,50.781145],"length":963},"geometry":{"type":"MultiLineString","coordinates":[[[6.155594,50.783231],[6.155408,50.783203],[6.153512,50.782212],[6.151068,50.781411],[6.150294,50.781019]],[[6.147407,50.778545],[6.146262,50.777212]],[[6.150294,50.781019],[6.148576,50.779857],[6.147407,50.778545]]]},"id":1321},{"type":"Feature","properties":{"id":"1q6af11","name":"Kaubendenstraße","kind":"minor","district":"eilendorf","level":"eilendorf-3","importance":1303,"center":[6.153558,50.767935],"length":607},"geometry":{"type":"MultiLineString","coordinates":[[[6.151158,50.769043],[6.15323,50.767737],[6.154585,50.766819]],[[6.15323,50.767737],[6.15467,50.768605]],[[6.154585,50.766819],[6.155772,50.766024]]]},"id":1322},{"type":"Feature","properties":{"id":"1q98wpy","name":"Papiermühlenweg","kind":"path","district":"aachen-mitte","level":"aachen-mitte-39","importance":79,"center":[6.102139,50.772674],"length":157},"geometry":{"type":"MultiLineString","coordinates":[[[6.101969,50.773185],[6.102043,50.772775],[6.102205,50.772604],[6.102567,50.772409],[6.102722,50.772134]],[[6.101947,50.773318],[6.101969,50.773185]],[[6.101935,50.773392],[6.101947,50.773318]]]},"id":1323},{"type":"Feature","properties":{"id":"1qay75g","name":"Zollamtstraße","kind":"minor","district":"aachen-mitte","level":"aachen-mitte-16","importance":1171,"center":[6.088748,50.767712],"length":342},"geometry":{"type":"MultiLineString","coordinates":[[[6.08713,50.767133],[6.087549,50.767299]],[[6.089465,50.767872],[6.089734,50.767916]],[[6.089369,50.76804],[6.08922,50.768272]],[[6.089139,50.768413],[6.089104,50.768478]],[[6.08922,50.768272],[6.089139,50.768413]],[[6.087549,50.767299],[6.088488,50.767656],[6.089008,50.767767]],[[6.089734,50.767916],[6.090459,50.768063]],[[6.089008,50.767767],[6.089465,50.767872]],[[6.089465,50.767872],[6.089369,50.76804]],[[6.090459,50.768063],[6.090403,50.76817]]]},"id":1324},{"type":"Feature","properties":{"id":"1qd46cu","name":"Paul-Küpper-Platz","kind":"path","district":"brand","level":"brand-7","importance":49,"center":[6.163921,50.747438],"length":99},"geometry":{"type":"MultiLineString","coordinates":[[[6.164156,50.747181],[6.163846,50.747397],[6.163995,50.747478]],[[6.163859,50.747661],[6.163995,50.747478]],[[6.163995,50.747478],[6.164283,50.747281]]]},"id":1325},{"type":"Feature","properties":{"id":"1qdc7y8","name":"Scheibenstraße","kind":"square","district":"aachen-mitte","level":"aachen-mitte-4","importance":3000,"center":[6.101525,50.776641],"length":0},"geometry":{"type":"Polygon","coordinates":[[[6.101655,50.776189],[6.101442,50.776193],[6.101452,50.776388],[6.101422,50.776389],[6.101415,50.776423],[6.10143,50.776762],[6.101387,50.776763],[6.101404,50.777072],[6.101701,50.777072],[6.101655,50.776189]]]},"id":1326},{"type":"Feature","properties":{"id":"1qkg9hi","name":"Augustinerbach","kind":"minor","district":"aachen-mitte","level":"aachen-mitte-9","importance":1083,"center":[6.081721,50.777229],"length":166},"geometry":{"type":"MultiLineString","coordinates":[[[6.082619,50.777686],[6.082197,50.777516]],[[6.080908,50.776677],[6.080977,50.776721]],[[6.080977,50.776721],[6.081837,50.77731],[6.082197,50.777516]]]},"id":1327},{"type":"Feature","properties":{"id":"1ql3l26","name":"Gottfried-Dossing-Platz","kind":"minor","district":"aachen-mitte","level":"aachen-mitte-14","importance":1073,"center":[6.083987,50.766182],"length":146},"geometry":{"type":"MultiLineString","coordinates":[[[6.084353,50.766196],[6.083888,50.766502]],[[6.083888,50.766502],[6.08355,50.766198]],[[6.08355,50.766198],[6.083621,50.766169],[6.084353,50.766196]]]},"id":1328},{"type":"Feature","properties":{"id":"1qlbdne","name":"Grünenthal","kind":"minor","district":"richterich","level":"richterich-3","importance":1563,"center":[6.051483,50.811758],"length":1127},"geometry":{"type":"MultiLineString","coordinates":[[[6.047859,50.809945],[6.048128,50.810272],[6.048249,50.810353],[6.049211,50.810781],[6.049567,50.810855]],[[6.050208,50.810193],[6.049648,50.810723]],[[6.049567,50.810855],[6.04947,50.811082],[6.049041,50.811487],[6.049707,50.811773],[6.049836,50.811855]],[[6.053321,50.812728],[6.053533,50.812793]],[[6.053533,50.812793],[6.054127,50.812973],[6.054237,50.813074],[6.054589,50.813566],[6.054958,50.814439]],[[6.052401,50.812492],[6.052468,50.812531],[6.053321,50.812728]],[[6.051921,50.811677],[6.052952,50.811487],[6.053052,50.811492],[6.05311,50.811527],[6.053112,50.811647],[6.052401,50.812492]],[[6.049567,50.810855],[6.049782,50.810867],[6.050091,50.810975],[6.05114,50.811703],[6.051171,50.811763]],[[6.051171,50.811763],[6.051518,50.811754],[6.051921,50.811677]],[[6.049648,50.810723],[6.049567,50.810855]]]},"id":1329},{"type":"Feature","properties":{"id":"1qmi18h","name":"Fronhofer Weg","kind":"path","district":"kornelimuenster-walheim","level":"kornelimuenster-walheim-9","importance":133,"center":[6.187845,50.730506],"length":266},"geometry":{"type":"LineString","coordinates":[[6.187021,50.731649],[6.187453,50.731211],[6.187787,50.730667],[6.187903,50.730346],[6.187902,50.730202],[6.188085,50.729726],[6.187919,50.729421]]},"id":1330},{"type":"Feature","properties":{"id":"1qmnbj7","name":"Alfonsstraße","kind":"minor","district":"aachen-mitte","level":"aachen-mitte-13","importance":1143,"center":[6.097673,50.772072],"length":286},"geometry":{"type":"LineString","coordinates":[[6.097809,50.770274],[6.097887,50.770382],[6.097569,50.772824]]},"id":1331},{"type":"Feature","properties":{"id":"1qpejxu","name":"Belvedereallee","kind":"minor","district":"aachen-mitte","level":"aachen-mitte-15","importance":1768,"center":[6.079116,50.786508],"length":1535},"geometry":{"type":"MultiLineString","coordinates":[[[6.075288,50.788755],[6.07543,50.788758],[6.076875,50.78823]],[[6.076875,50.78823],[6.076691,50.78797],[6.076727,50.787784]],[[6.079529,50.786403],[6.080274,50.786206],[6.08096,50.785799],[6.081346,50.785631],[6.081594,50.785603],[6.081824,50.785625],[6.082012,50.785685],[6.082098,50.785757]],[[6.075288,50.788755],[6.075311,50.788675],[6.076109,50.788037],[6.076494,50.787675],[6.076988,50.787089],[6.077225,50.786878],[6.078149,50.786333],[6.080669,50.785352],[6.082454,50.784892]],[[6.076727,50.787784],[6.07685,50.787671],[6.077443,50.787348],[6.077699,50.787169],[6.077956,50.787045],[6.078442,50.786875],[6.078972,50.786563],[6.079261,50.786453],[6.079529,50.786403]],[[6.082513,50.784808],[6.082798,50.784541],[6.082938,50.784486],[6.083534,50.784361],[6.083737,50.784366],[6.083886,50.784418],[6.084021,50.784531],[6.08433,50.784895],[6.084413,50.784944],[6.084499,50.784948]],[[6.082454,50.784892],[6.082513,50.784808]]]},"id":1332},{"type":"Feature","properties":{"id":"1qprijo","name":"Dreiländerweg","kind":"path","district":"laurensberg","level":"laurensberg-9","importance":75,"center":[6.022124,50.753796],"length":150},"geometry":{"type":"MultiLineString","coordinates":[[[6.02127,50.753564],[6.021448,50.753569]],[[6.021448,50.753569],[6.021729,50.753621],[6.022082,50.75377],[6.022828,50.754395]]]},"id":1333},{"type":"Feature","properties":{"id":"1qqzdk0","name":"Zum Blauen Stein","kind":"minor","district":"laurensberg","level":"laurensberg-8","importance":1332,"center":[6.096463,50.810016],"length":664},"geometry":{"type":"MultiLineString","coordinates":[[[6.092013,50.810402],[6.094246,50.810327],[6.094612,50.810216],[6.095068,50.809941],[6.095241,50.809926],[6.096303,50.80999],[6.098025,50.81033]],[[6.098025,50.81033],[6.100514,50.81039],[6.101141,50.810429]]]},"id":1334},{"type":"Feature","properties":{"id":"1qtpt4r","name":"Elsternweg","kind":"path","district":"aachen-mitte","level":"aachen-mitte-40","importance":35,"center":[6.13362,50.765269],"length":70},"geometry":{"type":"LineString","coordinates":[[6.133457,50.765696],[6.133687,50.765086]]},"id":1335},{"type":"Feature","properties":{"id":"1qw468g","name":"Schwester-Sibylla-Weg","kind":"minor","district":"eilendorf","level":"eilendorf-4","importance":1141,"center":[6.160072,50.78372],"length":283},"geometry":{"type":"MultiLineString","coordinates":[[[6.161032,50.783165],[6.160956,50.783048],[6.160766,50.782929]],[[6.159608,50.784015],[6.159977,50.783815],[6.160167,50.783625],[6.160934,50.783181],[6.161157,50.783152],[6.161273,50.783082]],[[6.158713,50.784585],[6.1588,50.784485],[6.159608,50.784015]]]},"id":1336},{"type":"Feature","properties":{"id":"1qw5cer","name":"Schillerstraße","kind":"minor","district":"aachen-mitte","level":"aachen-mitte-21","importance":1432,"center":[6.079988,50.762414],"length":864},"geometry":{"type":"MultiLineString","coordinates":[[[6.076962,50.763804],[6.077468,50.763541],[6.078717,50.763014]],[[6.081421,50.759758],[6.081253,50.759894]],[[6.080868,50.761699],[6.081552,50.760969],[6.08211,50.760504]],[[6.08211,50.760504],[6.081535,50.759825],[6.081421,50.759758],[6.080539,50.758843]],[[6.078717,50.763014],[6.079381,50.762736]],[[6.079381,50.762736],[6.079817,50.762521],[6.080159,50.762307],[6.080868,50.761699]],[[6.076023,50.764504],[6.076105,50.764333],[6.076497,50.764083]],[[6.076497,50.764083],[6.076962,50.763804]]]},"id":1337},{"type":"Feature","properties":{"id":"1qztai3","name":"Senserbachweg","kind":"minor","district":"laurensberg","level":"laurensberg-4","importance":2000,"center":[6.01362,50.779923],"length":2796},"geometry":{"type":"MultiLineString","coordinates":[[[6.028445,50.774522],[6.028248,50.774447],[6.028098,50.774437],[6.027816,50.774525],[6.027071,50.77543],[6.0269,50.775571],[6.02667,50.775691],[6.024907,50.776105],[6.021774,50.776683],[6.021107,50.776872],[6.020582,50.77709],[6.01725,50.77875],[6.016567,50.779042],[6.014257,50.779778],[6.011162,50.78052],[6.008173,50.781659],[6.006454,50.78275],[6.005079,50.783879],[6.004545,50.784113],[6.001929,50.785022],[6.000372,50.786029],[6.000137,50.786243]],[[6.02936,50.775282],[6.029113,50.775215]],[[6.029137,50.775165],[6.0294,50.77518]],[[5.998429,50.787132],[5.998062,50.787155]],[[5.998062,50.787155],[5.997894,50.787243]],[[5.999695,50.786849],[5.99947,50.786937],[5.998799,50.787094]],[[5.998799,50.787094],[5.998429,50.787132]],[[6.000032,50.786392],[5.999695,50.786849]],[[6.029058,50.77518],[6.028866,50.775097],[6.02872,50.774963],[6.028547,50.77463],[6.028445,50.774522]],[[6.000137,50.786243],[6.000032,50.786392]],[[6.029113,50.775215],[6.029058,50.77518]],[[6.029058,50.77518],[6.029137,50.775165]]]},"id":1338},{"type":"Feature","properties":{"id":"1r16hd0","name":"Kaiserplatz","kind":"minor","district":"aachen-mitte","level":"aachen-mitte-13","importance":1029,"center":[6.095667,50.774568],"length":59},"geometry":{"type":"LineString","coordinates":[[6.095253,50.774579],[6.096087,50.774576]]},"id":1339},{"type":"Feature","properties":{"id":"1r18l08","name":"Frans-Masereel-Straße","kind":"minor","district":"aachen-mitte","level":"aachen-mitte-28","importance":1022,"center":[6.055472,50.762143],"length":44},"geometry":{"type":"LineString","coordinates":[[6.05578,50.761999],[6.055677,50.762066],[6.055266,50.762219]]},"id":1340},{"type":"Feature","properties":{"id":"1r4r5ls","name":"Im Mariental","kind":"minor","district":"aachen-mitte","level":"aachen-mitte-10","importance":1095,"center":[6.083671,50.770025],"length":189},"geometry":{"type":"LineString","coordinates":[[6.082926,50.770592],[6.084133,50.769671],[6.08468,50.769307]]},"id":1341},{"type":"Feature","properties":{"id":"1r5o1j5","name":"Wilbankstraße","kind":"major","district":"kornelimuenster-walheim","level":"kornelimuenster-walheim-1","importance":3906,"center":[6.148249,50.689257],"length":1812},"geometry":{"type":"MultiLineString","coordinates":[[[6.144189,50.681546],[6.144232,50.68162]],[[6.150493,50.691148],[6.151305,50.691773],[6.151426,50.691818],[6.151615,50.691817],[6.152402,50.691486],[6.152599,50.691361],[6.152652,50.691276],[6.152635,50.690906],[6.152729,50.690776]],[[6.155968,50.691856],[6.153726,50.691129],[6.152729,50.690776]],[[6.145173,50.684993],[6.145405,50.686264],[6.145516,50.686601],[6.14569,50.686966],[6.145935,50.687291],[6.146263,50.68764],[6.148042,50.689077],[6.149034,50.689962],[6.150493,50.691148]],[[6.144553,50.682772],[6.145173,50.684993]],[[6.14545,50.685173],[6.145214,50.685238]],[[6.15433,50.690543],[6.154034,50.690707],[6.153543,50.691061]],[[6.144232,50.68162],[6.144553,50.682772]]]},"id":1342},{"type":"Feature","properties":{"id":"1r600uy","name":"Heinrichsallee","kind":"major","district":"aachen-mitte","level":"aachen-mitte-2","importance":3711,"center":[6.095124,50.776387],"length":1423},"geometry":{"type":"MultiLineString","coordinates":[[[6.094637,50.777805],[6.094416,50.778297]],[[6.095566,50.775585],[6.095663,50.775474]],[[6.095143,50.776677],[6.095041,50.776903]],[[6.094518,50.775524],[6.094439,50.775317]],[[6.094482,50.777766],[6.094251,50.778264]],[[6.095145,50.776033],[6.095163,50.775774],[6.095125,50.775705],[6.094839,50.775507]],[[6.09411,50.778236],[6.0949,50.776578]],[[6.094938,50.77649],[6.095022,50.776311]],[[6.096014,50.775286],[6.095913,50.775513],[6.095536,50.775968]],[[6.094439,50.775317],[6.094354,50.775032]],[[6.09482,50.777396],[6.094637,50.777805]],[[6.096087,50.774576],[6.096119,50.774748],[6.096037,50.775195]],[[6.095041,50.776903],[6.09482,50.777396]],[[6.095022,50.776311],[6.095145,50.776033]],[[6.095536,50.775968],[6.095167,50.776625]],[[6.094839,50.775507],[6.094537,50.775388],[6.094439,50.775317]],[[6.095145,50.776033],[6.095566,50.775585]],[[6.095167,50.776625],[6.095143,50.776677]],[[6.0949,50.776578],[6.094938,50.77649]],[[6.095816,50.775301],[6.095985,50.774736],[6.096087,50.774576]],[[6.096037,50.775195],[6.095874,50.775363],[6.095663,50.775474]],[[6.095692,50.775631],[6.095273,50.776117]],[[6.096014,50.775286],[6.095692,50.775631]],[[6.095273,50.776117],[6.094482,50.777766]],[[6.095663,50.775474],[6.095816,50.775301]],[[6.096037,50.775195],[6.096014,50.775286]]]},"id":1343},{"type":"Feature","properties":{"id":"1r6x8cy","name":"Rödgerheidweg","kind":"minor","district":"aachen-mitte","level":"aachen-mitte-37","importance":1069,"center":[6.14009,50.779662],"length":137},"geometry":{"type":"LineString","coordinates":[[6.139531,50.779009],[6.139597,50.779189],[6.140515,50.780063]]},"id":1344},{"type":"Feature","properties":{"id":"1r6zonh","name":"Goertzbrunnstraße","kind":"minor","district":"brand","level":"brand-6","importance":1185,"center":[6.180358,50.752482],"length":369},"geometry":{"type":"MultiLineString","coordinates":[[[6.18018,50.752587],[6.1802,50.752546],[6.180517,50.752417],[6.182448,50.751686]],[[6.180018,50.752553],[6.179336,50.753074]],[[6.179502,50.751732],[6.180517,50.752417]]]},"id":1345},{"type":"Feature","properties":{"id":"1ra3b7d","name":"Alemannenstraße","kind":"minor","district":"aachen-mitte","level":"aachen-mitte-23","importance":1057,"center":[6.093536,50.78953],"length":113},"geometry":{"type":"LineString","coordinates":[[6.09306,50.789636],[6.094012,50.789423],[6.094505,50.789202]]},"id":1346},{"type":"Feature","properties":{"id":"1racdlf","name":"Kronenberg","kind":"minor","district":"aachen-mitte","level":"aachen-mitte-24","importance":2000,"center":[6.053589,50.766274],"length":2216},"geometry":{"type":"MultiLineString","coordinates":[[[6.055702,50.768309],[6.056046,50.768308],[6.056621,50.768394]],[[6.061059,50.766069],[6.060791,50.766077]],[[6.052717,50.765843],[6.052168,50.766308],[6.050421,50.765065]],[[6.051485,50.76356],[6.051648,50.763679],[6.051791,50.763718],[6.051888,50.763712],[6.052271,50.763531],[6.052403,50.763405]],[[6.060791,50.766077],[6.060111,50.766115]],[[6.04997,50.765319],[6.050518,50.765852]],[[6.055654,50.768758],[6.055704,50.768606]],[[6.055534,50.767653],[6.055685,50.768071],[6.055704,50.768606]],[[6.050421,50.765065],[6.050285,50.765065],[6.0496,50.765635],[6.049831,50.765816]],[[6.060111,50.766115],[6.059963,50.766152],[6.059606,50.766154]],[[6.055704,50.768606],[6.055773,50.768751]],[[6.059606,50.766154],[6.059013,50.766152],[6.058424,50.766063],[6.057959,50.765956],[6.057253,50.765675],[6.056424,50.765089],[6.055831,50.764541],[6.05519,50.763812],[6.055039,50.763673],[6.054654,50.763455],[6.054271,50.763408],[6.052403,50.763405],[6.051987,50.763429],[6.051485,50.76356],[6.051104,50.763785],[6.050901,50.764026],[6.050851,50.764391],[6.05092,50.764595],[6.051029,50.764748],[6.05122,50.764923],[6.052493,50.765719],[6.054052,50.766508],[6.054555,50.766802],[6.055181,50.767282],[6.055534,50.767653]],[[6.059606,50.766154],[6.059689,50.766114],[6.060111,50.766115]],[[6.055773,50.768751],[6.055723,50.768861]],[[6.055723,50.768861],[6.055654,50.768758]]]},"id":1347},{"type":"Feature","properties":{"id":"1rb8e2w","name":"Goffartstraße","kind":"minor","district":"aachen-mitte","level":"aachen-mitte-20","importance":1096,"center":[6.104235,50.767814],"length":191},"geometry":{"type":"MultiLineString","coordinates":[[[6.104243,50.768651],[6.104202,50.767858],[6.104269,50.76777]],[[6.10421,50.767499],[6.10417,50.767204]],[[6.104269,50.76777],[6.104395,50.767715],[6.10421,50.767499]],[[6.10417,50.767204],[6.104118,50.767019]]]},"id":1348},{"type":"Feature","properties":{"id":"1reaig4","name":"Komericher Weg","kind":"path","district":"brand","level":"brand-7","importance":161,"center":[6.188187,50.751276],"length":322},"geometry":{"type":"MultiLineString","coordinates":[[[6.186964,50.750157],[6.187272,50.750314]],[[6.187272,50.750314],[6.187693,50.750661],[6.187798,50.750888],[6.188441,50.751503],[6.188778,50.75165],[6.189863,50.751854],[6.189971,50.752097]]]},"id":1349},{"type":"Feature","properties":{"id":"1rghuak","name":"Platz für Demokratie","kind":"square","district":"aachen-mitte","level":"aachen-mitte-1","importance":3000,"center":[6.086474,50.775979],"length":0},"geometry":{"type":"Polygon","coordinates":[[[6.086127,50.775972],[6.086221,50.776001],[6.086365,50.775778],[6.086987,50.775924],[6.086971,50.77597],[6.086566,50.776062],[6.086392,50.77606],[6.086208,50.776031],[6.086108,50.775998],[6.086127,50.775972]]]},"id":1350},{"type":"Feature","properties":{"id":"1riher1","name":"Reiner Mertens Platz","kind":"path","district":"laurensberg","level":"laurensberg-9","importance":21,"center":[6.050709,50.800173],"length":42},"geometry":{"type":"LineString","coordinates":[[6.050559,50.800007],[6.050859,50.800339]]},"id":1351},{"type":"Feature","properties":{"id":"1rjnmmx","name":"Mechtildisstraße","kind":"minor","district":"aachen-mitte","level":"aachen-mitte-25","importance":1080,"center":[6.104186,50.759684],"length":160},"geometry":{"type":"LineString","coordinates":[[6.105232,50.760181],[6.104629,50.759922],[6.103744,50.759447],[6.103555,50.759407],[6.103365,50.75941]]},"id":1352},{"type":"Feature","properties":{"id":"1rp5jue","name":"Im Gödersfeld","kind":"minor","district":"brand","level":"brand-6","importance":1184,"center":[6.178565,50.751538],"length":368},"geometry":{"type":"MultiLineString","coordinates":[[[6.179502,50.751732],[6.17942,50.751626],[6.178872,50.751247],[6.178733,50.751248],[6.178239,50.752169]],[[6.177637,50.75186],[6.179051,50.752169]],[[6.178883,50.751625],[6.178607,50.751459],[6.178064,50.751216]]]},"id":1353},{"type":"Feature","properties":{"id":"1rptwmf","name":"Feldchen","kind":"minor","district":"aachen-mitte","level":"aachen-mitte-32","importance":1258,"center":[6.109568,50.799485],"length":515},"geometry":{"type":"MultiLineString","coordinates":[[[6.110256,50.799725],[6.109993,50.799499],[6.109784,50.799593]],[[6.107551,50.797827],[6.109661,50.799561],[6.109784,50.799593],[6.110044,50.799819],[6.110256,50.799725],[6.110365,50.799734],[6.111177,50.79935],[6.111366,50.799323]],[[6.111366,50.799323],[6.111488,50.799333]],[[6.111488,50.799333],[6.112368,50.79926]]]},"id":1354},{"type":"Feature","properties":{"id":"1rpwm2e","name":"Jackstraße","kind":"minor","district":"brand","level":"brand-3","importance":1093,"center":[6.164221,50.752964],"length":186},"geometry":{"type":"LineString","coordinates":[[6.163719,50.752291],[6.16387,50.752446],[6.164336,50.75314],[6.164676,50.753849]]},"id":1355},{"type":"Feature","properties":{"id":"1ru47u9","name":"Süsterau","kind":"minor","district":"laurensberg","level":"laurensberg-5","importance":1290,"center":[6.059434,50.787925],"length":579},"geometry":{"type":"MultiLineString","coordinates":[[[6.060679,50.788771],[6.059603,50.788033],[6.059073,50.78771],[6.058546,50.787464],[6.057905,50.787357],[6.057832,50.787277],[6.057929,50.787189],[6.058083,50.787185],[6.058546,50.787464]],[[6.06014,50.788418],[6.059452,50.78918],[6.058693,50.789901],[6.058829,50.789966]],[[6.058693,50.789901],[6.058576,50.789845]],[[6.058829,50.789966],[6.059138,50.790113]]]},"id":1356},{"type":"Feature","properties":{"id":"1rw768f","name":"Wichernstraße","kind":"minor","district":"aachen-mitte","level":"aachen-mitte-14","importance":1086,"center":[6.07571,50.766674],"length":172},"geometry":{"type":"LineString","coordinates":[[6.076572,50.766242],[6.076036,50.766491],[6.075383,50.766856],[6.074779,50.767285]]},"id":1357},{"type":"Feature","properties":{"id":"1s52plr","name":"Klosterweiher","kind":"path","district":"aachen-mitte","level":"aachen-mitte-39","importance":86,"center":[6.093509,50.761469],"length":173},"geometry":{"type":"MultiLineString","coordinates":[[[6.093918,50.761191],[6.093716,50.761373],[6.093318,50.761564],[6.092875,50.762051]],[[6.093634,50.761415],[6.093934,50.761628],[6.094165,50.761709]]]},"id":1358},{"type":"Feature","properties":{"id":"1s57uzz","name":"Laachgasse","kind":"minor","district":"haaren","level":"haaren-4","importance":1069,"center":[6.123648,50.795852],"length":138},"geometry":{"type":"LineString","coordinates":[[6.124395,50.795729],[6.1229,50.795975],[6.122538,50.796106]]},"id":1359},{"type":"Feature","properties":{"id":"1s8px30","name":"Heidbendenstraße","kind":"minor","district":"aachen-mitte","level":"aachen-mitte-30","importance":1191,"center":[6.101373,50.751721],"length":382},"geometry":{"type":"MultiLineString","coordinates":[[[6.100715,50.752272],[6.100739,50.752117],[6.101146,50.751792],[6.101599,50.751651]],[[6.101502,50.753266],[6.101645,50.752891],[6.101714,50.752132],[6.10167,50.751796],[6.101438,50.751451],[6.101226,50.751275],[6.100815,50.751019],[6.100745,50.750931]]]},"id":1360},{"type":"Feature","properties":{"id":"1s95nm7","name":"Auf der Maar","kind":"minor","district":"laurensberg","level":"laurensberg-6","importance":1060,"center":[6.051256,50.800801],"length":121},"geometry":{"type":"LineString","coordinates":[[6.051374,50.801403],[6.051437,50.8012],[6.051425,50.801096],[6.051177,50.800666],[6.05091,50.800399]]},"id":1361},{"type":"Feature","properties":{"id":"1segla3","name":"Bertholdstraße","kind":"minor","district":"aachen-mitte","level":"aachen-mitte-30","importance":1149,"center":[6.088483,50.752323],"length":297},"geometry":{"type":"LineString","coordinates":[[6.087295,50.753337],[6.088023,50.75266],[6.088596,50.752255],[6.090354,50.751559]]},"id":1362},{"type":"Feature","properties":{"id":"1sehfh3","name":"Sigsfeldstraße","kind":"minor","district":"brand","level":"brand-3","importance":1153,"center":[6.166354,50.761807],"length":305},"geometry":{"type":"MultiLineString","coordinates":[[[6.167913,50.762268],[6.167111,50.762385],[6.166981,50.762375],[6.166868,50.76233],[6.166228,50.761678],[6.166174,50.761518],[6.166036,50.761507],[6.165781,50.761574]],[[6.166174,50.761518],[6.166282,50.761372],[6.165702,50.760776]]]},"id":1363},{"type":"Feature","properties":{"id":"1sejsp6","name":"Feldstraße","kind":"minor","district":"aachen-mitte","level":"aachen-mitte-32","importance":1362,"center":[6.114827,50.790437],"length":723},"geometry":{"type":"MultiLineString","coordinates":[[[6.112352,50.787905],[6.114216,50.78933]],[[6.115231,50.790852],[6.114267,50.79129]],[[6.113912,50.789479],[6.114433,50.789922],[6.114892,50.790514],[6.115231,50.790852],[6.117429,50.792673]]]},"id":1364},{"type":"Feature","properties":{"id":"1si8hww","name":"Tittardshang","kind":"minor","district":"laurensberg","level":"laurensberg-7","importance":1163,"center":[6.064179,50.802844],"length":327},"geometry":{"type":"MultiLineString","coordinates":[[[6.065342,50.802686],[6.064978,50.802713],[6.064265,50.802823],[6.063936,50.802914],[6.063722,50.803057]],[[6.064685,50.802753],[6.06491,50.803306]],[[6.064265,50.802823],[6.064183,50.802533]],[[6.063722,50.803057],[6.063547,50.803218],[6.063117,50.803922]]]},"id":1365},{"type":"Feature","properties":{"id":"1sivstu","name":"Eckenberger Straße","kind":"minor","district":"aachen-mitte","level":"aachen-mitte-22","importance":1241,"center":[6.090749,50.759322],"length":481},"geometry":{"type":"MultiLineString","coordinates":[[[6.089863,50.757961],[6.089932,50.758162],[6.090138,50.758513],[6.090933,50.759565],[6.090992,50.759798],[6.090906,50.76004],[6.090756,50.760268],[6.090036,50.760946]],[[6.090122,50.760576],[6.089594,50.760366]],[[6.089612,50.759884],[6.089594,50.760366]],[[6.090331,50.760659],[6.090122,50.760576]]]},"id":1366},{"type":"Feature","properties":{"id":"1sjcahu","name":"Magelspfad","kind":"major","district":"kornelimuenster-walheim","level":"kornelimuenster-walheim-1","importance":3657,"center":[6.148949,50.687643],"length":1314},"geometry":{"type":"MultiLineString","coordinates":[[[6.147221,50.686348],[6.149105,50.686016],[6.149645,50.686116],[6.149982,50.686099],[6.150293,50.685956],[6.151062,50.685229]],[[6.152729,50.690776],[6.151645,50.690122],[6.149632,50.688095],[6.149112,50.687723],[6.148786,50.687563],[6.148375,50.687436],[6.148138,50.687287],[6.147617,50.686808],[6.147221,50.686348]],[[6.147089,50.68622],[6.146725,50.685927],[6.145262,50.685076],[6.145173,50.684993]],[[6.147221,50.686348],[6.147089,50.68622]],[[6.151062,50.685229],[6.14991,50.684162]]]},"id":1367},{"type":"Feature","properties":{"id":"1skiizu","name":"Tielmanweg","kind":"path","district":"aachen-mitte","level":"aachen-mitte-39","importance":134,"center":[6.060701,50.776564],"length":268},"geometry":{"type":"MultiLineString","coordinates":[[[6.060739,50.776724],[6.059383,50.77685]],[[6.060664,50.776404],[6.060482,50.775675]],[[6.060872,50.777202],[6.060664,50.776404]]]},"id":1368},{"type":"Feature","properties":{"id":"1skolrv","name":"An der Kulprie","kind":"minor","district":"aachen-mitte","level":"aachen-mitte-30","importance":1063,"center":[6.090332,50.755389],"length":126},"geometry":{"type":"LineString","coordinates":[[6.091223,50.755326],[6.089441,50.755452]]},"id":1369},{"type":"Feature","properties":{"id":"1slmpb2","name":"Gasborn","kind":"minor","district":"aachen-mitte","level":"aachen-mitte-13","importance":1146,"center":[6.093688,50.776756],"length":292},"geometry":{"type":"MultiLineString","coordinates":[[[6.094009,50.776382],[6.093423,50.777078]],[[6.09321,50.777333],[6.092756,50.777878]],[[6.094518,50.775524],[6.094501,50.775696],[6.094009,50.776382]],[[6.093423,50.777078],[6.09321,50.777333]]]},"id":1370},{"type":"Feature","properties":{"id":"1sm6ef6","name":"Forsterheider Straße","kind":"major","district":"richterich","level":"richterich-1","importance":3503,"center":[6.05773,50.828336],"length":1005},"geometry":{"type":"MultiLineString","coordinates":[[[6.051236,50.827038],[6.051879,50.827229],[6.052552,50.827388],[6.055271,50.827986]],[[6.058627,50.82831],[6.059027,50.827897]],[[6.055271,50.827986],[6.056839,50.8283],[6.057816,50.828338]],[[6.057816,50.828338],[6.058627,50.82831],[6.060383,50.828137],[6.061616,50.827886],[6.062561,50.827813],[6.064336,50.827826]]]},"id":1371},{"type":"Feature","properties":{"id":"1sn404m","name":"Sandkaulbach","kind":"minor","district":"aachen-mitte","level":"aachen-mitte-11","importance":1078,"center":[6.087489,50.778627],"length":156},"geometry":{"type":"MultiLineString","coordinates":[[[6.088657,50.778539],[6.088468,50.778525],[6.087429,50.778633]],[[6.087429,50.778633],[6.086891,50.778686]],[[6.086891,50.778686],[6.086465,50.778637]]]},"id":1372},{"type":"Feature","properties":{"id":"1snn68x","name":"Wespienstraße","kind":"minor","district":"aachen-mitte","level":"aachen-mitte-13","importance":1185,"center":[6.091976,50.773443],"length":370},"geometry":{"type":"MultiLineString","coordinates":[[[6.091523,50.773442],[6.092429,50.773443]],[[6.090553,50.773304],[6.090599,50.773419],[6.091055,50.773442]],[[6.089551,50.773467],[6.089334,50.773439],[6.089095,50.773522]],[[6.090191,50.773361],[6.090066,50.773381]],[[6.090066,50.773381],[6.089551,50.773467]],[[6.092429,50.773443],[6.094129,50.773348]],[[6.090553,50.773304],[6.090191,50.773361]],[[6.094129,50.773348],[6.094574,50.773249]]]},"id":1373},{"type":"Feature","properties":{"id":"1sso2hh","name":"Rehmannstraße","kind":"minor","district":"aachen-mitte","level":"aachen-mitte-20","importance":1058,"center":[6.102468,50.767957],"length":116},"geometry":{"type":"LineString","coordinates":[[6.102143,50.768375],[6.102739,50.76761],[6.102955,50.767483]]},"id":1374},{"type":"Feature","properties":{"id":"1sx2qy5","name":"Heyder Feldweg","kind":"path","district":"richterich","level":"richterich-5","importance":246,"center":[6.055456,50.8527],"length":493},"geometry":{"type":"MultiLineString","coordinates":[[[6.05571,50.851177],[6.055209,50.854164]],[[6.05571,50.851177],[6.055818,50.851084]],[[6.055818,50.851084],[6.05673,50.851028]],[[6.055209,50.854164],[6.056061,50.854196],[6.056103,50.854236],[6.056064,50.854376]]]},"id":1375},{"type":"Feature","properties":{"id":"1t0ln8k","name":"Henricistraße","kind":"minor","district":"aachen-mitte","level":"aachen-mitte-19","importance":1405,"center":[6.069002,50.785966],"length":810},"geometry":{"type":"MultiLineString","coordinates":[[[6.070406,50.784957],[6.069102,50.785872],[6.06858,50.78646],[6.067094,50.787616],[6.067014,50.787715],[6.066925,50.787961],[6.067033,50.788583],[6.06714,50.788872],[6.067301,50.789096],[6.067385,50.789148],[6.067476,50.789157]],[[6.072461,50.783503],[6.07147,50.784252],[6.070406,50.784957]],[[6.072734,50.783297],[6.072461,50.783503]]]},"id":1376},{"type":"Feature","properties":{"id":"1t0wrq2","name":"Kuckhoffstraße","kind":"square","district":"aachen-mitte","level":"aachen-mitte-3","importance":3000,"center":[6.075633,50.772582],"length":0},"geometry":{"type":"Polygon","coordinates":[[[6.075659,50.772549],[6.075671,50.772756],[6.075621,50.772806],[6.075577,50.772822],[6.075092,50.772643],[6.075085,50.772629],[6.075083,50.772616],[6.075803,50.772462],[6.075875,50.772282],[6.075966,50.772279],[6.076251,50.772396],[6.076234,50.772422],[6.075659,50.772549]]]},"id":1377},{"type":"Feature","properties":{"id":"1t3cy1b","name":"Weidener Viehweg","kind":"minor","district":"haaren","level":"haaren-2","importance":1144,"center":[6.152032,50.801159],"length":289},"geometry":{"type":"LineString","coordinates":[[6.153325,50.802127],[6.153298,50.801715],[6.153198,50.801621],[6.152142,50.801188],[6.15027,50.800719]]},"id":1378},{"type":"Feature","properties":{"id":"1t3oa2z","name":"Am Fassenhof","kind":"minor","district":"kornelimuenster-walheim","level":"kornelimuenster-walheim-4","importance":1105,"center":[6.196121,50.710344],"length":210},"geometry":{"type":"LineString","coordinates":[[6.195192,50.709568],[6.195288,50.709751],[6.195427,50.709906],[6.196815,50.710783],[6.197184,50.710932]]},"id":1379},{"type":"Feature","properties":{"id":"1t3ubc2","name":"Obere Drimbornstraße","kind":"minor","district":"aachen-mitte","level":"aachen-mitte-29","importance":1495,"center":[6.116079,50.764448],"length":990},"geometry":{"type":"MultiLineString","coordinates":[[[6.118992,50.763285],[6.116407,50.764261],[6.115875,50.764573]],[[6.118208,50.765153],[6.117553,50.764689],[6.117387,50.764388]],[[6.115875,50.764573],[6.114834,50.765261],[6.114016,50.765932],[6.113822,50.766143],[6.113721,50.766358],[6.113696,50.766526],[6.113766,50.767174]],[[6.117387,50.764388],[6.117101,50.763988]],[[6.120195,50.762633],[6.119422,50.763089],[6.118992,50.763285]],[[6.113766,50.767174],[6.113782,50.767607],[6.113696,50.767753],[6.113179,50.768106]]]},"id":1380},{"type":"Feature","properties":{"id":"1t42kf2","name":"Emmastraße","kind":"minor","district":"aachen-mitte","level":"aachen-mitte-23","importance":1151,"center":[6.092761,50.79082],"length":303},"geometry":{"type":"LineString","coordinates":[[6.091998,50.789442],[6.092775,50.790842],[6.093763,50.79191]]},"id":1381},{"type":"Feature","properties":{"id":"1t4o33i","name":"Pastorplatz","kind":"minor","district":"aachen-mitte","level":"aachen-mitte-20","importance":1047,"center":[6.103527,50.771207],"length":93},"geometry":{"type":"MultiLineString","coordinates":[[[6.103505,50.771206],[6.103606,50.771219],[6.103694,50.771269],[6.103707,50.771396]],[[6.103707,50.771396],[6.103608,50.77146],[6.103447,50.771466]],[[6.103305,50.771354],[6.103353,50.771254],[6.103505,50.771206]],[[6.103447,50.771466],[6.10335,50.771423],[6.103305,50.771354]]]},"id":1382},{"type":"Feature","properties":{"id":"1t92tgx","name":"Schervierstraße","kind":"minor","district":"aachen-mitte","level":"aachen-mitte-25","importance":1214,"center":[6.097636,50.759313],"length":427},"geometry":{"type":"MultiLineString","coordinates":[[[6.095611,50.758396],[6.095948,50.758638],[6.096344,50.758829],[6.097185,50.759164],[6.098086,50.759463]],[[6.097185,50.759164],[6.097349,50.758959],[6.098265,50.759237],[6.098086,50.759463]],[[6.098086,50.759463],[6.099187,50.759874]]]},"id":1383},{"type":"Feature","properties":{"id":"1ta0olh","name":"Berensberger Straße","kind":"major","district":"laurensberg","level":"laurensberg-2","importance":4000,"center":[6.076732,50.807722],"length":2476},"geometry":{"type":"MultiLineString","coordinates":[[[6.091729,50.810411],[6.091323,50.810432]],[[6.075682,50.807511],[6.075322,50.807471],[6.074874,50.807469]],[[6.074874,50.807469],[6.07391,50.807601]],[[6.092013,50.810402],[6.091637,50.810803]],[[6.083045,50.809085],[6.083406,50.808719]],[[6.082413,50.808965],[6.080935,50.808662],[6.078573,50.808114],[6.075682,50.807511]],[[6.064569,50.808528],[6.061222,50.809199]],[[6.069733,50.80773],[6.068622,50.807606],[6.068016,50.807611],[6.067794,50.807641],[6.067098,50.807776],[6.064569,50.808528]],[[6.090638,50.810451],[6.087432,50.81054],[6.086775,50.810487],[6.086182,50.810328],[6.085935,50.810221],[6.084887,50.809579],[6.084516,50.809413],[6.083873,50.809242],[6.082413,50.808965]],[[6.071629,50.807932],[6.071136,50.807914],[6.069733,50.80773]],[[6.091323,50.810432],[6.090638,50.810451]],[[6.092013,50.810402],[6.091729,50.810411]],[[6.061222,50.809199],[6.060513,50.809358]],[[6.08844,50.810513],[6.088534,50.810857]],[[6.072131,50.807887],[6.071629,50.807932]],[[6.07391,50.807601],[6.072131,50.807887]]]},"id":1384},{"type":"Feature","properties":{"id":"1tbgfas","name":"Gabriele-Münter-Straße","kind":"minor","district":"kornelimuenster-walheim","level":"kornelimuenster-walheim-6","importance":1233,"center":[6.168769,50.726055],"length":466},"geometry":{"type":"MultiLineString","coordinates":[[[6.169723,50.725053],[6.168953,50.725792],[6.169043,50.725844],[6.168221,50.726479]],[[6.16768,50.726195],[6.168921,50.726849],[6.169729,50.726217],[6.169043,50.725844]]]},"id":1385},{"type":"Feature","properties":{"id":"1tdu3ue","name":"Pastoratsweg","kind":"minor","district":"haaren","level":"haaren-2","importance":1053,"center":[6.155923,50.797126],"length":106},"geometry":{"type":"MultiLineString","coordinates":[[[6.156395,50.797503],[6.156141,50.797392],[6.155901,50.797178],[6.155946,50.797074],[6.155585,50.796829]],[[6.155585,50.796829],[6.155516,50.796791]]]},"id":1386},{"type":"Feature","properties":{"id":"1te0gfx","name":"Hünefeldstraße","kind":"minor","district":"aachen-mitte","level":"aachen-mitte-33","importance":1292,"center":[6.126874,50.767976],"length":583},"geometry":{"type":"MultiLineString","coordinates":[[[6.126997,50.767031],[6.126543,50.767246],[6.125837,50.767643],[6.124445,50.768245],[6.124232,50.768276],[6.124099,50.768213]],[[6.128893,50.769845],[6.128845,50.769745],[6.128001,50.768769],[6.12652,50.767738],[6.126038,50.767534]]]},"id":1387},{"type":"Feature","properties":{"id":"1telsoo","name":"Pariser Ring","kind":"major","district":"laurensberg","level":"laurensberg-1","importance":4000,"center":[6.051607,50.780512],"length":5828},"geometry":{"type":"MultiLineString","coordinates":[[[6.048115,50.773524],[6.049747,50.774633],[6.050686,50.775439]],[[6.054505,50.790727],[6.053593,50.790218],[6.05296,50.789602]],[[6.052994,50.789419],[6.053763,50.790132],[6.054487,50.790581]],[[6.046113,50.769817],[6.046208,50.769595],[6.046432,50.769418]],[[6.048718,50.769318],[6.047859,50.769452],[6.04761,50.769587],[6.04742,50.769771]],[[6.046432,50.769418],[6.046876,50.769637],[6.047129,50.769883],[6.04716,50.770131],[6.047057,50.77051]],[[6.046113,50.769817],[6.046,50.769443]],[[6.047547,50.773214],[6.04722,50.772903],[6.046863,50.772471],[6.046555,50.771947],[6.046367,50.771459]],[[6.047999,50.773586],[6.047547,50.773214]],[[6.046991,50.770648],[6.046873,50.770894],[6.046742,50.771511]],[[6.04766,50.773147],[6.048115,50.773524]],[[6.05296,50.789602],[6.052574,50.789154],[6.05196,50.788193],[6.051743,50.78759],[6.051581,50.786976]],[[6.051581,50.786976],[6.051508,50.785951]],[[6.051787,50.786893],[6.051853,50.787426],[6.052137,50.788201],[6.052504,50.788816],[6.052994,50.789419]],[[6.057305,50.791769],[6.05658,50.791584],[6.05593,50.791371],[6.055332,50.791131],[6.054505,50.790727]],[[6.046742,50.771511],[6.046758,50.771825],[6.046934,50.772282],[6.047176,50.772636],[6.04766,50.773147]],[[6.046367,50.771459],[6.046229,50.770774]],[[6.051686,50.785346],[6.051707,50.786196],[6.051787,50.786893]],[[6.051604,50.780897],[6.05161,50.780127]],[[6.05161,50.780127],[6.051635,50.778886]],[[6.051508,50.785951],[6.051567,50.783096]],[[6.051635,50.778886],[6.05164,50.778243]],[[6.05164,50.778243],[6.051543,50.777413]],[[6.04742,50.769771],[6.047057,50.77051]],[[6.050686,50.775439],[6.051195,50.776109],[6.051337,50.776365],[6.051673,50.777273],[6.051753,50.777645],[6.05182,50.778514],[6.051728,50.782798]],[[6.050505,50.775504],[6.049689,50.774756],[6.047999,50.773586]],[[6.051543,50.777413],[6.051348,50.776805],[6.051167,50.776432],[6.050989,50.776117],[6.050505,50.775504]],[[6.054487,50.790581],[6.055431,50.791054],[6.056118,50.791325],[6.057023,50.791598],[6.057919,50.791781]],[[6.04615,50.770179],[6.046113,50.769817]],[[6.047057,50.77051],[6.046991,50.770648]],[[6.051566,50.782898],[6.051604,50.780897]],[[6.051567,50.783096],[6.051566,50.782898]],[[6.051725,50.782979],[6.051686,50.785346]],[[6.051728,50.782798],[6.051725,50.782979]],[[6.046229,50.770774],[6.04615,50.770179]]]},"id":1388},{"type":"Feature","properties":{"id":"1tfq12m","name":"Benediktinerweg","kind":"minor","district":"kornelimuenster-walheim","level":"kornelimuenster-walheim-8","importance":1280,"center":[6.171152,50.728616],"length":559},"geometry":{"type":"MultiLineString","coordinates":[[[6.170408,50.729947],[6.170415,50.729478],[6.170515,50.729254],[6.171266,50.728501],[6.171578,50.728294],[6.171758,50.728206],[6.171898,50.728178],[6.173023,50.728377]],[[6.171578,50.728294],[6.171091,50.728017]],[[6.171266,50.728501],[6.170761,50.728256]],[[6.171037,50.728731],[6.170525,50.728527]],[[6.170773,50.728976],[6.170235,50.72876]],[[6.171846,50.728179],[6.171731,50.728017],[6.171291,50.727745]]]},"id":1389},{"type":"Feature","properties":{"id":"1tfqb3a","name":"Grachtstraße","kind":"minor","district":"brand","level":"brand-6","importance":1552,"center":[6.180681,50.744411],"length":1104},"geometry":{"type":"MultiLineString","coordinates":[[[6.178015,50.745367],[6.179943,50.744764],[6.181557,50.743979]],[[6.182112,50.743708],[6.182919,50.743377],[6.183618,50.742978],[6.185659,50.742153]],[[6.185789,50.742105],[6.186628,50.741789],[6.187225,50.741516]],[[6.174968,50.74804],[6.175132,50.747549],[6.175258,50.747411],[6.176806,50.746063],[6.177059,50.7459]],[[6.177622,50.745603],[6.178015,50.745367]],[[6.17722,50.745802],[6.177622,50.745603]],[[6.177059,50.7459],[6.17722,50.745802]],[[6.185659,50.742153],[6.185789,50.742105]]]},"id":1390},{"type":"Feature","properties":{"id":"1th7ofd","name":"Händelstraße","kind":"minor","district":"aachen-mitte","level":"aachen-mitte-24","importance":1064,"center":[6.059616,50.766698],"length":127},"geometry":{"type":"LineString","coordinates":[[6.059606,50.766154],[6.059629,50.767298]]},"id":1391},{"type":"Feature","properties":{"id":"1ti9vcy","name":"Melatener Brücke","kind":"square","district":"laurensberg","level":"laurensberg-1","importance":3000,"center":[6.051112,50.779199],"length":0},"geometry":{"type":"Polygon","coordinates":[[[6.05134,50.77913],[6.051246,50.779129],[6.051246,50.779092],[6.051085,50.779092],[6.051083,50.779134],[6.050858,50.779134],[6.050857,50.779167],[6.05094,50.779168],[6.050983,50.779339],[6.05101,50.779338],[6.051131,50.779317],[6.051261,50.779259],[6.051326,50.779204],[6.05134,50.77913]]]},"id":1392},{"type":"Feature","properties":{"id":"1tikece","name":"Heinrich-Thomas-Platz","kind":"square","district":"eilendorf","level":"eilendorf-1","importance":3000,"center":[6.153626,50.780952],"length":0},"geometry":{"type":"Polygon","coordinates":[[[6.153435,50.781066],[6.153419,50.781057],[6.153495,50.780957],[6.15354,50.780773],[6.15363,50.780765],[6.15393,50.78091],[6.153788,50.781028],[6.153879,50.781072],[6.153718,50.7812],[6.153435,50.781066]]]},"id":1393},{"type":"Feature","properties":{"id":"1tk4bro","name":"Annuntiatenbach","kind":"minor","district":"aachen-mitte","level":"aachen-mitte-9","importance":1095,"center":[6.079984,50.776026],"length":190},"geometry":{"type":"MultiLineString","coordinates":[[[6.080908,50.776677],[6.080589,50.776455]],[[6.07885,50.775618],[6.079047,50.775682]],[[6.080321,50.776262],[6.079843,50.77594],[6.079196,50.77573]],[[6.079196,50.77573],[6.079047,50.775682]],[[6.080589,50.776455],[6.080505,50.776398]],[[6.080505,50.776398],[6.080321,50.776262]]]},"id":1394},{"type":"Feature","properties":{"id":"1tlwaeb","name":"Landdrostenstraße","kind":"minor","district":"aachen-mitte","level":"aachen-mitte-36","importance":1106,"center":[6.138802,50.757098],"length":213},"geometry":{"type":"LineString","coordinates":[[6.138822,50.756416],[6.138984,50.757013],[6.13736,50.757819]]},"id":1395},{"type":"Feature","properties":{"id":"1tm1th5","name":"Am Gut Wolf","kind":"major","district":"aachen-mitte","level":"aachen-mitte-6","importance":3356,"center":[6.101196,50.790679],"length":713},"geometry":{"type":"MultiLineString","coordinates":[[[6.103809,50.788358],[6.102922,50.788811],[6.10262,50.78902],[6.102392,50.789244],[6.101608,50.790274],[6.101314,50.790591],[6.101078,50.790767],[6.100665,50.791011],[6.099374,50.79156],[6.098928,50.791717]],[[6.099374,50.79156],[6.099736,50.791842],[6.100003,50.791969]],[[6.102604,50.790454],[6.101679,50.790185]],[[6.098928,50.791717],[6.098553,50.791851]],[[6.09836,50.791928],[6.098226,50.791979]],[[6.098553,50.791851],[6.09836,50.791928]]]},"id":1396},{"type":"Feature","properties":{"id":"1tmte8k","name":"Wenzelstraße","kind":"minor","district":"aachen-mitte","level":"aachen-mitte-17","importance":1042,"center":[6.100155,50.77662],"length":83},"geometry":{"type":"LineString","coordinates":[[6.100457,50.776671],[6.099313,50.776472]]},"id":1397},{"type":"Feature","properties":{"id":"1tqk92a","name":"Drei-Rosen-Straße","kind":"minor","district":"aachen-mitte","level":"aachen-mitte-29","importance":1104,"center":[6.121246,50.765854],"length":207},"geometry":{"type":"LineString","coordinates":[[6.120344,50.765169],[6.121634,50.766147],[6.121944,50.766442],[6.122107,50.766654]]},"id":1398},{"type":"Feature","properties":{"id":"1tt0zbg","name":"Am Alten Kalkwerk","kind":"minor","district":"brand","level":"brand-4","importance":1080,"center":[6.155697,50.740338],"length":159},"geometry":{"type":"LineString","coordinates":[[6.156753,50.740061],[6.156551,50.740193],[6.155999,50.740338],[6.155182,50.740338],[6.15463,50.740308]]},"id":1399},{"type":"Feature","properties":{"id":"1tuofd7","name":"Am Rosenhügel","kind":"minor","district":"laurensberg","level":"laurensberg-6","importance":1192,"center":[6.062939,50.801024],"length":384},"geometry":{"type":"MultiLineString","coordinates":[[[6.063201,50.80077],[6.063343,50.800721],[6.063853,50.800725]],[[6.063302,50.802325],[6.06289,50.802211],[6.062593,50.801686],[6.062604,50.801548],[6.062828,50.801148],[6.063201,50.80077]],[[6.06399,50.800376],[6.063314,50.800174],[6.063209,50.800217],[6.063127,50.800354]],[[6.06305,50.80044],[6.063013,50.800581],[6.063069,50.80068],[6.063201,50.80077]],[[6.063127,50.800354],[6.06305,50.80044]]]},"id":1400},{"type":"Feature","properties":{"id":"1tysy7r","name":"Welkenrather Straße","kind":"minor","district":"aachen-mitte","level":"aachen-mitte-18","importance":1469,"center":[6.066313,50.773268],"length":938},"geometry":{"type":"MultiLineString","coordinates":[[[6.072333,50.773561],[6.072177,50.773545],[6.07104,50.773254],[6.070131,50.773145],[6.069123,50.773129],[6.066377,50.77327],[6.065823,50.773206],[6.065473,50.773078],[6.065276,50.772966],[6.064515,50.772282]],[[6.064515,50.772282],[6.062153,50.770144],[6.062113,50.770012],[6.062196,50.769815]],[[6.062196,50.769815],[6.062209,50.769785]]]},"id":1401},{"type":"Feature","properties":{"id":"1tz0t6y","name":"Rotbendenstraße","kind":"minor","district":"aachen-mitte","level":"aachen-mitte-30","importance":1154,"center":[6.089929,50.74974],"length":309},"geometry":{"type":"LineString","coordinates":[[6.092016,50.750336],[6.09159,50.750358],[6.091218,50.750334],[6.090692,50.7502],[6.090456,50.75009],[6.089624,50.749537],[6.089363,50.749425],[6.088264,50.749115]]},"id":1402},{"type":"Feature","properties":{"id":"1tzrr5c","name":"Tempelhofer Straße","kind":"minor","district":"aachen-mitte","level":"aachen-mitte-32","importance":1147,"center":[6.132262,50.782875],"length":294},"geometry":{"type":"LineString","coordinates":[[6.134273,50.783225],[6.13142,50.782738],[6.131182,50.782769],[6.130911,50.782882],[6.130638,50.783026],[6.130543,50.783202]]},"id":1403},{"type":"Feature","properties":{"id":"1tztvva","name":"Steinmühlenweg","kind":"minor","district":"haaren","level":"haaren-5","importance":1184,"center":[6.125144,50.791019],"length":368},"geometry":{"type":"MultiLineString","coordinates":[[[6.127512,50.789869],[6.124746,50.791219]],[[6.124746,50.791219],[6.124274,50.791343],[6.124032,50.791461],[6.123658,50.791833],[6.123602,50.791975]]]},"id":1404},{"type":"Feature","properties":{"id":"1u1rmxi","name":"Avantisallee","kind":"major","district":"richterich","level":"richterich-1","importance":4000,"center":[6.020433,50.835671],"length":3506},"geometry":{"type":"MultiLineString","coordinates":[[[6.020317,50.828126],[6.021053,50.828113],[6.021814,50.828206],[6.0222,50.828306],[6.02272,50.828537]],[[6.019262,50.839996],[6.019563,50.840247],[6.019756,50.840591],[6.019754,50.840985],[6.019585,50.841294],[6.019338,50.841524],[6.019032,50.841699],[6.018622,50.841838],[6.017788,50.842037]],[[6.02272,50.828537],[6.02317,50.828814],[6.023581,50.829208],[6.023734,50.829432],[6.023876,50.829875],[6.023861,50.830308],[6.023712,50.830704],[6.023599,50.830889],[6.023213,50.831272]],[[6.017268,50.84207],[6.018014,50.841928],[6.018703,50.841746],[6.019079,50.841598],[6.019412,50.841362],[6.019619,50.841077],[6.019689,50.840771],[6.019587,50.84043],[6.019343,50.840144]],[[6.019276,50.839803],[6.019242,50.839873]],[[6.018044,50.830935],[6.017765,50.830403],[6.017712,50.83008],[6.017753,50.829726],[6.017854,50.829447],[6.018019,50.829212]],[[6.019187,50.840049],[6.019004,50.840056],[6.018896,50.839968],[6.01897,50.839847],[6.019135,50.839827]],[[6.023213,50.831272],[6.02191,50.832065],[6.021496,50.832475],[6.021349,50.832681],[6.021148,50.833228],[6.019962,50.837347]],[[6.019343,50.840144],[6.019187,50.840049]],[[6.019962,50.837347],[6.018698,50.837202]],[[6.019135,50.839827],[6.019365,50.839408]],[[6.019135,50.839827],[6.019242,50.839873]],[[6.019365,50.839408],[6.01935,50.839621],[6.019276,50.839803]],[[6.019262,50.839996],[6.019187,50.840049]],[[6.019242,50.839873],[6.019262,50.839996]],[[6.018335,50.837158],[6.018005,50.837124],[6.017695,50.836996],[6.016924,50.836397],[6.016863,50.836286],[6.01716,50.835246]],[[6.017881,50.832779],[6.018001,50.832482],[6.018097,50.832376],[6.018497,50.832112],[6.018582,50.832019],[6.018636,50.831867],[6.018565,50.831554],[6.01808,50.830979]],[[6.019962,50.837347],[6.019365,50.839408]],[[6.01808,50.830979],[6.018044,50.830935]],[[6.01716,50.835246],[6.017881,50.832779]],[[6.017788,50.842037],[6.017295,50.842141]],[[6.016469,50.842095],[6.016736,50.842136],[6.017268,50.84207]],[[6.018698,50.837202],[6.018335,50.837158]]]},"id":1405},{"type":"Feature","properties":{"id":"1u2xh29","name":"Pfeilstraße","kind":"minor","district":"aachen-mitte","level":"aachen-mitte-16","importance":1063,"center":[6.093437,50.766929],"length":125},"geometry":{"type":"LineString","coordinates":[[6.093284,50.767538],[6.093253,50.767419],[6.09362,50.766439]]},"id":1406},{"type":"Feature","properties":{"id":"1u6t8rg","name":"Büchel","kind":"square","district":"aachen-mitte","level":"aachen-mitte-1","importance":3000,"center":[6.084686,50.776312],"length":0},"geometry":{"type":"Polygon","coordinates":[[[6.084629,50.776401],[6.084823,50.776322],[6.084798,50.776256],[6.084512,50.776316],[6.084629,50.776401]]]},"id":1407},{"type":"Feature","properties":{"id":"1ucitm2","name":"Drosselweg","kind":"minor","district":"aachen-mitte","level":"aachen-mitte-33","importance":1293,"center":[6.132634,50.764829],"length":586},"geometry":{"type":"LineString","coordinates":[[6.134008,50.762932],[6.134597,50.7633],[6.133479,50.76445],[6.130072,50.765953],[6.129172,50.766369],[6.129131,50.766426]]},"id":1408},{"type":"Feature","properties":{"id":"1ud9u2p","name":"Seffenter Berg","kind":"minor","district":"laurensberg","level":"laurensberg-3","importance":1136,"center":[6.040154,50.790172],"length":272},"geometry":{"type":"MultiLineString","coordinates":[[[6.040607,50.78925],[6.04017,50.789404]],[[6.039677,50.791236],[6.039825,50.791088],[6.03996,50.790817],[6.040211,50.789984],[6.04017,50.789404]],[[6.04017,50.789404],[6.040109,50.789171]]]},"id":1409},{"type":"Feature","properties":{"id":"1ue3kn4","name":"Hochhausring","kind":"minor","district":"kornelimuenster-walheim","level":"kornelimuenster-walheim-4","importance":1286,"center":[6.180229,50.710614],"length":571},"geometry":{"type":"LineString","coordinates":[[6.179993,50.708191],[6.181303,50.70934],[6.181507,50.709682],[6.181555,50.710013],[6.181466,50.710363],[6.181179,50.710511],[6.180832,50.710619],[6.180284,50.710624],[6.179743,50.710498],[6.179333,50.710294],[6.178042,50.709493]]},"id":1410},{"type":"Feature","properties":{"id":"1ufjdpt","name":"Maxstraße","kind":"minor","district":"aachen-mitte","level":"aachen-mitte-13","importance":1067,"center":[6.095882,50.776812],"length":133},"geometry":{"type":"LineString","coordinates":[[6.096958,50.777015],[6.095143,50.776677]]},"id":1411},{"type":"Feature","properties":{"id":"1uhbnke","name":"Hein-Janssen-Straße","kind":"minor","district":"aachen-mitte","level":"aachen-mitte-17","importance":1265,"center":[6.101012,50.777566],"length":530},"geometry":{"type":"MultiLineString","coordinates":[[[6.098477,50.779035],[6.098784,50.778624]],[[6.102442,50.777244],[6.102275,50.776933],[6.10225,50.776313]],[[6.099237,50.778093],[6.099375,50.777994]],[[6.098784,50.778624],[6.099237,50.778093]],[[6.099737,50.777865],[6.100125,50.777776]],[[6.100125,50.777776],[6.100372,50.777718]],[[6.10206,50.777327],[6.102886,50.777154]],[[6.100372,50.777718],[6.10206,50.777327]],[[6.099691,50.777877],[6.099737,50.777865]],[[6.099375,50.777994],[6.099494,50.777909]],[[6.099691,50.777877],[6.099375,50.777994]],[[6.099494,50.777909],[6.099691,50.777877]]]},"id":1412},{"type":"Feature","properties":{"id":"1uirr43","name":"In der Schönauer Aue","kind":"minor","district":"richterich","level":"richterich-4","importance":1046,"center":[6.070181,50.810766],"length":93},"geometry":{"type":"LineString","coordinates":[[6.069594,50.810662],[6.070768,50.81087],[6.070838,50.810914]]},"id":1413},{"type":"Feature","properties":{"id":"1uls1k9","name":"Schloss-Schönau-Straße","kind":"minor","district":"richterich","level":"richterich-4","importance":1467,"center":[6.067976,50.811955],"length":935},"geometry":{"type":"MultiLineString","coordinates":[[[6.069733,50.80773],[6.069615,50.808213],[6.069821,50.809394]],[[6.065953,50.812754],[6.064573,50.813283],[6.063175,50.814154]],[[6.069455,50.810851],[6.069183,50.811179],[6.068631,50.811618],[6.068143,50.81188],[6.067112,50.812305]],[[6.069828,50.809981],[6.069735,50.810352],[6.069594,50.810662],[6.069455,50.810851]],[[6.069821,50.809394],[6.069828,50.809981]],[[6.067112,50.812305],[6.065953,50.812754]]]},"id":1414},{"type":"Feature","properties":{"id":"1uq7vke","name":"An der Schanz","kind":"major","district":"aachen-mitte","level":"aachen-mitte-5","importance":3184,"center":[6.072827,50.769771],"length":367},"geometry":{"type":"MultiLineString","coordinates":[[[6.073024,50.769514],[6.073337,50.769366],[6.073927,50.76916]],[[6.071139,50.770108],[6.071374,50.770106]],[[6.072981,50.770567],[6.073001,50.770433],[6.072885,50.770072]],[[6.072885,50.770072],[6.072831,50.769736]],[[6.072854,50.76968],[6.073024,50.769514]],[[6.072831,50.769736],[6.072854,50.76968]],[[6.071284,50.770138],[6.071374,50.770106]],[[6.071374,50.770106],[6.072172,50.769893],[6.072725,50.769646]],[[6.073927,50.76916],[6.074085,50.769115]],[[6.072725,50.769646],[6.073024,50.769514]]]},"id":1415},{"type":"Feature","properties":{"id":"1uqi147","name":"Hohenstaufenallee","kind":"major","district":"aachen-mitte","level":"aachen-mitte-5","importance":3691,"center":[6.072971,50.763548],"length":1382},"geometry":{"type":"MultiLineString","coordinates":[[[6.079954,50.764511],[6.080372,50.764645],[6.080646,50.764809]],[[6.066717,50.760822],[6.06634,50.760792],[6.065855,50.760816]],[[6.075019,50.764628],[6.074228,50.764028],[6.074266,50.763981]],[[6.080646,50.764809],[6.080783,50.764956]],[[6.07279,50.763487],[6.073476,50.763718]],[[6.071852,50.763141],[6.072373,50.763337]],[[6.073476,50.763718],[6.075417,50.764368],[6.075829,50.764478],[6.076957,50.764563],[6.078287,50.764563]],[[6.066717,50.760822],[6.067103,50.760939],[6.069046,50.761937]],[[6.069615,50.762227],[6.070447,50.76259],[6.071852,50.763141]],[[6.069046,50.761937],[6.069331,50.762085]],[[6.075115,50.764706],[6.075019,50.764628]],[[6.069331,50.762085],[6.069615,50.762227]],[[6.072373,50.763337],[6.07279,50.763487]],[[6.065783,50.760756],[6.066276,50.760731],[6.066566,50.76076],[6.066717,50.760822]],[[6.079809,50.76449],[6.079954,50.764511]],[[6.078287,50.764563],[6.079361,50.764488],[6.079809,50.76449]],[[6.080783,50.764956],[6.080875,50.765094]]]},"id":1416},{"type":"Feature","properties":{"id":"1uqit4w","name":"Benediktusstraße","kind":"minor","district":"brand","level":"brand-4","importance":1217,"center":[6.163892,50.743625],"length":434},"geometry":{"type":"MultiLineString","coordinates":[[[6.166123,50.744863],[6.164517,50.74381],[6.164214,50.743684],[6.16357,50.743566],[6.163318,50.743491],[6.162849,50.743267]],[[6.162076,50.742808],[6.161438,50.742415]],[[6.162849,50.743267],[6.162076,50.742808]]]},"id":1417},{"type":"Feature","properties":{"id":"1uqk61e","name":"Bohr","kind":"minor","district":"richterich","level":"richterich-2","importance":1085,"center":[6.023191,50.828097],"length":171},"geometry":{"type":"MultiLineString","coordinates":[[[6.02301,50.828456],[6.023025,50.828322],[6.023317,50.82794],[6.023318,50.827846],[6.023223,50.827777],[6.022373,50.827494]],[[6.022839,50.828599],[6.02301,50.828456]]]},"id":1418},{"type":"Feature","properties":{"id":"1uqxl05","name":"Republikplatz","kind":"major","district":"aachen-mitte","level":"aachen-mitte-3","importance":3103,"center":[6.072207,50.780824],"length":205},"geometry":{"type":"MultiLineString","coordinates":[[[6.072886,50.780948],[6.072334,50.780568]],[[6.072007,50.780527],[6.072076,50.78071]],[[6.071328,50.781149],[6.07193,50.781557]],[[6.07212,50.780756],[6.072609,50.781121]],[[6.071996,50.780476],[6.072007,50.780527]],[[6.072076,50.78071],[6.07212,50.780756]]]},"id":1419},{"type":"Feature","properties":{"id":"1usauxr","name":"Paulinenhof","kind":"minor","district":"laurensberg","level":"laurensberg-8","importance":1045,"center":[6.092674,50.810762],"length":89},"geometry":{"type":"MultiLineString","coordinates":[[[6.092361,50.810396],[6.092385,50.81049]],[[6.092383,50.810532],[6.092424,50.810672],[6.092559,50.810738],[6.093185,50.810837]],[[6.092385,50.81049],[6.092383,50.810532]]]},"id":1420},{"type":"Feature","properties":{"id":"1usfgyv","name":"Lichtenbuscher Weg","kind":"minor","district":"kornelimuenster-walheim","level":"kornelimuenster-walheim-5","importance":1155,"center":[6.126732,50.712199],"length":311},"geometry":{"type":"MultiLineString","coordinates":[[[6.126277,50.711861],[6.126214,50.712089],[6.127113,50.712281],[6.127206,50.71211],[6.127214,50.712005]],[[6.127113,50.712281],[6.127504,50.712368]],[[6.127214,50.712005],[6.127635,50.712096]],[[6.126277,50.711861],[6.126165,50.711777]],[[6.125881,50.712015],[6.126214,50.712089]],[[6.127214,50.712005],[6.127242,50.711212]]]},"id":1421},{"type":"Feature","properties":{"id":"1usjsb0","name":"Mathieustraße","kind":"minor","district":"laurensberg","level":"laurensberg-3","importance":1466,"center":[6.050598,50.78958],"length":932},"geometry":{"type":"MultiLineString","coordinates":[[[6.048019,50.788308],[6.048072,50.788462],[6.048243,50.788644],[6.051767,50.791618],[6.051912,50.791547]],[[6.049002,50.789266],[6.049294,50.789172],[6.05096,50.789021]],[[6.051972,50.790741],[6.05018,50.789223],[6.050099,50.789097]],[[6.051912,50.791547],[6.052127,50.791345],[6.052183,50.791165],[6.052157,50.791007],[6.051972,50.790741]]]},"id":1422},{"type":"Feature","properties":{"id":"1usq8ff","name":"Weißenbergweg","kind":"minor","district":"aachen-mitte","level":"aachen-mitte-18","importance":1097,"center":[6.06668,50.774658],"length":193},"geometry":{"type":"MultiLineString","coordinates":[[[6.066579,50.773782],[6.06664,50.77449],[6.06672,50.774827]],[[6.066815,50.77517],[6.066997,50.775848]]]},"id":1423},{"type":"Feature","properties":{"id":"1usy2gb","name":"Schlottfelder Winkel","kind":"minor","district":"laurensberg","level":"laurensberg-5","importance":1115,"center":[6.063809,50.79449],"length":231},"geometry":{"type":"MultiLineString","coordinates":[[[6.06399,50.793476],[6.063721,50.793845],[6.06357,50.793913],[6.063337,50.794232],[6.063944,50.79456],[6.064202,50.794648],[6.064145,50.794734]],[[6.064202,50.794648],[6.06424,50.794599],[6.064314,50.794579],[6.064758,50.794711]]]},"id":1424},{"type":"Feature","properties":{"id":"1uxf39g","name":"Heckenweg","kind":"minor","district":"haaren","level":"haaren-2","importance":1111,"center":[6.152092,50.797093],"length":223},"geometry":{"type":"MultiLineString","coordinates":[[[6.151975,50.797527],[6.152427,50.796941],[6.152723,50.796512],[6.152759,50.796391]],[[6.152264,50.797143],[6.151511,50.796907],[6.15147,50.796874],[6.151487,50.796822],[6.151594,50.796706]]]},"id":1425},{"type":"Feature","properties":{"id":"1uzk5e2","name":"Theaterplatz","kind":"square","district":"aachen-mitte","level":"aachen-mitte-2","importance":3000,"center":[6.086565,50.772759],"length":0},"geometry":{"type":"Polygon","coordinates":[[[6.086657,50.772594],[6.086726,50.772568],[6.0867,50.772541],[6.086303,50.772694],[6.08627,50.772722],[6.086277,50.77276],[6.086463,50.772946],[6.086505,50.77296],[6.08655,50.772956],[6.086949,50.772801],[6.086921,50.772772],[6.086853,50.772798],[6.086657,50.772594]]]},"id":1426},{"type":"Feature","properties":{"id":"1v0gqy1","name":"Kackertstraße","kind":"major","district":"laurensberg","level":"laurensberg-1","importance":3289,"center":[6.063278,50.791176],"length":577},"geometry":{"type":"MultiLineString","coordinates":[[[6.060046,50.790569],[6.060553,50.790646],[6.060635,50.790695]],[[6.060635,50.790695],[6.060039,50.790648]],[[6.060635,50.790695],[6.064344,50.791371]],[[6.064695,50.791435],[6.065856,50.791604]],[[6.065856,50.791604],[6.066038,50.791589],[6.066627,50.791639]],[[6.066607,50.79172],[6.066025,50.791657],[6.065856,50.791604]],[[6.064344,50.791371],[6.064695,50.791435]]]},"id":1427},{"type":"Feature","properties":{"id":"1v32l9y","name":"Verbindungsstraße","kind":"minor","district":"haaren","level":"haaren-2","importance":1074,"center":[6.156427,50.797163],"length":148},"geometry":{"type":"LineString","coordinates":[[6.156397,50.797677],[6.156434,50.797016],[6.15639,50.796701],[6.156304,50.796635],[6.155948,50.796486]]},"id":1428},{"type":"Feature","properties":{"id":"1v3f9eq","name":"Boxgraben","kind":"major","district":"aachen-mitte","level":"aachen-mitte-5","importance":3456,"center":[6.08052,50.768694],"length":912},"geometry":{"type":"MultiLineString","coordinates":[[[6.077087,50.76841],[6.076214,50.768529]],[[6.074085,50.769115],[6.074678,50.768936]],[[6.083832,50.768547],[6.083071,50.768669]],[[6.083832,50.768547],[6.083976,50.768523]],[[6.076214,50.768529],[6.075918,50.768585]],[[6.086533,50.768102],[6.086657,50.76808]],[[6.083976,50.768523],[6.08457,50.768424]],[[6.08134,50.768724],[6.080687,50.768699]],[[6.083071,50.768669],[6.082428,50.76874],[6.08134,50.768724]],[[6.080687,50.768699],[6.079459,50.768657],[6.078184,50.768492]],[[6.075323,50.768735],[6.074678,50.768936]],[[6.077976,50.768461],[6.077539,50.768415],[6.077087,50.76841]],[[6.078184,50.768492],[6.077976,50.768461]],[[6.08457,50.768424],[6.086533,50.768102]],[[6.075918,50.768585],[6.075323,50.768735]]]},"id":1429},{"type":"Feature","properties":{"id":"1v4o3c3","name":"Ritter-Chorus-Straße","kind":"minor","district":"aachen-mitte","level":"aachen-mitte-9","importance":1044,"center":[6.083107,50.775447],"length":88},"geometry":{"type":"MultiLineString","coordinates":[[[6.082543,50.77543],[6.083521,50.775452]],[[6.083796,50.775461],[6.083521,50.775452]]]},"id":1430},{"type":"Feature","properties":{"id":"1v5dcyj","name":"Wilmersdorfer Straße","kind":"minor","district":"aachen-mitte","level":"aachen-mitte-32","importance":1312,"center":[6.137471,50.785873],"length":624},"geometry":{"type":"MultiLineString","coordinates":[[[6.137571,50.786399],[6.13792,50.786025]],[[6.139041,50.786444],[6.138631,50.786321],[6.138173,50.786137]],[[6.138173,50.786137],[6.138083,50.786261],[6.138148,50.786344],[6.138953,50.786603]],[[6.13792,50.786025],[6.136806,50.785689],[6.135973,50.785516],[6.134494,50.785339]],[[6.138059,50.785882],[6.138553,50.786092],[6.139032,50.786252],[6.139087,50.786318],[6.139014,50.786493]],[[6.139014,50.786493],[6.138953,50.786603]],[[6.13792,50.786025],[6.138059,50.785882]],[[6.138173,50.786137],[6.13792,50.786025]]]},"id":1431},{"type":"Feature","properties":{"id":"1v86i19","name":"Sandweg","kind":"minor","district":"laurensberg","level":"laurensberg-6","importance":1070,"center":[6.055882,50.799243],"length":141},"geometry":{"type":"LineString","coordinates":[[6.056004,50.798701],[6.056116,50.799059],[6.056037,50.799151],[6.055727,50.799335],[6.055582,50.799373],[6.055357,50.799364],[6.054984,50.799215]]},"id":1432},{"type":"Feature","properties":{"id":"1v8h79r","name":"Augustastraße","kind":"minor","district":"aachen-mitte","level":"aachen-mitte-17","importance":1271,"center":[6.099292,50.773013],"length":541},"geometry":{"type":"MultiLineString","coordinates":[[[6.102694,50.773622],[6.102564,50.773623],[6.102141,50.773419],[6.102549,50.773263],[6.102667,50.773254]],[[6.102141,50.773419],[6.101935,50.773392]],[[6.101935,50.773392],[6.09872,50.772925],[6.097569,50.772824]],[[6.095812,50.772694],[6.097569,50.772824]]]},"id":1433},{"type":"Feature","properties":{"id":"1v9eexz","name":"Messweg","kind":"minor","district":"kornelimuenster-walheim","level":"kornelimuenster-walheim-2","importance":1089,"center":[6.167752,50.704378],"length":179},"geometry":{"type":"LineString","coordinates":[[6.166544,50.704625],[6.167672,50.70441],[6.167832,50.704345],[6.16863,50.703802]]},"id":1434},{"type":"Feature","properties":{"id":"1vbe1wu","name":"Am Alten Bahndamm","kind":"minor","district":"laurensberg","level":"laurensberg-7","importance":1159,"center":[6.065157,50.796464],"length":318},"geometry":{"type":"MultiLineString","coordinates":[[[6.064391,50.79782],[6.064889,50.797079]],[[6.064889,50.797079],[6.064989,50.796918]],[[6.064989,50.796918],[6.065176,50.796405],[6.065308,50.796175],[6.065511,50.795941],[6.065739,50.795751],[6.066211,50.795498]],[[6.065713,50.795774],[6.065926,50.795938]]]},"id":1435},{"type":"Feature","properties":{"id":"1vc7qwo","name":"Jesuitenstraße","kind":"minor","district":"aachen-mitte","level":"aachen-mitte-9","importance":1086,"center":[6.082928,50.773249],"length":171},"geometry":{"type":"MultiLineString","coordinates":[[[6.083884,50.773709],[6.083614,50.773608],[6.083299,50.773417],[6.082868,50.773225]],[[6.082868,50.773225],[6.082249,50.772946],[6.081885,50.772846]]]},"id":1436},{"type":"Feature","properties":{"id":"1vdz52x","name":"Leo-Blech-Straße","kind":"minor","district":"aachen-mitte","level":"aachen-mitte-24","importance":1040,"center":[6.054584,50.764159],"length":79},"geometry":{"type":"LineString","coordinates":[[6.055275,50.763909],[6.054295,50.764264]]},"id":1437},{"type":"Feature","properties":{"id":"1vj1w2h","name":"Grauenhofer Weg","kind":"major","district":"aachen-mitte","level":"aachen-mitte-8","importance":3611,"center":[6.135849,50.749113],"length":1223},"geometry":{"type":"MultiLineString","coordinates":[[[6.130589,50.753592],[6.130742,50.753539],[6.130834,50.753452],[6.13149,50.752602],[6.133474,50.75026],[6.134422,50.749771]],[[6.134422,50.749771],[6.135829,50.749121],[6.137489,50.748439]],[[6.137489,50.748439],[6.140029,50.747443],[6.142009,50.746604],[6.142404,50.746475],[6.142958,50.74636]]]},"id":1438},{"type":"Feature","properties":{"id":"1vjkhwc","name":"Elisabethstraße","kind":"minor","district":"aachen-mitte","level":"aachen-mitte-10","importance":1082,"center":[6.085342,50.773195],"length":163},"geometry":{"type":"LineString","coordinates":[[6.084507,50.772825],[6.086107,50.773544],[6.086332,50.77372]]},"id":1439},{"type":"Feature","properties":{"id":"1vkbgd1","name":"Schlossparkstraße","kind":"major","district":"laurensberg","level":"laurensberg-2","importance":3722,"center":[6.071725,50.800392],"length":1444},"geometry":{"type":"MultiLineString","coordinates":[[[6.063052,50.797409],[6.063486,50.797507]],[[6.073742,50.800359],[6.074263,50.800318]],[[6.074263,50.800318],[6.074893,50.800257]],[[6.078595,50.799722],[6.079249,50.799799],[6.080654,50.80014],[6.080964,50.800184]],[[6.074893,50.800257],[6.076885,50.799937]],[[6.072283,50.800381],[6.072303,50.800776]],[[6.06884,50.800161],[6.068977,50.800257],[6.069206,50.800354],[6.069535,50.800409],[6.072283,50.800381]],[[6.076885,50.799937],[6.078099,50.799743],[6.078595,50.799722]],[[6.065877,50.798337],[6.065948,50.798358]],[[6.067834,50.799337],[6.068118,50.799488],[6.06884,50.800161]],[[6.072303,50.800776],[6.072314,50.800797]],[[6.065948,50.798358],[6.0661,50.798424],[6.066885,50.79898],[6.067834,50.799337]],[[6.072283,50.800381],[6.073742,50.800359]],[[6.063486,50.797507],[6.065877,50.798337]]]},"id":1440},{"type":"Feature","properties":{"id":"1vmvhge","name":"Wirtzstraße","kind":"minor","district":"brand","level":"brand-5","importance":1118,"center":[6.166644,50.743737],"length":235},"geometry":{"type":"LineString","coordinates":[[6.165494,50.744441],[6.167784,50.743014],[6.167897,50.742979]]},"id":1441},{"type":"Feature","properties":{"id":"1vmzejp","name":"Franz-Pauly-Straße","kind":"minor","district":"eilendorf","level":"eilendorf-5","importance":1197,"center":[6.171667,50.777906],"length":394},"geometry":{"type":"MultiLineString","coordinates":[[[6.172997,50.778165],[6.172194,50.777913],[6.171703,50.778616]],[[6.172107,50.778039],[6.170919,50.777684],[6.171117,50.777387],[6.171189,50.777097]],[[6.171228,50.777773],[6.170707,50.778462]]]},"id":1442},{"type":"Feature","properties":{"id":"1vnyahr","name":"Kirchweg","kind":"path","district":"haaren","level":"haaren-5","importance":70,"center":[6.126149,50.797018],"length":140},"geometry":{"type":"MultiLineString","coordinates":[[[6.125635,50.796902],[6.126565,50.797101],[6.127042,50.797461]],[[6.125504,50.796858],[6.125635,50.796902]],[[6.125401,50.796823],[6.125504,50.796858]]]},"id":1443},{"type":"Feature","properties":{"id":"1vogxsz","name":"Im Grüntal","kind":"minor","district":"aachen-mitte","level":"aachen-mitte-29","importance":1684,"center":[6.112588,50.762873],"length":1369},"geometry":{"type":"MultiLineString","coordinates":[[[6.111318,50.76558],[6.111714,50.765251],[6.112074,50.764882]],[[6.111666,50.765745],[6.110736,50.765257],[6.109735,50.764825],[6.109584,50.764789]],[[6.11486,50.759774],[6.114766,50.759834]],[[6.114322,50.759583],[6.114127,50.759931]],[[6.113837,50.759419],[6.11365,50.759763]],[[6.110736,50.765257],[6.110932,50.765102],[6.111346,50.764468],[6.111891,50.763409],[6.112226,50.763089],[6.113002,50.762634],[6.113327,50.762392],[6.113446,50.762233],[6.113627,50.761711],[6.11371,50.761592],[6.114659,50.760708],[6.114749,50.760472],[6.114766,50.759834],[6.114729,50.75976],[6.114461,50.75963],[6.11361,50.759345]],[[6.11204,50.763246],[6.111683,50.763081]],[[6.11307,50.762589],[6.112209,50.762371]],[[6.111346,50.764468],[6.110857,50.764336]],[[6.111565,50.764092],[6.111011,50.763944]],[[6.115248,50.759507],[6.11486,50.759774]]]},"id":1444},{"type":"Feature","properties":{"id":"1vuh9d4","name":"Karl-Friedrich-Straße","kind":"minor","district":"laurensberg","level":"laurensberg-8","importance":2000,"center":[6.048662,50.809613],"length":2554},"geometry":{"type":"MultiLineString","coordinates":[[[6.050048,50.808288],[6.049753,50.808535],[6.049031,50.809375],[6.0485,50.809702],[6.048179,50.809821]],[[6.048179,50.809821],[6.047633,50.810043],[6.047411,50.81021],[6.046424,50.8118],[6.046276,50.811946],[6.04562,50.812249],[6.045448,50.812387],[6.045358,50.812612],[6.045381,50.813207],[6.045189,50.813732],[6.045167,50.81426],[6.045043,50.814481]],[[6.056575,50.80346],[6.054537,50.805133],[6.052946,50.806113],[6.051326,50.807386]],[[6.055518,50.804336],[6.05616,50.804647],[6.056218,50.804717]],[[6.050508,50.808016],[6.050759,50.80809],[6.051075,50.808133],[6.051457,50.808252],[6.052408,50.80867]],[[6.050154,50.808233],[6.052036,50.809244],[6.052959,50.810056]],[[6.045043,50.814481],[6.044584,50.815157],[6.044024,50.816421],[6.042697,50.819001]],[[6.051326,50.807386],[6.050508,50.808016],[6.050048,50.808288]]]},"id":1445},{"type":"Feature","properties":{"id":"1vvhyfh","name":"Seffenter Weg","kind":"major","district":"aachen-mitte","level":"aachen-mitte-6","importance":4000,"center":[6.057393,50.784309],"length":2971},"geometry":{"type":"MultiLineString","coordinates":[[[6.058145,50.784012],[6.058591,50.783832],[6.0606,50.782901],[6.060657,50.782954]],[[6.050984,50.787389],[6.050798,50.787438]],[[6.054018,50.785928],[6.054225,50.785782]],[[6.048001,50.787835],[6.048019,50.788308]],[[6.054018,50.785928],[6.05352,50.786259]],[[6.051972,50.786957],[6.052317,50.786804]],[[6.051437,50.787162],[6.051972,50.786957]],[[6.052425,50.786752],[6.052508,50.786814]],[[6.052399,50.786868],[6.052317,50.786804]],[[6.071365,50.779945],[6.071901,50.780293]],[[6.071901,50.780293],[6.071965,50.780382]],[[6.068102,50.780653],[6.068619,50.780424]],[[6.065605,50.781613],[6.066734,50.781253]],[[6.050756,50.787358],[6.050938,50.787308]],[[6.052425,50.786752],[6.053349,50.786263]],[[6.060657,50.782954],[6.060998,50.782804],[6.061366,50.782701],[6.062892,50.782368],[6.064581,50.781927]],[[6.067043,50.781122],[6.067984,50.780706]],[[6.052317,50.786804],[6.052425,50.786752]],[[6.048019,50.788308],[6.047548,50.788331],[6.046196,50.788316],[6.045966,50.788204],[6.045932,50.787905]],[[6.0459,50.787716],[6.046535,50.787814],[6.047342,50.787846]],[[6.047342,50.787846],[6.048409,50.787808],[6.049677,50.787637]],[[6.049008,50.787975],[6.048461,50.788208],[6.048019,50.788308]],[[6.049929,50.787586],[6.05019,50.787498]],[[6.050377,50.787541],[6.050223,50.787554]],[[6.052956,50.786586],[6.052046,50.787028]],[[6.067984,50.780706],[6.068102,50.780653]],[[6.068619,50.780424],[6.070655,50.779836],[6.071044,50.779828],[6.071365,50.779945]],[[6.05145,50.787255],[6.051091,50.787361]],[[6.05352,50.786259],[6.052956,50.786586]],[[6.051991,50.787053],[6.051531,50.787225]],[[6.054225,50.785782],[6.054412,50.785656]],[[6.071965,50.780382],[6.071996,50.780476]],[[6.049107,50.787934],[6.049008,50.787975]],[[6.05443,50.785644],[6.054609,50.785532]],[[6.051531,50.787225],[6.05145,50.787255]],[[6.051144,50.78725],[6.051437,50.787162]],[[6.053349,50.786263],[6.053835,50.785994],[6.054018,50.785928]],[[6.052046,50.787028],[6.051991,50.787053]],[[6.054412,50.785656],[6.05443,50.785644]],[[6.05019,50.787498],[6.050321,50.787443]],[[6.050938,50.787308],[6.051144,50.78725]],[[6.051091,50.787361],[6.050984,50.787389]],[[6.049677,50.787637],[6.049929,50.787586]],[[6.050223,50.787554],[6.049929,50.787586]],[[6.054842,50.785384],[6.055608,50.784925],[6.057358,50.78432],[6.058216,50.784059]],[[6.058216,50.784059],[6.058729,50.78386],[6.060657,50.782954]],[[6.054609,50.785532],[6.054842,50.785384]],[[6.064581,50.781927],[6.06518,50.781744]],[[6.06518,50.781744],[6.065605,50.781613]],[[6.066734,50.781253],[6.067043,50.781122]]]},"id":1446},{"type":"Feature","properties":{"id":"1vxmidd","name":"Im Gillesbachtal","kind":"minor","district":"aachen-mitte","level":"aachen-mitte-25","importance":1258,"center":[6.100563,50.763487],"length":516},"geometry":{"type":"MultiLineString","coordinates":[[[6.099164,50.764696],[6.099319,50.764709],[6.099564,50.764779],[6.099801,50.764884]],[[6.09927,50.7649],[6.099801,50.764884],[6.100394,50.76482],[6.100727,50.764691],[6.10086,50.764606],[6.100965,50.764496],[6.101073,50.764281],[6.101055,50.764064],[6.10099,50.763936],[6.100396,50.763287],[6.100291,50.762987],[6.100333,50.762532],[6.100669,50.761885],[6.100571,50.761701]]]},"id":1447},{"type":"Feature","properties":{"id":"1vyu7zu","name":"Baumgartsweg","kind":"minor","district":"kornelimuenster-walheim","level":"kornelimuenster-walheim-2","importance":1216,"center":[6.145039,50.69781],"length":433},"geometry":{"type":"LineString","coordinates":[[6.146541,50.699462],[6.145931,50.698508],[6.145679,50.698232],[6.145109,50.697866],[6.14488,50.697674],[6.144071,50.697465],[6.143444,50.696926],[6.143192,50.696389]]},"id":1448},{"type":"Feature","properties":{"id":"1w1nbzi","name":"Am Schlossteich","kind":"minor","district":"richterich","level":"richterich-4","importance":1040,"center":[6.064079,50.809772],"length":79},"geometry":{"type":"LineString","coordinates":[[6.064021,50.809449],[6.064137,50.810095],[6.064103,50.810151]]},"id":1449},{"type":"Feature","properties":{"id":"1w1xs69","name":"In den Atzenbenden","kind":"minor","district":"haaren","level":"haaren-4","importance":1328,"center":[6.124312,50.801587],"length":656},"geometry":{"type":"LineString","coordinates":[[6.128943,50.800719],[6.127694,50.801301],[6.127,50.801499],[6.126577,50.801556],[6.124734,50.80161],[6.123472,50.801544],[6.120939,50.80112],[6.120605,50.801045],[6.120447,50.800969],[6.120309,50.800802]]},"id":1450},{"type":"Feature","properties":{"id":"1w2lky3","name":"Wildparkweg","kind":"path","district":"aachen-mitte","level":"aachen-mitte-40","importance":316,"center":[6.112901,50.745985],"length":633},"geometry":{"type":"MultiLineString","coordinates":[[[6.109296,50.744245],[6.109434,50.74427],[6.111791,50.745127]],[[6.109296,50.744245],[6.108159,50.744803]],[[6.111791,50.745127],[6.11445,50.747187]],[[6.11445,50.747187],[6.114786,50.747406]]]},"id":1451},{"type":"Feature","properties":{"id":"1w4bb77","name":"Zweiweiherweg","kind":"minor","district":"aachen-mitte","level":"aachen-mitte-34","importance":1078,"center":[6.085249,50.743248],"length":155},"geometry":{"type":"LineString","coordinates":[[6.084298,50.743287],[6.086199,50.743208],[6.086387,50.743195],[6.086483,50.743155]]},"id":1452},{"type":"Feature","properties":{"id":"1w8p05f","name":"An der Rahemühle","kind":"minor","district":"laurensberg","level":"laurensberg-7","importance":1089,"center":[6.069362,50.799319],"length":178},"geometry":{"type":"LineString","coordinates":[[6.068037,50.79943],[6.068219,50.799353],[6.070047,50.799299],[6.070097,50.798993]]},"id":1453},{"type":"Feature","properties":{"id":"1waisr7","name":"Reimser Straße","kind":"minor","district":"aachen-mitte","level":"aachen-mitte-35","importance":1714,"center":[6.045626,50.73821],"length":1428},"geometry":{"type":"MultiLineString","coordinates":[[[6.047784,50.738055],[6.046828,50.738528],[6.046747,50.738667],[6.046749,50.738896]],[[6.046342,50.738642],[6.046594,50.738454],[6.047627,50.737932]],[[6.046749,50.738896],[6.047394,50.739973],[6.047333,50.74013],[6.046816,50.740397],[6.046547,50.740458],[6.046352,50.740408],[6.045534,50.739892],[6.045384,50.739838],[6.044465,50.740072],[6.044104,50.740092]],[[6.046342,50.738642],[6.046533,50.738723],[6.046749,50.738896]],[[6.042832,50.738847],[6.042546,50.738299],[6.042465,50.737976],[6.04249,50.737643],[6.042568,50.737541],[6.04277,50.737415],[6.044017,50.737228],[6.044217,50.73722],[6.044375,50.737248],[6.044634,50.737341],[6.045967,50.738504],[6.046342,50.738642]],[[6.044104,50.740092],[6.043166,50.739273]],[[6.043166,50.739273],[6.042832,50.738847]],[[6.047938,50.737979],[6.047784,50.738055]],[[6.047627,50.737932],[6.047769,50.737866]],[[6.046828,50.738528],[6.046457,50.738685]]]},"id":1454},{"type":"Feature","properties":{"id":"1wdco3s","name":"Weinhauser Weid","kind":"minor","district":"richterich","level":"richterich-2","importance":1118,"center":[6.059058,50.81679],"length":236},"geometry":{"type":"LineString","coordinates":[[6.057942,50.817779],[6.058106,50.817431],[6.058398,50.817165],[6.059717,50.816416],[6.06001,50.816161]]},"id":1455},{"type":"Feature","properties":{"id":"1wi6mk8","name":"Aachener Straße","kind":"major","district":"kornelimuenster-walheim","level":"kornelimuenster-walheim-1","importance":4000,"center":[6.154786,50.720276],"length":4748},"geometry":{"type":"MultiLineString","coordinates":[[[6.134622,50.735043],[6.135068,50.7349],[6.135566,50.734802]],[[6.135566,50.734802],[6.136307,50.734649],[6.136591,50.73456]],[[6.142985,50.726848],[6.144633,50.725993],[6.145376,50.725558],[6.145737,50.725209],[6.145954,50.724889],[6.14602,50.724723]],[[6.145705,50.723248],[6.145778,50.722968],[6.145949,50.722645],[6.146412,50.722226],[6.146991,50.721941],[6.147859,50.721698]],[[6.150432,50.721101],[6.152798,50.720563],[6.153781,50.720403]],[[6.156644,50.720055],[6.157393,50.719934]],[[6.160089,50.719024],[6.161487,50.718373]],[[6.139153,50.733624],[6.139649,50.733362],[6.139862,50.733207]],[[6.157393,50.719934],[6.158599,50.719539]],[[6.161064,50.719104],[6.161011,50.719021],[6.160642,50.718763]],[[6.160562,50.719718],[6.160322,50.719558],[6.16054,50.719377],[6.160009,50.719062]],[[6.139862,50.733207],[6.140284,50.732743],[6.140435,50.732364],[6.140534,50.73097],[6.14069,50.73018]],[[6.14602,50.724723],[6.146031,50.724475],[6.145714,50.723718],[6.145699,50.723345]],[[6.165969,50.716605],[6.166776,50.716075],[6.1671,50.71575]],[[6.1671,50.71575],[6.167271,50.715525],[6.168929,50.712555],[6.169099,50.712347],[6.169444,50.712036],[6.169961,50.711748],[6.172908,50.710494],[6.173707,50.710311],[6.174925,50.710267]],[[6.174925,50.710267],[6.17608,50.710241],[6.176532,50.710163],[6.176907,50.710026]],[[6.165231,50.717],[6.165969,50.716605]],[[6.161487,50.718373],[6.164437,50.717326],[6.165231,50.717]],[[6.16054,50.719377],[6.160763,50.71939]],[[6.154906,50.720262],[6.156293,50.720096]],[[6.153781,50.720403],[6.154906,50.720262]],[[6.149251,50.721374],[6.150432,50.721101]],[[6.147859,50.721698],[6.149251,50.721374]],[[6.158599,50.719539],[6.160009,50.719062]],[[6.163375,50.7177],[6.163098,50.717357]],[[6.176907,50.710026],[6.177669,50.709669]],[[6.136961,50.734426],[6.139153,50.733624]],[[6.136591,50.73456],[6.136961,50.734426]],[[6.160009,50.719062],[6.160089,50.719024]],[[6.145699,50.723345],[6.145705,50.723248]],[[6.14069,50.73018],[6.14119,50.728551],[6.141295,50.728348],[6.142326,50.727265],[6.14246,50.727149],[6.142985,50.726848]]]},"id":1456},{"type":"Feature","properties":{"id":"1wjj19j","name":"Freunder Straße","kind":"major","district":"eilendorf","level":"eilendorf-1","importance":3202,"center":[6.168853,50.775537],"length":403},"geometry":{"type":"MultiLineString","coordinates":[[[6.168557,50.777165],[6.169109,50.774206],[6.169223,50.77383]],[[6.168705,50.777407],[6.168586,50.777287],[6.168557,50.777165]]]},"id":1457},{"type":"Feature","properties":{"id":"1wjsl1x","name":"Löhergraben","kind":"major","district":"aachen-mitte","level":"aachen-mitte-2","importance":3116,"center":[6.078686,50.772566],"length":231},"geometry":{"type":"MultiLineString","coordinates":[[[6.077224,50.772786],[6.077936,50.772663]],[[6.078158,50.772634],[6.079026,50.772521],[6.079703,50.772485]],[[6.079703,50.772485],[6.080461,50.772466]],[[6.077936,50.772663],[6.078158,50.772634]]]},"id":1458},{"type":"Feature","properties":{"id":"1wlgied","name":"Hergelsbendenstraße","kind":"minor","district":"haaren","level":"haaren-4","importance":1307,"center":[6.119452,50.798959],"length":615},"geometry":{"type":"MultiLineString","coordinates":[[[6.115674,50.800288],[6.115896,50.800167],[6.116149,50.799906]],[[6.120067,50.798828],[6.120826,50.798644],[6.121905,50.798208],[6.122181,50.798125],[6.123402,50.797905]],[[6.116437,50.799797],[6.116858,50.799758],[6.117168,50.799681],[6.119273,50.798998],[6.120067,50.798828]],[[6.116225,50.799865],[6.116437,50.799797]],[[6.116149,50.799906],[6.116225,50.799865]]]},"id":1459},{"type":"Feature","properties":{"id":"1wmvup4","name":"Butzweide","kind":"minor","district":"richterich","level":"richterich-3","importance":1071,"center":[6.0635,50.813383],"length":141},"geometry":{"type":"MultiLineString","coordinates":[[[6.063943,50.813658],[6.063081,50.813107]],[[6.063475,50.813368],[6.064008,50.813003]]]},"id":1460},{"type":"Feature","properties":{"id":"1wpfiw3","name":"Dellstraße","kind":"minor","district":"richterich","level":"richterich-2","importance":1214,"center":[6.060767,50.818054],"length":428},"geometry":{"type":"MultiLineString","coordinates":[[[6.061689,50.816873],[6.061384,50.817195],[6.060895,50.817901],[6.060638,50.818206]],[[6.061148,50.817504],[6.061942,50.817853],[6.062012,50.817939]],[[6.060638,50.818206],[6.060217,50.818774],[6.058728,50.818378]]]},"id":1461},{"type":"Feature","properties":{"id":"1wqddu0","name":"Maarwinkel","kind":"minor","district":"eilendorf","level":"eilendorf-3","importance":1195,"center":[6.160918,50.772636],"length":390},"geometry":{"type":"MultiLineString","coordinates":[[[6.159375,50.77307],[6.159828,50.772852],[6.160177,50.772743],[6.160585,50.772666],[6.161083,50.772629],[6.162151,50.772703],[6.16245,50.772682],[6.163004,50.772527]],[[6.160177,50.772743],[6.160064,50.772543],[6.160173,50.772521],[6.160398,50.772391],[6.160643,50.772375],[6.160836,50.772432],[6.160963,50.77243],[6.160988,50.772634]]]},"id":1462},{"type":"Feature","properties":{"id":"1wuolhh","name":"Laurensberger Straße","kind":"major","district":"laurensberg","level":"laurensberg-2","importance":4000,"center":[6.042003,50.815846],"length":3533},"geometry":{"type":"MultiLineString","coordinates":[[[6.040583,50.818697],[6.041518,50.816929],[6.041832,50.816203],[6.042184,50.815521],[6.042462,50.814805]],[[6.044456,50.809801],[6.045053,50.808314],[6.045223,50.807998]],[[6.04578,50.807236],[6.047009,50.805818],[6.047258,50.805492],[6.047442,50.805147]],[[6.047442,50.805147],[6.047572,50.804792],[6.047627,50.804437]],[[6.040583,50.818697],[6.039845,50.820299],[6.03958,50.82072],[6.038306,50.822367],[6.037519,50.823237],[6.035764,50.825279],[6.035531,50.825597]],[[6.04855,50.801269],[6.049236,50.800786]],[[6.047579,50.803706],[6.047525,50.803239],[6.047549,50.802817],[6.047653,50.802477],[6.047881,50.80201],[6.04817,50.801619],[6.04855,50.801269]],[[6.03376,50.827877],[6.032289,50.829627],[6.031952,50.830109],[6.031918,50.830218]],[[6.047627,50.804437],[6.047579,50.803706]],[[6.045223,50.807998],[6.045401,50.807722]],[[6.044316,50.810153],[6.04441,50.809919]],[[6.043237,50.813183],[6.043834,50.811423],[6.044316,50.810153]],[[6.045401,50.807722],[6.045622,50.807422]],[[6.045622,50.807422],[6.04578,50.807236]],[[6.042462,50.814805],[6.042691,50.8143],[6.043053,50.813834],[6.043237,50.813183]],[[6.034796,50.82647],[6.034629,50.826645],[6.03376,50.827877]],[[6.035531,50.825597],[6.034796,50.82647]],[[6.04441,50.809919],[6.044456,50.809801]]]},"id":1463},{"type":"Feature","properties":{"id":"1wvo9xq","name":"Ronheider Weg","kind":"minor","district":"aachen-mitte","level":"aachen-mitte-27","importance":1594,"center":[6.078643,50.753984],"length":1188},"geometry":{"type":"MultiLineString","coordinates":[[[6.072759,50.750438],[6.072838,50.750489]],[[6.072838,50.750489],[6.074466,50.751134],[6.074875,50.751352],[6.075797,50.751985],[6.076218,50.752234],[6.077625,50.752903],[6.077966,50.753102],[6.07842,50.75354],[6.079138,50.754975],[6.079482,50.75532],[6.079807,50.755551],[6.080387,50.75582],[6.080783,50.755935],[6.081002,50.755979],[6.081793,50.756047],[6.08211,50.756107],[6.08387,50.756999]],[[6.08387,50.756999],[6.083967,50.757153],[6.084064,50.757496]],[[6.084064,50.757496],[6.084096,50.757635]]]},"id":1464},{"type":"Feature","properties":{"id":"1wz4q1g","name":"Unterer Backertsweg","kind":"path","district":"aachen-mitte","level":"aachen-mitte-40","importance":155,"center":[6.051221,50.741241],"length":310},"geometry":{"type":"MultiLineString","coordinates":[[[6.049807,50.742282],[6.050214,50.742071],[6.050731,50.741721]],[[6.05162,50.740741],[6.051789,50.740496],[6.052164,50.740101]],[[6.050731,50.741721],[6.050978,50.741504],[6.051525,50.740887]],[[6.051525,50.740887],[6.05162,50.740741]],[[6.052164,50.740101],[6.05225,50.740001]]]},"id":1465},{"type":"Feature","properties":{"id":"1wzgjnr","name":"Hunsrückweg","kind":"minor","district":"kornelimuenster-walheim","level":"kornelimuenster-walheim-3","importance":1100,"center":[6.169562,50.687921],"length":201},"geometry":{"type":"MultiLineString","coordinates":[[[6.170512,50.687822],[6.170181,50.68773],[6.170068,50.68774],[6.169056,50.688102],[6.168616,50.688293]],[[6.168616,50.688293],[6.168234,50.688482],[6.168166,50.688595]]]},"id":1466},{"type":"Feature","properties":{"id":"1x03nug","name":"Weißhausstraße","kind":"minor","district":"aachen-mitte","level":"aachen-mitte-22","importance":1244,"center":[6.081475,50.757413],"length":489},"geometry":{"type":"MultiLineString","coordinates":[[[6.078845,50.757824],[6.079467,50.75782],[6.080049,50.757678]],[[6.079467,50.75782],[6.079405,50.757903],[6.07904,50.758121]],[[6.07904,50.758121],[6.078932,50.758192]],[[6.080049,50.757678],[6.080896,50.757468],[6.081377,50.757412],[6.081949,50.757441],[6.082964,50.757638],[6.083268,50.757668],[6.084096,50.757635]],[[6.084357,50.757613],[6.084806,50.757562]],[[6.084096,50.757635],[6.084357,50.757613]]]},"id":1467},{"type":"Feature","properties":{"id":"1x0jh00","name":"An den Wurmquellen","kind":"minor","district":"aachen-mitte","level":"aachen-mitte-34","importance":1128,"center":[6.084213,50.742719],"length":256},"geometry":{"type":"LineString","coordinates":[[6.084009,50.744036],[6.084227,50.743606],[6.084298,50.743287],[6.084177,50.742436],[6.083793,50.741805]]},"id":1468},{"type":"Feature","properties":{"id":"1x2qgcx","name":"Cockerillpark","kind":"minor","district":"eilendorf","level":"eilendorf-5","importance":1198,"center":[6.17516,50.778612],"length":396},"geometry":{"type":"MultiLineString","coordinates":[[[6.174626,50.778757],[6.175398,50.77899]],[[6.174818,50.778505],[6.175501,50.778719]],[[6.174459,50.778979],[6.175315,50.777862],[6.17542,50.777532]],[[6.175183,50.77923],[6.174835,50.779129],[6.174688,50.779139]],[[6.174688,50.779139],[6.174459,50.778979]],[[6.17558,50.778436],[6.175005,50.778267]]]},"id":1469},{"type":"Feature","properties":{"id":"1x4ul4f","name":"Kleebachstraße","kind":"minor","district":"eilendorf","level":"eilendorf-2","importance":1190,"center":[6.152161,50.774384],"length":380},"geometry":{"type":"LineString","coordinates":[[6.151842,50.772623],[6.152459,50.77602]]},"id":1470},{"type":"Feature","properties":{"id":"1x59bdx","name":"Falkenberg","kind":"minor","district":"kornelimuenster-walheim","level":"kornelimuenster-walheim-3","importance":1167,"center":[6.171395,50.688995],"length":335},"geometry":{"type":"MultiLineString","coordinates":[[[6.169624,50.688776],[6.169916,50.688819],[6.171173,50.688828],[6.171957,50.689465],[6.172048,50.689676]],[[6.171173,50.688828],[6.171357,50.688802],[6.171805,50.688626],[6.172029,50.688655],[6.172218,50.68858],[6.172313,50.688592],[6.17255,50.688718]]]},"id":1471},{"type":"Feature","properties":{"id":"1xb4xmp","name":"Hermann-Löns-Straße","kind":"minor","district":"brand","level":"brand-3","importance":1563,"center":[6.166142,50.756851],"length":1127},"geometry":{"type":"MultiLineString","coordinates":[[[6.163461,50.754171],[6.162536,50.752616]],[[6.162536,50.752616],[6.162381,50.752404]],[[6.169578,50.7605],[6.168971,50.760058],[6.167517,50.758227],[6.163461,50.754171]],[[6.170491,50.761055],[6.169578,50.7605]]]},"id":1472},{"type":"Feature","properties":{"id":"1xeoxkr","name":"Jupp-Müller-Straße","kind":"minor","district":"aachen-mitte","level":"aachen-mitte-19","importance":1070,"center":[6.069742,50.786348],"length":141},"geometry":{"type":"MultiLineString","coordinates":[[[6.070352,50.786849],[6.070242,50.78678]],[[6.070242,50.78678],[6.069355,50.786],[6.069102,50.785872]]]},"id":1473},{"type":"Feature","properties":{"id":"1xf75lt","name":"Gustav-Freytag-Straße","kind":"minor","district":"aachen-mitte","level":"aachen-mitte-37","importance":1052,"center":[6.144075,50.75101],"length":104},"geometry":{"type":"LineString","coordinates":[[6.143427,50.751231],[6.144723,50.750789]]},"id":1474},{"type":"Feature","properties":{"id":"1xjfacm","name":"Mozartstraße","kind":"major","district":"aachen-mitte","level":"aachen-mitte-5","importance":3228,"center":[6.083064,50.766914],"length":456},"geometry":{"type":"MultiLineString","coordinates":[[[6.082215,50.766271],[6.082818,50.766701],[6.08334,50.767203],[6.083604,50.767556],[6.083749,50.767997]],[[6.081619,50.765899],[6.082047,50.766152]],[[6.083749,50.767997],[6.083855,50.76811],[6.083976,50.768523]],[[6.083832,50.768547],[6.083722,50.768125],[6.083749,50.767997]],[[6.081153,50.765571],[6.081281,50.765695],[6.081619,50.765899]],[[6.082047,50.766152],[6.082215,50.766271]]]},"id":1475},{"type":"Feature","properties":{"id":"1xl9i4w","name":"Werkstraße","kind":"minor","district":"kornelimuenster-walheim","level":"kornelimuenster-walheim-5","importance":1263,"center":[6.137385,50.71281],"length":525},"geometry":{"type":"MultiLineString","coordinates":[[[6.136819,50.713247],[6.135666,50.712684],[6.136108,50.712304]],[[6.139249,50.711557],[6.138241,50.71234],[6.137926,50.712438],[6.137317,50.712856],[6.136757,50.713299]],[[6.135568,50.712705],[6.136757,50.713299]]]},"id":1476},{"type":"Feature","properties":{"id":"1xmxqm0","name":"Totleger","kind":"minor","district":"kornelimuenster-walheim","level":"kornelimuenster-walheim-5","importance":1184,"center":[6.121075,50.708034],"length":369},"geometry":{"type":"LineString","coordinates":[[6.12338,50.707266],[6.121457,50.707962],[6.120626,50.708113],[6.120208,50.708257],[6.119242,50.708647],[6.118888,50.708899]]},"id":1477},{"type":"Feature","properties":{"id":"1xmzlaf","name":"Kastanienweg","kind":"minor","district":"laurensberg","level":"laurensberg-3","importance":1069,"center":[6.053748,50.78512],"length":138},"geometry":{"type":"LineString","coordinates":[[6.054609,50.785532],[6.053991,50.785146],[6.053191,50.785111],[6.052926,50.785172]]},"id":1478},{"type":"Feature","properties":{"id":"1xorqyv","name":"Paul-Röntgen-Straße","kind":"minor","district":"aachen-mitte","level":"aachen-mitte-19","importance":1109,"center":[6.073826,50.782614],"length":219},"geometry":{"type":"MultiLineString","coordinates":[[[6.074233,50.782385],[6.074146,50.782412],[6.072734,50.783297]],[[6.074952,50.782842],[6.074233,50.782385]]]},"id":1479},{"type":"Feature","properties":{"id":"1xoyql8","name":"Middeldorfstraße","kind":"minor","district":"aachen-mitte","level":"aachen-mitte-27","importance":1168,"center":[6.089033,50.756386],"length":336},"geometry":{"type":"MultiLineString","coordinates":[[[6.088684,50.755],[6.088762,50.755104],[6.088917,50.755531]],[[6.088826,50.755545],[6.089083,50.756653],[6.088993,50.756909],[6.089126,50.757994]]]},"id":1480},{"type":"Feature","properties":{"id":"1xp207k","name":"Eselsweg","kind":"path","district":"aachen-mitte","level":"aachen-mitte-39","importance":21,"center":[6.11204,50.758457],"length":42},"geometry":{"type":"LineString","coordinates":[[6.112043,50.75866],[6.112041,50.758439],[6.112196,50.758324]]},"id":1481},{"type":"Feature","properties":{"id":"1xpvk1l","name":"Prager Ring","kind":"major","district":"aachen-mitte","level":"aachen-mitte-8","importance":4000,"center":[6.111906,50.795537],"length":2009},"geometry":{"type":"MultiLineString","coordinates":[[[6.105512,50.798831],[6.105924,50.798664]],[[6.118923,50.7919],[6.118865,50.791944]],[[6.109814,50.797792],[6.108888,50.797043]],[[6.118775,50.791865],[6.118822,50.791822]],[[6.116074,50.793418],[6.114436,50.794292]],[[6.111055,50.796005],[6.109007,50.797028],[6.108888,50.797043]],[[6.116927,50.792955],[6.116959,50.79288],[6.117309,50.79268],[6.117429,50.792673]],[[6.106989,50.79815],[6.106938,50.79824],[6.106666,50.798402]],[[6.105631,50.798922],[6.105459,50.798984]],[[6.108442,50.797303],[6.107721,50.797728]],[[6.106844,50.798163],[6.106989,50.79815]],[[6.108888,50.797043],[6.108926,50.796969],[6.110797,50.796024]],[[6.113319,50.79491],[6.112535,50.795282],[6.112331,50.795333]],[[6.106666,50.798402],[6.105789,50.798863]],[[6.118035,50.792286],[6.118687,50.791926]],[[6.118764,50.792003],[6.118129,50.792352],[6.117983,50.792377]],[[6.112545,50.79517],[6.113745,50.794585],[6.113872,50.794578]],[[6.113872,50.794578],[6.113821,50.794647],[6.113319,50.79491]],[[6.112331,50.795333],[6.112403,50.79524],[6.112545,50.79517]],[[6.111708,50.795633],[6.111659,50.795709],[6.111055,50.796005]],[[6.110797,50.796024],[6.111593,50.795636],[6.111708,50.795633]],[[6.112149,50.795422],[6.111708,50.795633]],[[6.108888,50.797043],[6.108442,50.797303]],[[6.107721,50.797728],[6.107551,50.797827]],[[6.105924,50.798664],[6.106844,50.798163]],[[6.107551,50.797827],[6.106989,50.79815]],[[6.116927,50.792955],[6.116074,50.793418]],[[6.117983,50.792377],[6.118035,50.792286]],[[6.117398,50.792742],[6.117038,50.792939],[6.116927,50.792955]],[[6.117429,50.792673],[6.117398,50.792742]],[[6.117429,50.792673],[6.117983,50.792377]],[[6.105789,50.798863],[6.105631,50.798922]],[[6.112331,50.795333],[6.112149,50.795422]],[[6.118865,50.791944],[6.118764,50.792003]],[[6.118687,50.791926],[6.118775,50.791865]],[[6.114436,50.794292],[6.113872,50.794578]]]},"id":1482},{"type":"Feature","properties":{"id":"1xqnt21","name":"Burgstraße","kind":"minor","district":"laurensberg","level":"laurensberg-7","importance":1591,"center":[6.030238,50.76605],"length":1183},"geometry":{"type":"MultiLineString","coordinates":[[[6.026991,50.767468],[6.027517,50.767832]],[[6.032663,50.766416],[6.035064,50.76638],[6.036148,50.766439],[6.036548,50.766382],[6.036916,50.766294],[6.037005,50.766244]],[[6.024953,50.769011],[6.025002,50.76894],[6.025413,50.768731],[6.026135,50.768214],[6.026584,50.767744],[6.028978,50.766091],[6.029265,50.765949],[6.029632,50.765897],[6.029935,50.765934],[6.030132,50.765997],[6.030712,50.766311],[6.030966,50.766375],[6.032663,50.766416]],[[6.027092,50.767399],[6.026071,50.766755]]]},"id":1483},{"type":"Feature","properties":{"id":"1xt0n2e","name":"Grindelweg","kind":"minor","district":"aachen-mitte","level":"aachen-mitte-34","importance":1395,"center":[6.082513,50.740647],"length":791},"geometry":{"type":"MultiLineString","coordinates":[[[6.079409,50.742938],[6.079932,50.742617],[6.080287,50.74219],[6.081228,50.741247],[6.081863,50.740815],[6.082226,50.740669]],[[6.082226,50.740669],[6.082806,50.740629],[6.083488,50.740518],[6.084268,50.740627],[6.084587,50.7407],[6.085348,50.741066],[6.085901,50.741611],[6.086055,50.741707]],[[6.085534,50.741222],[6.086178,50.740969]],[[6.079928,50.74127],[6.080667,50.741804]],[[6.086055,50.741707],[6.086149,50.741742]]]},"id":1484},{"type":"Feature","properties":{"id":"1xu1u62","name":"Schwester-Zita-Weg","kind":"path","district":"haaren","level":"haaren-5","importance":26,"center":[6.157739,50.793457],"length":53},"geometry":{"type":"LineString","coordinates":[[6.157201,50.793416],[6.15755,50.793481],[6.157928,50.793433]]},"id":1485},{"type":"Feature","properties":{"id":"1xu8xhj","name":"Kleinheidstraße","kind":"minor","district":"haaren","level":"haaren-2","importance":1265,"center":[6.157727,50.798112],"length":529},"geometry":{"type":"MultiLineString","coordinates":[[[6.154922,50.797352],[6.155451,50.797552],[6.156904,50.797757],[6.157754,50.798064]],[[6.157754,50.798064],[6.159569,50.798472],[6.160444,50.798699],[6.160879,50.79886]],[[6.157754,50.798064],[6.157705,50.798225],[6.158059,50.798562]],[[6.154785,50.797296],[6.154922,50.797352]]]},"id":1486},{"type":"Feature","properties":{"id":"1xwvkm5","name":"Josef-Büchel-Straße","kind":"minor","district":"kornelimuenster-walheim","level":"kornelimuenster-walheim-4","importance":1142,"center":[6.181262,50.711573],"length":283},"geometry":{"type":"MultiLineString","coordinates":[[[6.182214,50.710807],[6.181913,50.711028],[6.18148,50.711627],[6.181044,50.711519],[6.180803,50.711878],[6.180576,50.712077]],[[6.181262,50.711182],[6.181696,50.7113]],[[6.181044,50.711519],[6.181262,50.711182]]]},"id":1487},{"type":"Feature","properties":{"id":"1xxgkq3","name":"Am Büschchen","kind":"minor","district":"laurensberg","level":"laurensberg-6","importance":1187,"center":[6.05875,50.800093],"length":374},"geometry":{"type":"MultiLineString","coordinates":[[[6.059906,50.800136],[6.059163,50.799784]],[[6.059196,50.799739],[6.058678,50.799471],[6.058592,50.799456]],[[6.057337,50.799867],[6.057879,50.800538],[6.058259,50.800451],[6.059196,50.799739]],[[6.059196,50.799739],[6.059356,50.799622],[6.059419,50.799614],[6.059626,50.799706]]]},"id":1488},{"type":"Feature","properties":{"id":"1xxqt2h","name":"Pannekogweg","kind":"minor","district":"kornelimuenster-walheim","level":"kornelimuenster-walheim-3","importance":1360,"center":[6.187885,50.701177],"length":720},"geometry":{"type":"MultiLineString","coordinates":[[[6.184823,50.699069],[6.184746,50.698982]],[[6.184746,50.698982],[6.184601,50.698882],[6.184102,50.698871],[6.183993,50.698846]],[[6.185159,50.699563],[6.184823,50.699069]],[[6.188381,50.701521],[6.187534,50.700941],[6.186742,50.700553],[6.186093,50.700318],[6.185771,50.700124],[6.185159,50.699563]],[[6.191211,50.703189],[6.188381,50.701521]]]},"id":1489},{"type":"Feature","properties":{"id":"1xy4e54","name":"Kupferstraße","kind":"minor","district":"aachen-mitte","level":"aachen-mitte-15","importance":1178,"center":[6.083577,50.783525],"length":356},"geometry":{"type":"MultiLineString","coordinates":[[[6.082858,50.782513],[6.082722,50.782656],[6.082689,50.782794]],[[6.082689,50.782794],[6.082122,50.782633]],[[6.082689,50.782794],[6.083109,50.783131]],[[6.084052,50.783928],[6.084241,50.784107],[6.084378,50.784316],[6.084461,50.784641]],[[6.084461,50.784641],[6.084499,50.784948]],[[6.083109,50.783131],[6.084052,50.783928]]]},"id":1490},{"type":"Feature","properties":{"id":"1xybjzt","name":"Holunderweg","kind":"minor","district":"kornelimuenster-walheim","level":"kornelimuenster-walheim-5","importance":1211,"center":[6.129344,50.71274],"length":423},"geometry":{"type":"MultiLineString","coordinates":[[[6.129732,50.712809],[6.130139,50.712916]],[[6.128502,50.712556],[6.128339,50.712861]],[[6.128054,50.712458],[6.127889,50.712765]],[[6.130526,50.71169],[6.130059,50.712254],[6.129732,50.712809],[6.127695,50.712394]],[[6.130374,50.712525],[6.129982,50.71239]]]},"id":1491},{"type":"Feature","properties":{"id":"1xyl8pw","name":"Am Dorbach","kind":"minor","district":"aachen-mitte","level":"aachen-mitte-34","importance":1093,"center":[6.086853,50.744037],"length":186},"geometry":{"type":"LineString","coordinates":[[6.086199,50.743208],[6.086231,50.743461],[6.086272,50.743511],[6.087433,50.744564],[6.087461,50.744643]]},"id":1492},{"type":"Feature","properties":{"id":"1y1170k","name":"Hohenzollernplatz","kind":"square","district":"aachen-mitte","level":"aachen-mitte-7","importance":3000,"center":[6.112513,50.776015],"length":0},"geometry":{"type":"Polygon","coordinates":[[[6.112522,50.775818],[6.112481,50.775815],[6.112445,50.775838],[6.112455,50.775936],[6.112322,50.776176],[6.11262,50.776303],[6.112647,50.776276],[6.112587,50.776002],[6.112727,50.775897],[6.112684,50.775856],[6.112522,50.775818]]]},"id":1493},{"type":"Feature","properties":{"id":"1y47gi8","name":"Reimanstraße","kind":"minor","district":"aachen-mitte","level":"aachen-mitte-17","importance":1098,"center":[6.100341,50.778665],"length":196},"geometry":{"type":"LineString","coordinates":[[6.101398,50.779205],[6.099237,50.778093]]},"id":1494},{"type":"Feature","properties":{"id":"1y6apoc","name":"Robert-Schuman-Straße","kind":"major","district":"aachen-mitte","level":"aachen-mitte-8","importance":3393,"center":[6.095462,50.755327],"length":786},"geometry":{"type":"MultiLineString","coordinates":[[[6.098099,50.752415],[6.097768,50.752779]],[[6.094541,50.75634],[6.094395,50.756535],[6.094322,50.756777],[6.094387,50.757009],[6.094772,50.75743],[6.094855,50.757587],[6.094856,50.757929],[6.09471,50.758478]],[[6.096025,50.754722],[6.095246,50.755579]],[[6.097768,50.752779],[6.097612,50.752941]],[[6.09471,50.758478],[6.094629,50.758768]],[[6.095246,50.755579],[6.094541,50.75634]],[[6.097612,50.752941],[6.096965,50.753706],[6.096025,50.754722]]]},"id":1495},{"type":"Feature","properties":{"id":"1y6zbzs","name":"Matthiashofstraße","kind":"minor","district":"aachen-mitte","level":"aachen-mitte-10","importance":1143,"center":[6.082857,50.770695],"length":286},"geometry":{"type":"MultiLineString","coordinates":[[[6.081295,50.770779],[6.08138,50.770779]],[[6.082537,50.771021],[6.082624,50.771039],[6.08268,50.770957]],[[6.082926,50.770592],[6.083005,50.770659],[6.084658,50.771061]],[[6.08138,50.770779],[6.082537,50.771021]],[[6.082787,50.770797],[6.082926,50.770592]],[[6.08268,50.770957],[6.082787,50.770797]]]},"id":1496},{"type":"Feature","properties":{"id":"1ye9l47","name":"Augustinergasse","kind":"minor","district":"aachen-mitte","level":"aachen-mitte-9","importance":1083,"center":[6.081754,50.776313],"length":167},"geometry":{"type":"LineString","coordinates":[[6.080909,50.77585],[6.081865,50.776373],[6.082247,50.77652],[6.082734,50.776799]]},"id":1497},{"type":"Feature","properties":{"id":"1yezsxb","name":"Kirberichshofer Weg","kind":"minor","district":"aachen-mitte","level":"aachen-mitte-20","importance":1116,"center":[6.108596,50.77353],"length":232},"geometry":{"type":"LineString","coordinates":[[6.109631,50.772701],[6.109522,50.772869],[6.10767,50.774192],[6.107652,50.774326]]},"id":1498},{"type":"Feature","properties":{"id":"1yiajvj","name":"Forum","kind":"minor","district":"richterich","level":"richterich-2","importance":1483,"center":[6.020659,50.830954],"length":965},"geometry":{"type":"MultiLineString","coordinates":[[[6.020481,50.829176],[6.020171,50.828264]],[[6.020481,50.829176],[6.020869,50.829157],[6.021419,50.829242],[6.021899,50.829473],[6.022027,50.829594],[6.022135,50.829732],[6.022227,50.830037],[6.022142,50.83036],[6.021929,50.830632]],[[6.021929,50.830632],[6.023213,50.831272]],[[6.019544,50.830484],[6.01808,50.830979]],[[6.021929,50.830632],[6.021704,50.83076],[6.021193,50.830926],[6.0206,50.830954],[6.020316,50.830911],[6.020055,50.830831],[6.019821,50.830717],[6.019544,50.830484]],[[6.019544,50.830484],[6.019453,50.830358],[6.019381,50.830112],[6.019435,50.829791],[6.019548,50.829605],[6.019749,50.829447],[6.019995,50.82932],[6.020481,50.829176]]]},"id":1499},{"type":"Feature","properties":{"id":"1yixub6","name":"Albert-Schweitzer-Straße","kind":"minor","district":"brand","level":"brand-5","importance":1206,"center":[6.164938,50.743266],"length":412},"geometry":{"type":"MultiLineString","coordinates":[[[6.163932,50.745083],[6.16385,50.744752],[6.163932,50.744387]],[[6.163932,50.744387],[6.164231,50.743921],[6.164863,50.74331],[6.165464,50.742921],[6.166903,50.742113]]]},"id":1500},{"type":"Feature","properties":{"id":"1ykhkkc","name":"Langenbruchweg","kind":"minor","district":"haaren","level":"haaren-5","importance":1178,"center":[6.126128,50.789671],"length":356},"geometry":{"type":"LineString","coordinates":[[6.128391,50.790293],[6.126899,50.789553],[6.126739,50.78952],[6.12656,50.789538],[6.125696,50.789804],[6.125479,50.789932],[6.125418,50.790003],[6.125203,50.790319],[6.125193,50.790407],[6.125542,50.790819]]},"id":1501},{"type":"Feature","properties":{"id":"1ynyegz","name":"Breslauer Straße","kind":"major","district":"aachen-mitte","level":"aachen-mitte-7","importance":3576,"center":[6.121514,50.780167],"length":1151},"geometry":{"type":"MultiLineString","coordinates":[[[6.114762,50.777237],[6.115213,50.777411]],[[6.124133,50.781225],[6.124613,50.781505],[6.126706,50.782909]],[[6.127064,50.783209],[6.126779,50.783001]],[[6.126849,50.782949],[6.127159,50.78311]],[[6.127204,50.783296],[6.127064,50.783209]],[[6.121786,50.780264],[6.123041,50.780715]],[[6.120781,50.779902],[6.121242,50.780069]],[[6.117043,50.778269],[6.117536,50.778518]],[[6.121242,50.780069],[6.121786,50.780264]],[[6.120522,50.779807],[6.120781,50.779902]],[[6.123688,50.78099],[6.124133,50.781225]],[[6.123041,50.780715],[6.123688,50.78099]],[[6.117536,50.778518],[6.118084,50.778775]],[[6.126706,50.782909],[6.126849,50.782949]],[[6.126779,50.783001],[6.126706,50.782909]],[[6.115831,50.777676],[6.117043,50.778269]],[[6.115213,50.777411],[6.115762,50.777644]],[[6.118803,50.779097],[6.119485,50.779395]],[[6.119485,50.779395],[6.120269,50.779708]],[[6.118084,50.778775],[6.118803,50.779097]],[[6.115762,50.777644],[6.115831,50.777676]],[[6.120269,50.779708],[6.120522,50.779807]]]},"id":1502},{"type":"Feature","properties":{"id":"1yp9yaa","name":"Auguste-von-Sartorius-Weg","kind":"minor","district":"aachen-mitte","level":"aachen-mitte-33","importance":1091,"center":[6.122792,50.770286],"length":181},"geometry":{"type":"MultiLineString","coordinates":[[[6.123027,50.770482],[6.122805,50.770312],[6.122785,50.770172],[6.123322,50.769868]],[[6.12256,50.770522],[6.122236,50.770292]],[[6.122569,50.770757],[6.122529,50.770564],[6.122805,50.770312]]]},"id":1503},{"type":"Feature","properties":{"id":"1ypk7gm","name":"Hiroshimaplatz","kind":"square","district":"aachen-mitte","level":"aachen-mitte-2","importance":3000,"center":[6.085679,50.777648],"length":0},"geometry":{"type":"Polygon","coordinates":[[[6.085511,50.777682],[6.085575,50.777571],[6.08583,50.777613],[6.085808,50.777659],[6.085672,50.777715],[6.085511,50.777682]]]},"id":1504},{"type":"Feature","properties":{"id":"1yslr3u","name":"Bogenstraße","kind":"minor","district":"haaren","level":"haaren-3","importance":1234,"center":[6.129546,50.797846],"length":469},"geometry":{"type":"MultiLineString","coordinates":[[[6.129033,50.799763],[6.13,50.799123],[6.130118,50.798883],[6.130045,50.798624],[6.129782,50.798153],[6.129478,50.797765],[6.129148,50.797445]],[[6.129148,50.797445],[6.128623,50.797115],[6.128488,50.796708]],[[6.128488,50.796708],[6.128344,50.796106]]]},"id":1505},{"type":"Feature","properties":{"id":"1ysrhrp","name":"Abteiblick","kind":"path","district":"aachen-mitte","level":"aachen-mitte-38","importance":52,"center":[6.089281,50.764012],"length":105},"geometry":{"type":"MultiLineString","coordinates":[[[6.088876,50.763943],[6.089071,50.763904],[6.08938,50.764068],[6.089633,50.764374]],[[6.088686,50.763984],[6.088876,50.763943]],[[6.088552,50.763994],[6.088686,50.763984]]]},"id":1506},{"type":"Feature","properties":{"id":"1ytawvs","name":"Damaschkestraße","kind":"minor","district":"aachen-mitte","level":"aachen-mitte-31","importance":1126,"center":[6.107518,50.754888],"length":251},"geometry":{"type":"LineString","coordinates":[[6.108087,50.756079],[6.108109,50.75581],[6.107857,50.754888],[6.106197,50.754906]]},"id":1507},{"type":"Feature","properties":{"id":"1yu2hgk","name":"Brahmsstraße","kind":"minor","district":"brand","level":"brand-3","importance":1065,"center":[6.164746,50.756407],"length":129},"geometry":{"type":"LineString","coordinates":[[6.165408,50.756145],[6.165003,50.756318],[6.163807,50.756711]]},"id":1508},{"type":"Feature","properties":{"id":"1yub87b","name":"Lonweg","kind":"minor","district":"richterich","level":"richterich-4","importance":1088,"center":[6.062146,50.808454],"length":177},"geometry":{"type":"LineString","coordinates":[[6.061716,50.809096],[6.061689,50.808543],[6.061738,50.808452],[6.061868,50.808427],[6.062256,50.808466],[6.062646,50.80842],[6.06275,50.808372],[6.062763,50.808314],[6.062674,50.808106]]},"id":1509},{"type":"Feature","properties":{"id":"1yvbb6l","name":"Galaterstraße","kind":"square","district":"laurensberg","level":"laurensberg-1","importance":3000,"center":[6.041027,50.766673],"length":0},"geometry":{"type":"Polygon","coordinates":[[[6.041009,50.766704],[6.040996,50.766655],[6.041043,50.76665],[6.041053,50.766697],[6.041009,50.766704]]]},"id":1510},{"type":"Feature","properties":{"id":"1yw68y3","name":"Im Klostergarten","kind":"minor","district":"aachen-mitte","level":"aachen-mitte-25","importance":1104,"center":[6.097934,50.764309],"length":207},"geometry":{"type":"MultiLineString","coordinates":[[[6.098721,50.764271],[6.098325,50.76444],[6.09807,50.764618]],[[6.098189,50.764529],[6.097375,50.763804]],[[6.09768,50.764088],[6.098236,50.763837]]]},"id":1511},{"type":"Feature","properties":{"id":"1yx01im","name":"Hasbach","kind":"minor","district":"kornelimuenster-walheim","level":"kornelimuenster-walheim-2","importance":1240,"center":[6.172298,50.704996],"length":480},"geometry":{"type":"MultiLineString","coordinates":[[[6.16977,50.704148],[6.169808,50.704489],[6.170011,50.704638],[6.170932,50.704788],[6.171964,50.704908],[6.173212,50.70524],[6.1745,50.706023],[6.174911,50.70616]],[[6.169777,50.703927],[6.16977,50.704148]]]},"id":1512},{"type":"Feature","properties":{"id":"1yxe05r","name":"Bastogne City","kind":"minor","district":"aachen-mitte","level":"aachen-mitte-27","importance":1060,"center":[6.088608,50.755575],"length":119},"geometry":{"type":"LineString","coordinates":[[6.087786,50.75569],[6.089441,50.755452]]},"id":1513},{"type":"Feature","properties":{"id":"1yxmqn0","name":"Lindenplatz","kind":"minor","district":"aachen-mitte","level":"aachen-mitte-12","importance":1090,"center":[6.078356,50.775216],"length":179},"geometry":{"type":"MultiLineString","coordinates":[[[6.07846,50.775568],[6.078561,50.775536],[6.07866,50.775544]],[[6.07866,50.775544],[6.07885,50.775618]],[[6.077882,50.77513],[6.078396,50.77552]],[[6.078102,50.775021],[6.078636,50.775437]],[[6.078404,50.775588],[6.07846,50.775568]],[[6.077982,50.775078],[6.077882,50.77513]],[[6.0779,50.775024],[6.077982,50.775078],[6.078102,50.775021]]]},"id":1514},{"type":"Feature","properties":{"id":"1yxs42z","name":"Strüverwinkel","kind":"minor","district":"laurensberg","level":"laurensberg-8","importance":1069,"center":[6.084436,50.791762],"length":137},"geometry":{"type":"MultiLineString","coordinates":[[[6.084201,50.792133],[6.084625,50.792006],[6.084246,50.791519]],[[6.084625,50.792006],[6.085046,50.791895]],[[6.084094,50.791566],[6.084246,50.791519]]]},"id":1515},{"type":"Feature","properties":{"id":"1yzff5r","name":"Gregorstraße","kind":"minor","district":"aachen-mitte","level":"aachen-mitte-22","importance":1111,"center":[6.091819,50.760494],"length":222},"geometry":{"type":"MultiLineString","coordinates":[[[6.092679,50.75968],[6.091868,50.760448]],[[6.091868,50.760448],[6.090938,50.761348]]]},"id":1516},{"type":"Feature","properties":{"id":"1z0npuw","name":"Aachener-und-Münchener-Allee","kind":"major","district":"aachen-mitte","level":"aachen-mitte-5","importance":3161,"center":[6.07421,50.760509],"length":323},"geometry":{"type":"MultiLineString","coordinates":[[[6.075422,50.759145],[6.074059,50.760682],[6.07384,50.761026]],[[6.07384,50.761026],[6.073741,50.761279],[6.073686,50.761602]],[[6.073686,50.761602],[6.073674,50.761787]]]},"id":1517}]}
